
Running 273 tests using 2 workers

  ok   2 [desktop] › tests\geoportal-ant-layer.spec.js:32:1 › no descarga puntos ANT antes de activar la capa (3.1s)
  ok   1 [desktop] › tests\fase10-e4.spec.js:51:1 › E4 limita los paneles y mantiene el scroll en su contenido (4.3s)
  ok   4 [desktop] › tests\fase10-e4.spec.js:143:1 › E4 aumenta el área útil con el mismo cálculo territorial (3.7s)
BROWSER CONSOLE: [GA4] Entorno local/pruebas detectado (127.0.0.1). No se envía telemetría a Google Analytics.
BROWSER CONSOLE: [GA4] Entorno local/pruebas detectado (127.0.0.1). No se envía telemetría a Google Analytics.
  ok   3 [desktop] › tests\geoportal-ant-layer.spec.js:44:1 › el perfil focused conserva la vista macro y afina ciudad y calle (9.5s)
BROWSER CONSOLE: [GA4] Entorno local/pruebas detectado (127.0.0.1). No se envía telemetría a Google Analytics.
  ok   6 [desktop] › tests\geoportal-ant-layer.spec.js:70:1 › aviso accesible explica el ajuste al último año disponible (4.2s)
  ok   5 [desktop] › tests\geoportal-improvements.spec.js:48:9 › Observatory Improvements (Blocks B, C, D, E) › Block B: Guided Tour › tour appears on first visit, can be closed and reopened (17.3s)
  ok   7 [desktop] › tests\geoportal-ant-layer.spec.js:85:1 › Calor carga el compacto y los tres modos reutilizan datos sin descargas duplicadas (8.5s)
BROWSER CONSOLE: [GA4] Entorno local/pruebas detectado (127.0.0.1). No se envía telemetría a Google Analytics.
  -    8 [desktop] › tests\geoportal-improvements.spec.js:120:9 › Observatory Improvements (Blocks B, C, D, E) › Block B: Guided Tour › mobile tour highlights every visible target inside the viewport
BROWSER CONSOLE: [GA4] Entorno local/pruebas detectado (127.0.0.1). No se envía telemetría a Google Analytics.
  ok   9 [desktop] › tests\geoportal-ant-layer.spec.js:188:1 › Casos se dibuja con el compacto antes de completar sus atributos (9.5s)
  ok  10 [desktop] › tests\geoportal-improvements.spec.js:191:9 › Observatory Improvements (Blocks B, C, D, E) › Block C: Data Catalog › catalog modal opens and displays variables (9.4s)
BROWSER CONSOLE: [GA4] Entorno local/pruebas detectado (127.0.0.1). No se envía telemetría a Google Analytics.
  ok  11 [desktop] › tests\geoportal-ant-layer.spec.js:223:1 › la capa sigue el año global, cancela cargas obsoletas y conserva un solo año en caché (5.0s)
  ok  12 [desktop] › tests\geoportal-improvements.spec.js:306:9 › Observatory Improvements (Blocks B, C, D, E) › Block C: Data Catalog › methodology links use the professional interface and drawer has no direct download (4.3s)
BROWSER CONSOLE: [GA4] Entorno local/pruebas detectado (127.0.0.1). No se envía telemetría a Google Analytics.
  ok  13 [desktop] › tests\geoportal-ant-layer.spec.js:261:1 › modo histórico desactiva Siniestros ANT sin dejar un año individual visible (5.4s)
  ok  14 [desktop] › tests\geoportal-improvements.spec.js:323:9 › Observatory Improvements (Blocks B, C, D, E) › Block D: Basemap and Opacity › opacity slider changes territory opacity without fading infrastructure (3.8s)
BROWSER CONSOLE: [GA4] Entorno local/pruebas detectado (127.0.0.1). No se envía telemetría a Google Analytics.
  ok  16 [desktop] › tests\geoportal-improvements.spec.js:376:9 › Observatory Improvements (Blocks B, C, D, E) › Block E: UI Theme & Coordinates › theme toggle changes body class and localstorage (6.3s)
BROWSER CONSOLE: [GA4] Entorno local/pruebas detectado (127.0.0.1). No se envía telemetría a Google Analytics.
  ok  15 [desktop] › tests\geoportal-ant-layer.spec.js:312:1 › el análisis territorial ANT usa el punto seleccionado y lenguaje metodológico (7.6s)
  ok  18 [desktop] › tests\geoportal-ant-layer.spec.js:330:1 › la leyenda usa cero explícito y nunca muestra el rango confuso menor o igual a cero (4.4s)
  -   19 [desktop] › tests\geoportal-ant-layer.spec.js:343:1 › controles ANT caben en el drawer móvil y tienen objetivos táctiles
  ok  17 [desktop] › tests\geoportal-improvements.spec.js:449:9 › Observatory Improvements (Blocks B, C, D, E) › Block E: UI Theme & Coordinates › cursor coordinates display on mousemove (6.4s)
BROWSER CONSOLE: [GA4] Entorno local/pruebas detectado (127.0.0.1). No se envía telemetría a Google Analytics.
  -   20 [desktop] › tests\geoportal-mobile-ux.spec.js:26:5 › Geoportal Mobile UX Improvements › mobile drawer mutual exclusivity (sidebar, layers) preserves period and intensity controls
  ok  21 [desktop] › tests\geoportal-improvements.spec.js:472:9 › Observatory Improvements (Blocks B, C, D, E) › Block F: Google Analytics 4 (GA4) › GA_MEASUREMENT_ID constant is defined and correctly configured (3.1s)
BROWSER CONSOLE: [GA4] Entorno local/pruebas detectado (127.0.0.1). No se envía telemetría a Google Analytics.
  ok  22 [desktop] › tests\geoportal-mobile-ux.spec.js:66:5 › Geoportal Mobile UX Improvements › mobile-level-bar is positioned below top navigation without overlap (3.0s)
  ok  23 [desktop] › tests\geoportal-improvements.spec.js:477:9 › Observatory Improvements (Blocks B, C, D, E) › Block F: Google Analytics 4 (GA4) › GA4 script is NOT loaded in localhost / 127.0.0.1 development environment (2.9s)
BROWSER CONSOLE: [GA4] Entorno local/pruebas detectado (127.0.0.1). No se envía telemetría a Google Analytics.
  -   24 [desktop] › tests\geoportal-mobile-ux.spec.js:98:5 › Geoportal Mobile UX Improvements › mobile year bar shows coverage and stays synchronized with the main timeline
  -   26 [desktop] › tests\geoportal-mobile-ux.spec.js:203:5 › Geoportal Mobile UX Improvements › mobile territorial shortcut has no horizontal scroll and exposes both actions
  ok  25 [desktop] › tests\geoportal-improvements.spec.js:482:9 › Observatory Improvements (Blocks B, C, D, E) › Block F: Google Analytics 4 (GA4) › GA4 privacy notice is visible in "¿Por qué confiar?" section (5.0s)
BROWSER CONSOLE: [GA4] Entorno local/pruebas detectado (127.0.0.1). No se envía telemetría a Google Analytics.
  -   27 [desktop] › tests\geoportal-mobile-ux.spec.js:229:5 › Geoportal Mobile UX Improvements › mobile panel topbars have sticky positioning for close button accessibility
  ok  28 [desktop] › tests\geoportal-improvements.spec.js:498:9 › Observatory Improvements (Blocks B, C, D, E) › Block G: Timeline Year Buttons & 3 Visual States › timeline year buttons show available, unavailable and selected states, and update on click (4.9s)
BROWSER CONSOLE: [GA4] Entorno local/pruebas detectado (127.0.0.1). No se envía telemetría a Google Analytics.
  -   29 [desktop] › tests\geoportal-mobile-ux.spec.js:240:5 › Geoportal Mobile UX Improvements › search input has font-size 16px on mobile to prevent iOS auto-zoom
  ok  30 [desktop] › tests\geoportal-improvements.spec.js:525:9 › Observatory Improvements (Blocks B, C, D, E) › Block G: Timeline Year Buttons & 3 Visual States › timeline year buttons are disabled for foto_unica variables (5.7s)
  ok  31 [desktop] › tests\geoportal-mobile-ux.spec.js:249:5 › Geoportal Mobile UX Improvements › desktop search and legend remain visible and mobile controls are hidden (4.4s)
  ok  32 [desktop] › tests\geoportal-phase7.spec.js:24:1 › Fase 9 conserva Nivel y Año visibles sin saturar el topbar (3.7s)
  ok  33 [desktop] › tests\geoportal-responsive-panels.spec.js:42:1 › la barra derecha conserva CAPAS y ANÁLISIS con los ajustes dentro de CAPAS (7.2s)
  ok  34 [desktop] › tests\geoportal-phase7.spec.js:40:1 › IA fija la leyenda a la izquierda sin intersecciones en todas las combinaciones (4.9s)
  ok  36 [desktop] › tests\geoportal-phase7.spec.js:60:1 › IB ofrece dos pestañas ARIA y análisis con ancho propio (3.9s)
  ok  35 [desktop] › tests\geoportal-responsive-panels.spec.js:117:1 › la barra superior concentra accesos y el buscador refleja capas extra en vivo (5.8s)
  ok  37 [desktop] › tests\geoportal-phase7.spec.js:78:1 › IC mantiene Periodo e Intensidad en CAPAS y la visibilidad parroquial (6.8s)
  ok  38 [desktop] › tests\geoportal-responsive-panels.spec.js:152:1 › los cambios cartográficos conservan la pestaña elegida por la persona (6.6s)
  ok  39 [desktop] › tests\geoportal.spec.js:27:1 › carga contratos territoriales y atribuciones (3.0s)
  ok  41 [desktop] › tests\geoportal.spec.js:39:1 › abre como observatorio nacional con siniestros y sin infraestructura (4.1s)
  ok  42 [desktop] › tests\geoportal.spec.js:76:1 › encuentra un canton y mantiene el resumen ciudadano breve (5.7s)
  ok  40 [desktop] › tests\geoportal-responsive-panels.spec.js:188:1 › las tres capas del mapa comparten una sola tarjeta y conservan controles independientes (11.7s)
  -   43 [desktop] › tests\geoportal.spec.js:94:1 › busqueda cantonal encuadra el territorio entre los paneles en pantalla mediana
  ok  45 [desktop] › tests\geoportal.spec.js:144:1 › genera una ficha PDF territorial en memoria (8.8s)
  ok  44 [desktop] › tests\geoportal-responsive-panels.spec.js:308:1 › panel ciudadano web conserva estado y separa selección de análisis (10.1s)
  ok  46 [desktop] › tests\geoportal.spec.js:180:1 › la ficha PDF parroquial omite el contexto de población y tasas (7.7s)
  ok  47 [desktop] › tests\geoportal-responsive-panels.spec.js:338:1 › ficha territorial vive dentro de la tarjeta única y desaparece al limpiar la selección (7.3s)
  ok  49 [desktop] › tests\geoportal-responsive-panels.spec.js:409:1 › la tarjeta informa y el topbar conserva todos los controles (4.7s)
  ok  48 [desktop] › tests\geoportal.spec.js:202:1 › modo tecnico conserva variables, capas, metodologia y estado todo apagado (7.7s)
  ok  50 [desktop] › tests\geoportal-responsive-panels.spec.js:472:1 › Leyenda distingue representaciones principales de controles secundarios (7.1s)
  ok  51 [desktop] › tests\geoportal.spec.js:255:1 › selector de variables permite selección única y deselección accesible (7.1s)
  ok  52 [desktop] › tests\geoportal-responsive-panels.spec.js:512:1 › panel ciudadano prioriza cifras y conserva la metodología en ayudas accesibles (3.6s)
  ok  54 [desktop] › tests\geoportal-responsive-panels.spec.js:533:1 › variable territorial y Siniestros ANT explican los periodos no disponibles (3.9s)
  ok  55 [desktop] › tests\geoportal-responsive-panels.spec.js:551:1 › infraestructura usa SVG compartido y conserva la interacción territorial (7.4s)
  ok  56 [desktop] › tests\geoportal-responsive-panels.spec.js:592:1 › pantalla grande mantiene el buscador y la leyenda compacta visible (3.4s)
  -   57 [desktop] › tests\geoportal-responsive-panels.spec.js:607:1 › mobile conserva sus paneles off-canvas y barra inferior
  ok  58 [desktop] › tests\geoportal-responsive-panels.spec.js:618:1 › mapas base ocupa el panel contextual sin superponerse (5.1s)
  ok  59 [desktop] › tests\geoportal-responsive-panels.spec.js:626:1 › mapas base no se superpone en una ventana web angosta (4.2s)
  ok  60 [desktop] › tests\geoportal-responsive-panels.spec.js:633:1 › zoom, ubicación y grupos de herramientas son operables en la barra (8.9s)
  ok  53 [desktop] › tests\geoportal.spec.js:296:1 › carga vias OSM independientes y conserva la escala grafica (34.9s)
  ok  61 [desktop] › tests\geoportal-responsive-panels.spec.js:685:1 › ubicación informa cuando el permiso es denegado (4.7s)
  ok  62 [desktop] › tests\geoportal.spec.js:346:1 › leyenda declara cuando la variable no existe en el nivel territorial (6.9s)
  ok  63 [desktop] › tests\geoportal-responsive-panels.spec.js:703:1 › catálogo vive en la barra superior y la marca oficial se muestra legible (5.1s)
  ok  64 [desktop] › tests\geoportal.spec.js:362:1 › el encabezado del analisis permanece accesible y el contenido llega hasta el final (3.9s)
  ok  65 [desktop] › tests\geoportal-responsive-panels.spec.js:720:1 › Dark Matter activa realce cartográfico sin cambiar el tema de interfaz (6.1s)
  ok  66 [desktop] › tests\geoportal.spec.js:391:1 › paneles alternan entre anio y acumulados con cobertura explicita (7.7s)
  ok  67 [desktop] › tests\geoportal-responsive-panels.spec.js:745:1 › la superficie territorial se oculta solo en zoom profundo y restaura la opacidad (12.6s)
  ok  68 [desktop] › tests\geoportal.spec.js:414:1 › cambia una sola capa territorial por zoom (11.4s)
  ok  69 [desktop] › tests\geoportal.spec.js:435:1 › clic en canton fija la seleccion sin saltar a parroquias (8.0s)
  ok  70 [desktop] › tests\geoportal.spec.js:454:1 › hover no cambia panel y la seleccion persiste al hacer scroll (8.2s)
  ok  71 [desktop] › tests\geoportal.spec.js:489:1 › solo conserva resaltada la unidad territorial seleccionada (8.8s)
  ok  72 [desktop] › tests\geoportal.spec.js:511:1 › control territorial permite fijar nivel y volver a modo automatico (10.3s)
  ok  73 [desktop] › tests\geoportal.spec.js:533:1 › recalcula bins por nivel y cae a limites cuando no aplica (15.0s)
  ok  74 [desktop] › tests\geoportal.spec.js:553:1 › slider global cambia dos variables anuales sin consolidar (9.6s)
  ok  75 [medium] › tests\fase10-e4.spec.js:51:1 › E4 limita los paneles y mantiene el scroll en su contenido (13.7s)
  ok  76 [desktop] › tests\geoportal.spec.js:577:1 › variables de foto unica deshabilitan slider y muestran badge (9.5s)
  ok  77 [medium] › tests\fase10-e4.spec.js:143:1 › E4 aumenta el área útil con el mismo cálculo territorial (6.7s)
  ok  78 [desktop] › tests\geoportal.spec.js:592:1 › cambio de variable ajusta el año a su cobertura sin dejar el mapa vacío (7.4s)
  ok  79 [medium] › tests\geoportal-ant-layer.spec.js:32:1 › no descarga puntos ANT antes de activar la capa (5.3s)
  ok  80 [desktop] › tests\geoportal.spec.js:632:1 › cambio de nivel resuelve el año de la variable efectiva (11.4s)
  ok  81 [medium] › tests\geoportal-ant-layer.spec.js:44:1 › el perfil focused conserva la vista macro y afina ciudad y calle (25.8s)
  ok  82 [desktop] › tests\geoportal.spec.js:651:1 › explica variables y perfiles en lenguaje ciudadano (17.2s)
  ok  83 [medium] › tests\geoportal-ant-layer.spec.js:70:1 › aviso accesible explica el ajuste al último año disponible (10.4s)
  ok  84 [desktop] › tests\geoportal.spec.js:690:1 › perfil distingue ausencia de desglose de un conteo de cero fallecidos (16.0s)
  ok  85 [medium] › tests\geoportal-ant-layer.spec.js:85:1 › Calor carga el compacto y los tres modos reutilizan datos sin descargas duplicadas (14.2s)
  ok  86 [desktop] › tests\geoportal.spec.js:706:1 › ranking nacional ordena, excluye sin dato y busca la posicion cantonal (7.0s)
  -   88 [desktop] › tests\geoportal.spec.js:754:1 › modal institucional es usable en movil y publica confianza y cita dinamica
  ok  89 [desktop] › tests\geoportal.spec.js:787:1 › ficha territorial permanece visible dentro de la tarjeta de leyenda (6.9s)
  ok  87 [medium] › tests\geoportal-ant-layer.spec.js:188:1 › Casos se dibuja con el compacto antes de completar sus atributos (8.1s)
  ok  91 [medium] › tests\geoportal-ant-layer.spec.js:223:1 › la capa sigue el año global, cancela cargas obsoletas y conserva un solo año en caché (6.4s)
  ok  90 [desktop] › tests\geoportal.spec.js:818:1 › ficha territorial comparte la tarjeta única y no crea otra región (7.1s)
  ok  92 [medium] › tests\geoportal-ant-layer.spec.js:261:1 › modo histórico desactiva Siniestros ANT sin dejar un año individual visible (6.1s)
  ok  93 [desktop] › tests\geoportal.spec.js:847:1 › capa OSM nacional carga bajo demanda y explicita cantones sin mapeo (6.0s)
  -   95 [desktop] › tests\geoportal.spec.js:864:1 › mobile conserva una superficie de mapa util en telefono y tablet
  -   96 [desktop] › tests\geoportal.spec.js:897:1 › mobile completa el flujo tactil sin paneles fuera del viewport
  ok  97 [desktop] › tests\geoportal.spec.js:1019:1 › Legend classification tooltips and adaptive color palettes verify correctly (6.9s)
  ok  94 [medium] › tests\geoportal-ant-layer.spec.js:312:1 › el análisis territorial ANT usa el punto seleccionado y lenguaje metodológico (8.9s)
  ok  99 [medium] › tests\geoportal-ant-layer.spec.js:330:1 › la leyenda usa cero explícito y nunca muestra el rango confuso menor o igual a cero (5.7s)
  -  100 [medium] › tests\geoportal-ant-layer.spec.js:343:1 › controles ANT caben en el drawer móvil y tienen objetivos táctiles
BROWSER CONSOLE: [GA4] Entorno local/pruebas detectado (127.0.0.1). No se envía telemetría a Google Analytics.
  ok  98 [desktop] › tests\geoportal.spec.js:1053:1 › EDG parish-derived fatalities are available at province, canton and parish levels (9.4s)
BROWSER CONSOLE: [GA4] Entorno local/pruebas detectado (127.0.0.1). No se envía telemetría a Google Analytics.
BROWSER CONSOLE: [GA4] Entorno local/pruebas detectado (127.0.0.1). No se envía telemetría a Google Analytics.
  ok 102 [desktop] › tests\geoportal.spec.js:1082:1 › Territory tooltip displays Siniestros and Fallecidos in dedicated lines without cross-fallbacks (8.9s)
  ok 101 [medium] › tests\geoportal-improvements.spec.js:48:9 › Observatory Improvements (Blocks B, C, D, E) › Block B: Guided Tour › tour appears on first visit, can be closed and reopened (20.2s)
  ok 103 [desktop] › tests\geoportal.spec.js:1116:1 › la ficha parroquial omite población y tasas y explica el criterio (9.1s)
BROWSER CONSOLE: [GA4] Entorno local/pruebas detectado (127.0.0.1). No se envía telemetría a Google Analytics.
  -  104 [medium] › tests\geoportal-improvements.spec.js:120:9 › Observatory Improvements (Blocks B, C, D, E) › Block B: Guided Tour › mobile tour highlights every visible target inside the viewport
  ok 105 [desktop] › tests\geoportal.spec.js:1175:1 › Territory tooltip deduplicates fixed lines by source field (3.6s)
BROWSER CONSOLE: [GA4] Entorno local/pruebas detectado (127.0.0.1). No se envía telemetría a Google Analytics.
  ok 106 [medium] › tests\geoportal-improvements.spec.js:191:9 › Observatory Improvements (Blocks B, C, D, E) › Block C: Data Catalog › catalog modal opens and displays variables (7.9s)
BROWSER CONSOLE: [GA4] Entorno local/pruebas detectado (127.0.0.1). No se envía telemetría a Google Analytics.
  -  107 [medium] › tests\geoportal-mobile-ux.spec.js:26:5 › Geoportal Mobile UX Improvements › mobile drawer mutual exclusivity (sidebar, layers) preserves period and intensity controls
  ok 108 [medium] › tests\geoportal-improvements.spec.js:306:9 › Observatory Improvements (Blocks B, C, D, E) › Block C: Data Catalog › methodology links use the professional interface and drawer has no direct download (3.9s)
BROWSER CONSOLE: [GA4] Entorno local/pruebas detectado (127.0.0.1). No se envía telemetría a Google Analytics.
  ok 109 [medium] › tests\geoportal-mobile-ux.spec.js:66:5 › Geoportal Mobile UX Improvements › mobile-level-bar is positioned below top navigation without overlap (2.7s)
  ok 110 [medium] › tests\geoportal-improvements.spec.js:323:9 › Observatory Improvements (Blocks B, C, D, E) › Block D: Basemap and Opacity › opacity slider changes territory opacity without fading infrastructure (3.7s)
  -  111 [medium] › tests\geoportal-mobile-ux.spec.js:98:5 › Geoportal Mobile UX Improvements › mobile year bar shows coverage and stays synchronized with the main timeline
BROWSER CONSOLE: [GA4] Entorno local/pruebas detectado (127.0.0.1). No se envía telemetría a Google Analytics.
  -  113 [medium] › tests\geoportal-mobile-ux.spec.js:203:5 › Geoportal Mobile UX Improvements › mobile territorial shortcut has no horizontal scroll and exposes both actions
  ok 112 [medium] › tests\geoportal-improvements.spec.js:376:9 › Observatory Improvements (Blocks B, C, D, E) › Block E: UI Theme & Coordinates › theme toggle changes body class and localstorage (5.0s)
BROWSER CONSOLE: [GA4] Entorno local/pruebas detectado (127.0.0.1). No se envía telemetría a Google Analytics.
  -  114 [medium] › tests\geoportal-mobile-ux.spec.js:229:5 › Geoportal Mobile UX Improvements › mobile panel topbars have sticky positioning for close button accessibility
  -  116 [medium] › tests\geoportal-mobile-ux.spec.js:240:5 › Geoportal Mobile UX Improvements › search input has font-size 16px on mobile to prevent iOS auto-zoom
  ok 115 [medium] › tests\geoportal-improvements.spec.js:449:9 › Observatory Improvements (Blocks B, C, D, E) › Block E: UI Theme & Coordinates › cursor coordinates display on mousemove (5.9s)
BROWSER CONSOLE: [GA4] Entorno local/pruebas detectado (127.0.0.1). No se envía telemetría a Google Analytics.
  ok 117 [medium] › tests\geoportal-mobile-ux.spec.js:249:5 › Geoportal Mobile UX Improvements › desktop search and legend remain visible and mobile controls are hidden (3.1s)
  ok 118 [medium] › tests\geoportal-improvements.spec.js:472:9 › Observatory Improvements (Blocks B, C, D, E) › Block F: Google Analytics 4 (GA4) › GA_MEASUREMENT_ID constant is defined and correctly configured (2.7s)
BROWSER CONSOLE: [GA4] Entorno local/pruebas detectado (127.0.0.1). No se envía telemetría a Google Analytics.
  ok 119 [medium] › tests\geoportal-phase7.spec.js:24:1 › Fase 9 conserva Nivel y Año visibles sin saturar el topbar (4.0s)
  ok 120 [medium] › tests\geoportal-improvements.spec.js:477:9 › Observatory Improvements (Blocks B, C, D, E) › Block F: Google Analytics 4 (GA4) › GA4 script is NOT loaded in localhost / 127.0.0.1 development environment (2.9s)
BROWSER CONSOLE: [GA4] Entorno local/pruebas detectado (127.0.0.1). No se envía telemetría a Google Analytics.
  ok 121 [medium] › tests\geoportal-phase7.spec.js:40:1 › IA fija la leyenda a la izquierda sin intersecciones en todas las combinaciones (3.3s)
  ok 122 [medium] › tests\geoportal-improvements.spec.js:482:9 › Observatory Improvements (Blocks B, C, D, E) › Block F: Google Analytics 4 (GA4) › GA4 privacy notice is visible in "¿Por qué confiar?" section (4.6s)
BROWSER CONSOLE: [GA4] Entorno local/pruebas detectado (127.0.0.1). No se envía telemetría a Google Analytics.
  ok 123 [medium] › tests\geoportal-phase7.spec.js:60:1 › IB ofrece dos pestañas ARIA y análisis con ancho propio (3.3s)
  ok 124 [medium] › tests\geoportal-improvements.spec.js:498:9 › Observatory Improvements (Blocks B, C, D, E) › Block G: Timeline Year Buttons & 3 Visual States › timeline year buttons show available, unavailable and selected states, and update on click (3.8s)
BROWSER CONSOLE: [GA4] Entorno local/pruebas detectado (127.0.0.1). No se envía telemetría a Google Analytics.
  ok 125 [medium] › tests\geoportal-phase7.spec.js:78:1 › IC mantiene Periodo e Intensidad en CAPAS y la visibilidad parroquial (5.6s)
  ok 126 [medium] › tests\geoportal-improvements.spec.js:525:9 › Observatory Improvements (Blocks B, C, D, E) › Block G: Timeline Year Buttons & 3 Visual States › timeline year buttons are disabled for foto_unica variables (3.5s)
  ok 128 [medium] › tests\geoportal.spec.js:27:1 › carga contratos territoriales y atribuciones (2.6s)
  ok 127 [medium] › tests\geoportal-responsive-panels.spec.js:42:1 › la barra derecha conserva CAPAS y ANÁLISIS con los ajustes dentro de CAPAS (4.8s)
  ok 129 [medium] › tests\geoportal.spec.js:39:1 › abre como observatorio nacional con siniestros y sin infraestructura (3.2s)
  ok 130 [medium] › tests\geoportal-responsive-panels.spec.js:117:1 › la barra superior concentra accesos y el buscador refleja capas extra en vivo (6.4s)
  ok 131 [medium] › tests\geoportal.spec.js:76:1 › encuentra un canton y mantiene el resumen ciudadano breve (5.3s)
  ok 132 [medium] › tests\geoportal-responsive-panels.spec.js:152:1 › los cambios cartográficos conservan la pestaña elegida por la persona (5.1s)
  ok 133 [medium] › tests\geoportal.spec.js:94:1 › busqueda cantonal encuadra el territorio entre los paneles en pantalla mediana (6.1s)
  -  135 [medium] › tests\geoportal.spec.js:144:1 › genera una ficha PDF territorial en memoria
  -  136 [medium] › tests\geoportal.spec.js:180:1 › la ficha PDF parroquial omite el contexto de población y tasas
  -  137 [medium] › tests\geoportal.spec.js:202:1 › modo tecnico conserva variables, capas, metodologia y estado todo apagado
  ok 138 [medium] › tests\geoportal.spec.js:255:1 › selector de variables permite selección única y deselección accesible (4.2s)
  -  139 [medium] › tests\geoportal.spec.js:296:1 › carga vias OSM independientes y conserva la escala grafica
  ok 134 [medium] › tests\geoportal-responsive-panels.spec.js:188:1 › las tres capas del mapa comparten una sola tarjeta y conservan controles independientes (8.7s)
  ok 140 [medium] › tests\geoportal.spec.js:346:1 › leyenda declara cuando la variable no existe en el nivel territorial (4.7s)
  -  142 [medium] › tests\geoportal.spec.js:362:1 › el encabezado del analisis permanece accesible y el contenido llega hasta el final
  -  143 [medium] › tests\geoportal.spec.js:391:1 › paneles alternan entre anio y acumulados con cobertura explicita
  ok 141 [medium] › tests\geoportal-responsive-panels.spec.js:308:1 › panel ciudadano web conserva estado y separa selección de análisis (5.6s)
  ok 144 [medium] › tests\geoportal.spec.js:414:1 › cambia una sola capa territorial por zoom (7.7s)
  ok 145 [medium] › tests\geoportal-responsive-panels.spec.js:338:1 › ficha territorial vive dentro de la tarjeta única y desaparece al limpiar la selección (6.9s)
  ok 146 [medium] › tests\geoportal.spec.js:435:1 › clic en canton fija la seleccion sin saltar a parroquias (6.1s)
  ok 147 [medium] › tests\geoportal-responsive-panels.spec.js:409:1 › la tarjeta informa y el topbar conserva todos los controles (5.8s)
  ok 148 [medium] › tests\geoportal.spec.js:454:1 › hover no cambia panel y la seleccion persiste al hacer scroll (6.3s)
  ok 149 [medium] › tests\geoportal-responsive-panels.spec.js:472:1 › Leyenda distingue representaciones principales de controles secundarios (5.8s)
  ok 151 [medium] › tests\geoportal-responsive-panels.spec.js:512:1 › panel ciudadano prioriza cifras y conserva la metodología en ayudas accesibles (3.6s)
  ok 150 [medium] › tests\geoportal.spec.js:489:1 › solo conserva resaltada la unidad territorial seleccionada (5.1s)
  ok 152 [medium] › tests\geoportal-responsive-panels.spec.js:533:1 › variable territorial y Siniestros ANT explican los periodos no disponibles (2.8s)
  ok 153 [medium] › tests\geoportal.spec.js:511:1 › control territorial permite fijar nivel y volver a modo automatico (5.7s)
  ok 154 [medium] › tests\geoportal-responsive-panels.spec.js:551:1 › infraestructura usa SVG compartido y conserva la interacción territorial (5.2s)
  -  156 [medium] › tests\geoportal-responsive-panels.spec.js:592:1 › pantalla grande mantiene el buscador y la leyenda compacta visible
  -  157 [medium] › tests\geoportal-responsive-panels.spec.js:607:1 › mobile conserva sus paneles off-canvas y barra inferior
  ok 158 [medium] › tests\geoportal-responsive-panels.spec.js:618:1 › mapas base ocupa el panel contextual sin superponerse (3.5s)
  ok 155 [medium] › tests\geoportal.spec.js:533:1 › recalcula bins por nivel y cae a limites cuando no aplica (6.2s)
  -  159 [medium] › tests\geoportal-responsive-panels.spec.js:626:1 › mapas base no se superpone en una ventana web angosta
  ok 160 [medium] › tests\geoportal.spec.js:553:1 › slider global cambia dos variables anuales sin consolidar (5.0s)
  ok 162 [medium] › tests\geoportal.spec.js:577:1 › variables de foto unica deshabilitan slider y muestran badge (2.9s)
  ok 161 [medium] › tests\geoportal-responsive-panels.spec.js:633:1 › zoom, ubicación y grupos de herramientas son operables en la barra (8.4s)
  -  164 [medium] › tests\geoportal-responsive-panels.spec.js:685:1 › ubicación informa cuando el permiso es denegado
  ok 163 [medium] › tests\geoportal.spec.js:592:1 › cambio de variable ajusta el año a su cobertura sin dejar el mapa vacío (3.6s)
  -  166 [medium] › tests\geoportal.spec.js:632:1 › cambio de nivel resuelve el año de la variable efectiva
  ok 165 [medium] › tests\geoportal-responsive-panels.spec.js:703:1 › catálogo vive en la barra superior y la marca oficial se muestra legible (3.9s)
  ok 168 [medium] › tests\geoportal-responsive-panels.spec.js:720:1 › Dark Matter activa realce cartográfico sin cambiar el tema de interfaz (5.0s)
  ok 167 [medium] › tests\geoportal.spec.js:651:1 › explica variables y perfiles en lenguaje ciudadano (6.3s)
  -  169 [medium] › tests\geoportal-responsive-panels.spec.js:745:1 › la superficie territorial se oculta solo en zoom profundo y restaura la opacidad
  -  170 [medium] › tests\geoportal.spec.js:690:1 › perfil distingue ausencia de desglose de un conteo de cero fallecidos
  -  171 [medium] › tests\geoportal.spec.js:706:1 › ranking nacional ordena, excluye sin dato y busca la posicion cantonal
  -  172 [medium] › tests\geoportal.spec.js:754:1 › modal institucional es usable en movil y publica confianza y cita dinamica
  ok 173 [medium] › tests\geoportal.spec.js:787:1 › ficha territorial permanece visible dentro de la tarjeta de leyenda (5.5s)
  -  175 [medium] › tests\geoportal.spec.js:818:1 › ficha territorial comparte la tarjeta única y no crea otra región
  -  176 [medium] › tests\geoportal.spec.js:847:1 › capa OSM nacional carga bajo demanda y explicita cantones sin mapeo
  -  177 [medium] › tests\geoportal.spec.js:864:1 › mobile conserva una superficie de mapa util en telefono y tablet
  -  178 [medium] › tests\geoportal.spec.js:897:1 › mobile completa el flujo tactil sin paneles fuera del viewport
  ok 174 [mobile] › tests\fase10-e4.spec.js:51:1 › E4 limita los paneles y mantiene el scroll en su contenido (5.3s)
  ok 180 [mobile] › tests\fase10-e4.spec.js:143:1 › E4 aumenta el área útil con el mismo cálculo territorial (4.0s)
  ok 179 [medium] › tests\geoportal.spec.js:1019:1 › Legend classification tooltips and adaptive color palettes verify correctly (5.0s)
  ok 181 [mobile] › tests\geoportal-ant-layer.spec.js:32:1 › no descarga puntos ANT antes de activar la capa (3.5s)
  ok 182 [medium] › tests\geoportal.spec.js:1053:1 › EDG parish-derived fatalities are available at province, canton and parish levels (6.0s)
  ok 184 [medium] › tests\geoportal.spec.js:1082:1 › Territory tooltip displays Siniestros and Fallecidos in dedicated lines without cross-fallbacks (6.8s)
  ok 183 [mobile] › tests\geoportal-ant-layer.spec.js:44:1 › el perfil focused conserva la vista macro y afina ciudad y calle (11.5s)
  ok 186 [mobile] › tests\geoportal-ant-layer.spec.js:70:1 › aviso accesible explica el ajuste al último año disponible (4.4s)
  ok 185 [medium] › tests\geoportal.spec.js:1116:1 › la ficha parroquial omite población y tasas y explica el criterio (8.6s)
  ok 188 [medium] › tests\geoportal.spec.js:1175:1 › Territory tooltip deduplicates fixed lines by source field (2.7s)
BROWSER CONSOLE: [GA4] Entorno local/pruebas detectado (127.0.0.1). No se envía telemetría a Google Analytics.
  ok 187 [mobile] › tests\geoportal-ant-layer.spec.js:85:1 › Calor carga el compacto y los tres modos reutilizan datos sin descargas duplicadas (9.4s)
  -  189 [mobile] › tests\geoportal-improvements.spec.js:48:9 › Observatory Improvements (Blocks B, C, D, E) › Block B: Guided Tour › tour appears on first visit, can be closed and reopened
BROWSER CONSOLE: [GA4] Entorno local/pruebas detectado (127.0.0.1). No se envía telemetría a Google Analytics.
  ok 190 [mobile] › tests\geoportal-ant-layer.spec.js:188:1 › Casos se dibuja con el compacto antes de completar sus atributos (7.4s)
  ok 192 [mobile] › tests\geoportal-ant-layer.spec.js:223:1 › la capa sigue el año global, cancela cargas obsoletas y conserva un solo año en caché (5.0s)
  ok 191 [mobile] › tests\geoportal-improvements.spec.js:120:9 › Observatory Improvements (Blocks B, C, D, E) › Block B: Guided Tour › mobile tour highlights every visible target inside the viewport (12.8s)
BROWSER CONSOLE: [GA4] Entorno local/pruebas detectado (127.0.0.1). No se envía telemetría a Google Analytics.
  ok 193 [mobile] › tests\geoportal-ant-layer.spec.js:261:1 › modo histórico desactiva Siniestros ANT sin dejar un año individual visible (5.3s)
  ok 194 [mobile] › tests\geoportal-improvements.spec.js:191:9 › Observatory Improvements (Blocks B, C, D, E) › Block C: Data Catalog › catalog modal opens and displays variables (7.8s)
BROWSER CONSOLE: [GA4] Entorno local/pruebas detectado (127.0.0.1). No se envía telemetría a Google Analytics.
  ok 195 [mobile] › tests\geoportal-ant-layer.spec.js:312:1 › el análisis territorial ANT usa el punto seleccionado y lenguaje metodológico (6.3s)
  ok 196 [mobile] › tests\geoportal-improvements.spec.js:306:9 › Observatory Improvements (Blocks B, C, D, E) › Block C: Data Catalog › methodology links use the professional interface and drawer has no direct download (4.4s)
BROWSER CONSOLE: [GA4] Entorno local/pruebas detectado (127.0.0.1). No se envía telemetría a Google Analytics.
  ok 197 [mobile] › tests\geoportal-ant-layer.spec.js:330:1 › la leyenda usa cero explícito y nunca muestra el rango confuso menor o igual a cero (4.5s)
  ok 198 [mobile] › tests\geoportal-improvements.spec.js:323:9 › Observatory Improvements (Blocks B, C, D, E) › Block D: Basemap and Opacity › opacity slider changes territory opacity without fading infrastructure (3.2s)
BROWSER CONSOLE: [GA4] Entorno local/pruebas detectado (127.0.0.1). No se envía telemetría a Google Analytics.
  ok 199 [mobile] › tests\geoportal-ant-layer.spec.js:343:1 › controles ANT caben en el drawer móvil y tienen objetivos táctiles (4.8s)
  ok 200 [mobile] › tests\geoportal-improvements.spec.js:376:9 › Observatory Improvements (Blocks B, C, D, E) › Block E: UI Theme & Coordinates › theme toggle changes body class and localstorage (6.7s)
BROWSER CONSOLE: [GA4] Entorno local/pruebas detectado (127.0.0.1). No se envía telemetría a Google Analytics.
  ok 201 [mobile] › tests\geoportal-mobile-ux.spec.js:26:5 › Geoportal Mobile UX Improvements › mobile drawer mutual exclusivity (sidebar, layers) preserves period and intensity controls (5.9s)
  -  202 [mobile] › tests\geoportal-improvements.spec.js:449:9 › Observatory Improvements (Blocks B, C, D, E) › Block E: UI Theme & Coordinates › cursor coordinates display on mousemove
BROWSER CONSOLE: [GA4] Entorno local/pruebas detectado (127.0.0.1). No se envía telemetría a Google Analytics.
  ok 204 [mobile] › tests\geoportal-improvements.spec.js:472:9 › Observatory Improvements (Blocks B, C, D, E) › Block F: Google Analytics 4 (GA4) › GA_MEASUREMENT_ID constant is defined and correctly configured (4.1s)
  ok 203 [mobile] › tests\geoportal-mobile-ux.spec.js:66:5 › Geoportal Mobile UX Improvements › mobile-level-bar is positioned below top navigation without overlap (4.4s)
BROWSER CONSOLE: [GA4] Entorno local/pruebas detectado (127.0.0.1). No se envía telemetría a Google Analytics.
  ok 205 [mobile] › tests\geoportal-improvements.spec.js:477:9 › Observatory Improvements (Blocks B, C, D, E) › Block F: Google Analytics 4 (GA4) › GA4 script is NOT loaded in localhost / 127.0.0.1 development environment (3.9s)
BROWSER CONSOLE: [GA4] Entorno local/pruebas detectado (127.0.0.1). No se envía telemetría a Google Analytics.
  ok 206 [mobile] › tests\geoportal-mobile-ux.spec.js:98:5 › Geoportal Mobile UX Improvements › mobile year bar shows coverage and stays synchronized with the main timeline (6.3s)
  ok 207 [mobile] › tests\geoportal-improvements.spec.js:482:9 › Observatory Improvements (Blocks B, C, D, E) › Block F: Google Analytics 4 (GA4) › GA4 privacy notice is visible in "¿Por qué confiar?" section (5.4s)
BROWSER CONSOLE: [GA4] Entorno local/pruebas detectado (127.0.0.1). No se envía telemetría a Google Analytics.
  ok 208 [mobile] › tests\geoportal-mobile-ux.spec.js:203:5 › Geoportal Mobile UX Improvements › mobile territorial shortcut has no horizontal scroll and exposes both actions (5.9s)
  ok 209 [mobile] › tests\geoportal-improvements.spec.js:498:9 › Observatory Improvements (Blocks B, C, D, E) › Block G: Timeline Year Buttons & 3 Visual States › timeline year buttons show available, unavailable and selected states, and update on click (4.8s)
BROWSER CONSOLE: [GA4] Entorno local/pruebas detectado (127.0.0.1). No se envía telemetría a Google Analytics.
  ok 210 [mobile] › tests\geoportal-mobile-ux.spec.js:229:5 › Geoportal Mobile UX Improvements › mobile panel topbars have sticky positioning for close button accessibility (3.9s)
  ok 211 [mobile] › tests\geoportal-improvements.spec.js:525:9 › Observatory Improvements (Blocks B, C, D, E) › Block G: Timeline Year Buttons & 3 Visual States › timeline year buttons are disabled for foto_unica variables (4.3s)
  ok 212 [mobile] › tests\geoportal-mobile-ux.spec.js:240:5 › Geoportal Mobile UX Improvements › search input has font-size 16px on mobile to prevent iOS auto-zoom (3.8s)
  ok 213 [mobile] › tests\geoportal-phase7.spec.js:24:1 › Fase 9 conserva Nivel y Año visibles sin saturar el topbar (3.4s)
  -  215 [mobile] › tests\geoportal-phase7.spec.js:40:1 › IA fija la leyenda a la izquierda sin intersecciones en todas las combinaciones
  -  214 [mobile] › tests\geoportal-mobile-ux.spec.js:249:5 › Geoportal Mobile UX Improvements › desktop search and legend remain visible and mobile controls are hidden
  ok 216 [mobile] › tests\geoportal-phase7.spec.js:60:1 › IB ofrece dos pestañas ARIA y análisis con ancho propio (4.4s)
  ok 217 [mobile] › tests\geoportal-responsive-panels.spec.js:42:1 › la barra derecha conserva CAPAS y ANÁLISIS con los ajustes dentro de CAPAS (6.3s)
  ok 218 [mobile] › tests\geoportal-phase7.spec.js:78:1 › IC mantiene Periodo e Intensidad en CAPAS y la visibilidad parroquial (5.6s)
  ok 220 [mobile] › tests\geoportal.spec.js:27:1 › carga contratos territoriales y atribuciones (3.2s)
  ok 219 [mobile] › tests\geoportal-responsive-panels.spec.js:117:1 › la barra superior concentra accesos y el buscador refleja capas extra en vivo (6.0s)
  ok 221 [mobile] › tests\geoportal.spec.js:39:1 › abre como observatorio nacional con siniestros y sin infraestructura (4.0s)
  ok 222 [mobile] › tests\geoportal-responsive-panels.spec.js:152:1 › los cambios cartográficos conservan la pestaña elegida por la persona (6.5s)
  ok 223 [mobile] › tests\geoportal.spec.js:76:1 › encuentra un canton y mantiene el resumen ciudadano breve (5.4s)
  -  225 [mobile] › tests\geoportal.spec.js:94:1 › busqueda cantonal encuadra el territorio entre los paneles en pantalla mediana
  -  226 [mobile] › tests\geoportal.spec.js:144:1 › genera una ficha PDF territorial en memoria
  -  227 [mobile] › tests\geoportal.spec.js:180:1 › la ficha PDF parroquial omite el contexto de población y tasas
  -  228 [mobile] › tests\geoportal.spec.js:202:1 › modo tecnico conserva variables, capas, metodologia y estado todo apagado
  ok 229 [mobile] › tests\geoportal.spec.js:255:1 › selector de variables permite selección única y deselección accesible (5.2s)
  -  230 [mobile] › tests\geoportal.spec.js:296:1 › carga vias OSM independientes y conserva la escala grafica
  ok 224 [mobile] › tests\geoportal-responsive-panels.spec.js:188:1 › las tres capas del mapa comparten una sola tarjeta y conservan controles independientes (10.2s)
  -  232 [mobile] › tests\geoportal-responsive-panels.spec.js:308:1 › panel ciudadano web conserva estado y separa selección de análisis
  ok 231 [mobile] › tests\geoportal.spec.js:346:1 › leyenda declara cuando la variable no existe en el nivel territorial (5.3s)
  -  234 [mobile] › tests\geoportal.spec.js:362:1 › el encabezado del analisis permanece accesible y el contenido llega hasta el final
  -  235 [mobile] › tests\geoportal.spec.js:391:1 › paneles alternan entre anio y acumulados con cobertura explicita
  ok 233 [mobile] › tests\geoportal-responsive-panels.spec.js:338:1 › ficha territorial vive dentro de la tarjeta única y desaparece al limpiar la selección (6.2s)
  ok 236 [mobile] › tests\geoportal.spec.js:414:1 › cambia una sola capa territorial por zoom (5.9s)
  ok 237 [mobile] › tests\geoportal-responsive-panels.spec.js:409:1 › la tarjeta informa y el topbar conserva todos los controles (4.6s)
  ok 238 [mobile] › tests\geoportal.spec.js:435:1 › clic en canton fija la seleccion sin saltar a parroquias (6.6s)
  ok 239 [mobile] › tests\geoportal-responsive-panels.spec.js:472:1 › Leyenda distingue representaciones principales de controles secundarios (7.4s)
  ok 241 [mobile] › tests\geoportal-responsive-panels.spec.js:512:1 › panel ciudadano prioriza cifras y conserva la metodología en ayudas accesibles (4.0s)
  ok 240 [mobile] › tests\geoportal.spec.js:454:1 › hover no cambia panel y la seleccion persiste al hacer scroll (6.3s)
  ok 242 [mobile] › tests\geoportal-responsive-panels.spec.js:533:1 › variable territorial y Siniestros ANT explican los periodos no disponibles (4.4s)
  ok 243 [mobile] › tests\geoportal.spec.js:489:1 › solo conserva resaltada la unidad territorial seleccionada (6.3s)
  ok 244 [mobile] › tests\geoportal-responsive-panels.spec.js:551:1 › infraestructura usa SVG compartido y conserva la interacción territorial (8.9s)
  -  246 [mobile] › tests\geoportal-responsive-panels.spec.js:592:1 › pantalla grande mantiene el buscador y la leyenda compacta visible
  ok 245 [mobile] › tests\geoportal.spec.js:511:1 › control territorial permite fijar nivel y volver a modo automatico (6.8s)
  ok 247 [mobile] › tests\geoportal-responsive-panels.spec.js:607:1 › mobile conserva sus paneles off-canvas y barra inferior (3.9s)
  ok 248 [mobile] › tests\geoportal.spec.js:533:1 › recalcula bins por nivel y cae a limites cuando no aplica (7.1s)
  ok 249 [mobile] › tests\geoportal-responsive-panels.spec.js:618:1 › mapas base ocupa el panel contextual sin superponerse (4.7s)
  -  251 [mobile] › tests\geoportal-responsive-panels.spec.js:626:1 › mapas base no se superpone en una ventana web angosta
  ok 250 [mobile] › tests\geoportal.spec.js:553:1 › slider global cambia dos variables anuales sin consolidar (6.2s)
  ok 252 [mobile] › tests\geoportal-responsive-panels.spec.js:633:1 › zoom, ubicación y grupos de herramientas son operables en la barra (7.3s)
  -  254 [mobile] › tests\geoportal-responsive-panels.spec.js:685:1 › ubicación informa cuando el permiso es denegado
  ok 253 [mobile] › tests\geoportal.spec.js:577:1 › variables de foto unica deshabilitan slider y muestran badge (3.6s)
  ok 255 [mobile] › tests\geoportal-responsive-panels.spec.js:703:1 › catálogo vive en la barra superior y la marca oficial se muestra legible (3.8s)
  ok 256 [mobile] › tests\geoportal.spec.js:592:1 › cambio de variable ajusta el año a su cobertura sin dejar el mapa vacío (4.3s)
  -  258 [mobile] › tests\geoportal.spec.js:632:1 › cambio de nivel resuelve el año de la variable efectiva
  ok 257 [mobile] › tests\geoportal-responsive-panels.spec.js:720:1 › Dark Matter activa realce cartográfico sin cambiar el tema de interfaz (6.8s)
  -  260 [mobile] › tests\geoportal-responsive-panels.spec.js:745:1 › la superficie territorial se oculta solo en zoom profundo y restaura la opacidad
  ok 259 [mobile] › tests\geoportal.spec.js:651:1 › explica variables y perfiles en lenguaje ciudadano (7.2s)
  -  261 [mobile] › tests\geoportal.spec.js:690:1 › perfil distingue ausencia de desglose de un conteo de cero fallecidos
  -  262 [mobile] › tests\geoportal.spec.js:706:1 › ranking nacional ordena, excluye sin dato y busca la posicion cantonal
  ok 263 [mobile] › tests\geoportal.spec.js:754:1 › modal institucional es usable en movil y publica confianza y cita dinamica (4.0s)
  ok 264 [mobile] › tests\geoportal.spec.js:787:1 › ficha territorial permanece visible dentro de la tarjeta de leyenda (4.4s)
  -  265 [mobile] › tests\geoportal.spec.js:818:1 › ficha territorial comparte la tarjeta única y no crea otra región
  -  266 [mobile] › tests\geoportal.spec.js:847:1 › capa OSM nacional carga bajo demanda y explicita cantones sin mapeo
  ok 267 [mobile] › tests\geoportal.spec.js:864:1 › mobile conserva una superficie de mapa util en telefono y tablet (6.7s)
  ok 268 [mobile] › tests\geoportal.spec.js:897:1 › mobile completa el flujo tactil sin paneles fuera del viewport (6.4s)
  ok 269 [mobile] › tests\geoportal.spec.js:1019:1 › Legend classification tooltips and adaptive color palettes verify correctly (4.3s)
  ok 270 [mobile] › tests\geoportal.spec.js:1053:1 › EDG parish-derived fatalities are available at province, canton and parish levels (3.7s)
  ok 271 [mobile] › tests\geoportal.spec.js:1082:1 › Territory tooltip displays Siniestros and Fallecidos in dedicated lines without cross-fallbacks (3.4s)
  ok 272 [mobile] › tests\geoportal.spec.js:1116:1 › la ficha parroquial omite población y tasas y explica el criterio (6.1s)
  ok 273 [mobile] › tests\geoportal.spec.js:1175:1 › Territory tooltip deduplicates fixed lines by source field (2.4s)

  59 skipped
  214 passed (12.9m)

[WebServer] ::ffff:127.0.0.1 - - [03/Sep/2026 16:12:34] "GET /docs/ HTTP/1.1" 200 -
[WebServer] ::ffff:127.0.0.1 - - [03/Sep/2026 16:12:36] "GET /docs/ HTTP/1.1" 200 -
[WebServer] ::ffff:127.0.0.1 - - [03/Sep/2026 16:12:36] "GET /docs/assets/css/driver.css HTTP/1.1" 200 -
[WebServer] ::ffff:127.0.0.1 - - [03/Sep/2026 16:12:36] "GET /docs/assets/css/geoportal-core.css?v=0.10.49 HTTP/1.1" 200 -
[WebServer] ::ffff:127.0.0.1 - - [03/Sep/2026 16:12:36] "GET /docs/assets/css/geoportal-experience.css?v=0.10.49 HTTP/1.1" 200 -
[WebServer] ::ffff:127.0.0.1 - - [03/Sep/2026 16:12:36] "GET /docs/assets/css/geoportal-mobile.css?v=0.10.49 HTTP/1.1" 200 -
[WebServer] ::ffff:127.0.0.1 - - [03/Sep/2026 16:12:36] "GET /docs/assets/js/vendor/leaflet-heat.js HTTP/1.1" 200 -
[WebServer] ::ffff:127.0.0.1 - - [03/Sep/2026 16:12:36] "GET /docs/index.html HTTP/1.1" 200 -
[WebServer] ::ffff:127.0.0.1 - - [03/Sep/2026 16:12:36] "GET /docs/assets/js/vendor/simple-statistics.min.js HTTP/1.1" 200 -
[WebServer] ::ffff:127.0.0.1 - - [03/Sep/2026 16:12:36] "GET /docs/assets/css/driver.css HTTP/1.1" 200 -
[WebServer] ::ffff:127.0.0.1 - - [03/Sep/2026 16:12:36] "GET /docs/assets/css/geoportal-core.css?v=0.10.49 HTTP/1.1" 200 -
[WebServer] ::ffff:127.0.0.1 - - [03/Sep/2026 16:12:36] "GET /docs/assets/css/geoportal-experience.css?v=0.10.49 HTTP/1.1" 200 -
[WebServer] ::ffff:127.0.0.1 - - [03/Sep/2026 16:12:36] "GET /docs/assets/css/geoportal-mobile.css?v=0.10.49 HTTP/1.1" 200 -
[WebServer] ::ffff:127.0.0.1 - - [03/Sep/2026 16:12:36] "GET /docs/assets/js/vendor/driver.min.js HTTP/1.1" 200 -
[WebServer] ::ffff:127.0.0.1 - - [03/Sep/2026 16:12:36] "GET /docs/assets/js/vendor/leaflet-heat.js HTTP/1.1" 200 -
[WebServer] ::ffff:127.0.0.1 - - [03/Sep/2026 16:12:36] "GET /docs/assets/js/vendor/html2canvas.min.js HTTP/1.1" 200 -
[WebServer] ::ffff:127.0.0.1 - - [03/Sep/2026 16:12:36] "GET /docs/assets/js/vendor/simple-statistics.min.js HTTP/1.1" 200 -
[WebServer] ::ffff:127.0.0.1 - - [03/Sep/2026 16:12:36] "GET /docs/assets/js/vendor/driver.min.js HTTP/1.1" 200 -
[WebServer] ::ffff:127.0.0.1 - - [03/Sep/2026 16:12:36] "GET /docs/assets/js/vendor/jspdf.umd.min.js HTTP/1.1" 200 -
[WebServer] ::ffff:127.0.0.1 - - [03/Sep/2026 16:12:36] "GET /docs/assets/js/vendor/html2canvas.min.js HTTP/1.1" 200 -
[WebServer] ::ffff:127.0.0.1 - - [03/Sep/2026 16:12:36] "GET /docs/assets/js/vendor/jspdf.umd.min.js HTTP/1.1" 200 -
[WebServer] ::ffff:127.0.0.1 - - [03/Sep/2026 16:12:36] "GET /docs/assets/js/geoportal-classification.js?v=0.10.49 HTTP/1.1" 200 -
[WebServer] ::ffff:127.0.0.1 - - [03/Sep/2026 16:12:36] "GET /docs/assets/js/geoportal-classification.js?v=0.10.49 HTTP/1.1" 200 -
[WebServer] ::ffff:127.0.0.1 - - [03/Sep/2026 16:12:36] "GET /docs/assets/js/geoportal-registry.js?v=0.10.49 HTTP/1.1" 200 -
[WebServer] ::ffff:127.0.0.1 - - [03/Sep/2026 16:12:36] "GET /docs/assets/js/geoportal-registry.js?v=0.10.49 HTTP/1.1" 200 -
[WebServer] ::ffff:127.0.0.1 - - [03/Sep/2026 16:12:36] "GET /docs/assets/js/geoportal-overlay-state.js?v=0.10.49 HTTP/1.1" 200 -
[WebServer] ::ffff:127.0.0.1 - - [03/Sep/2026 16:12:36] "GET /docs/assets/js/geoportal-ant-layer.js?v=0.10.49 HTTP/1.1" 200 -
[WebServer] ::ffff:127.0.0.1 - - [03/Sep/2026 16:12:36] "GET /docs/assets/js/geoportal-experience.js?v=0.10.49 HTTP/1.1" 200 -
[WebServer] ::ffff:127.0.0.1 - - [03/Sep/2026 16:12:36] "GET /docs/assets/js/geoportal-overlay-state.js?v=0.10.49 HTTP/1.1" 200 -
[WebServer] ::ffff:127.0.0.1 - - [03/Sep/2026 16:12:36] "GET /docs/assets/js/geoportal-state.js?v=0.10.49 HTTP/1.1" 200 -
[WebServer] ::ffff:127.0.0.1 - - [03/Sep/2026 16:12:36] "GET /docs/assets/js/geoportal-ant-layer.js?v=0.10.49 HTTP/1.1" 200 -
[WebServer] ::ffff:127.0.0.1 - - [03/Sep/2026 16:12:36] "GET /docs/assets/js/geoportal-experience.js?v=0.10.49 HTTP/1.1" 200 -
[WebServer] ::ffff:127.0.0.1 - - [03/Sep/2026 16:12:36] "GET /docs/assets/js/geoportal-territories.js?v=0.10.49 HTTP/1.1" 200 -
[WebServer] ::ffff:127.0.0.1 - - [03/Sep/2026 16:12:36] "GET /docs/assets/js/geoportal-panels.js?v=0.10.49 HTTP/1.1" 200 -
[WebServer] ::ffff:127.0.0.1 - - [03/Sep/2026 16:12:36] "GET /docs/assets/js/geoportal-state.js?v=0.10.49 HTTP/1.1" 200 -
[WebServer] ::ffff:127.0.0.1 - - [03/Sep/2026 16:12:36] "GET /docs/assets/js/geoportal-institutional.js?v=0.10.49 HTTP/1.1" 200 -
[WebServer] ::ffff:127.0.0.1 - - [03/Sep/2026 16:12:36] "GET /docs/assets/js/geoportal-territories.js?v=0.10.49 HTTP/1.1" 200 -
[WebServer] ::ffff:127.0.0.1 - - [03/Sep/2026 16:12:36] "GET /docs/assets/js/geoportal-tour.js?v=0.10.49 HTTP/1.1" 200 -
[WebServer] ::ffff:127.0.0.1 - - [03/Sep/2026 16:12:36] "GET /docs/assets/js/geoportal-panels.js?v=0.10.49 HTTP/1.1" 200 -
[WebServer] ::ffff:127.0.0.1 - - [03/Sep/2026 16:12:36] "GET /docs/assets/js/geoportal-catalogo.js?v=0.10.49 HTTP/1.1" 200 -
[WebServer] ::ffff:127.0.0.1 - - [03/Sep/2026 16:12:36] "GET /docs/assets/js/geoportal-institutional.js?v=0.10.49 HTTP/1.1" 200 -
[WebServer] ::ffff:127.0.0.1 - - [03/Sep/2026 16:12:36] "GET /docs/assets/js/geoportal-app.js?v=0.10.49 HTTP/1.1" 200 -
[WebServer] ::ffff:127.0.0.1 - - [03/Sep/2026 16:12:36] "GET /docs/assets/js/geoportal-tour.js?v=0.10.49 HTTP/1.1" 200 -
[WebServer] ::ffff:127.0.0.1 - - [03/Sep/2026 16:12:36] "GET /docs/assets/img/redsa-isotipo-oficial.png HTTP/1.1" 200 -
[WebServer] ::ffff:127.0.0.1 - - [03/Sep/2026 16:12:36] "GET /docs/assets/js/geoportal-catalogo.js?v=0.10.49 HTTP/1.1" 200 -
[WebServer] ::ffff:127.0.0.1 - - [03/Sep/2026 16:12:36] "GET /docs/assets/img/loader-ecuador-contorno.svg HTTP/1.1" 200 -
[WebServer] ::ffff:127.0.0.1 - - [03/Sep/2026 16:12:36] "GET /docs/assets/img/loader-vias-principales.svg HTTP/1.1" 200 -
[WebServer] ::ffff:127.0.0.1 - - [03/Sep/2026 16:12:36] "GET /docs/assets/js/geoportal-app.js?v=0.10.49 HTTP/1.1" 200 -
[WebServer] ::ffff:127.0.0.1 - - [03/Sep/2026 16:12:36] "GET /docs/assets/img/redsa-isotipo-oficial.png HTTP/1.1" 200 -
[WebServer] ::ffff:127.0.0.1 - - [03/Sep/2026 16:12:36] "GET /docs/assets/img/loader-ecuador-contorno.svg HTTP/1.1" 200 -
[WebServer] ::ffff:127.0.0.1 - - [03/Sep/2026 16:12:36] "GET /docs/assets/img/loader-vias-principales.svg HTTP/1.1" 200 -
[WebServer] ::ffff:127.0.0.1 - - [03/Sep/2026 16:12:37] "GET /docs/data/cantones_indice.json HTTP/1.1" 200 -
[WebServer] ::ffff:127.0.0.1 - - [03/Sep/2026 16:12:37] "GET /docs/data/provincias_wgs84.geojson HTTP/1.1" 200 -
[WebServer] ::ffff:127.0.0.1 - - [03/Sep/2026 16:12:37] "GET /docs/data/cantones_indice.json HTTP/1.1" 200 -
[WebServer] ::ffff:127.0.0.1 - - [03/Sep/2026 16:12:37] "GET /docs/data/provincias_wgs84.geojson HTTP/1.1" 200 -
[WebServer] ::ffff:127.0.0.1 - - [03/Sep/2026 16:12:39] "GET /docs/index.html HTTP/1.1" 200 -
[WebServer] ::ffff:127.0.0.1 - - [03/Sep/2026 16:12:39] "GET /docs/assets/css/driver.css HTTP/1.1" 200 -
[WebServer] ::ffff:127.0.0.1 - - [03/Sep/2026 16:12:39] "GET /docs/assets/css/geoportal-core.css?v=0.10.49 HTTP/1.1" 200 -
[WebServer] ::ffff:127.0.0.1 - - [03/Sep/2026 16:12:39] "GET /docs/assets/css/geoportal-experience.css?v=0.10.49 HTTP/1.1" 200 -
[WebServer] ::ffff:127.0.0.1 - - [03/Sep/2026 16:12:39] "GET /docs/assets/css/geoportal-mobile.css?v=0.10.49 HTTP/1.1" 200 -
[WebServer] ::ffff:127.0.0.1 - - [03/Sep/2026 16:12:39] "GET /docs/assets/js/vendor/leaflet-heat.js HTTP/1.1" 200 -
[WebServer] ::ffff:127.0.0.1 - - [03/Sep/2026 16:12:39] "GET /docs/assets/js/vendor/simple-statistics.min.js HTTP/1.1" 200 -
[WebServer] ::ffff:127.0.0.1 - - [03/Sep/2026 16:12:39] "GET /docs/assets/js/vendor/driver.min.js HTTP/1.1" 200 -
[WebServer] ::ffff:127.0.0.1 - - [03/Sep/2026 16:12:39] "GET /docs/assets/js/vendor/html2canvas.min.js HTTP/1.1" 200 -
[WebServer] ::ffff:127.0.0.1 - - [03/Sep/2026 16:12:39] "GET /docs/assets/js/vendor/jspdf.umd.min.js HTTP/1.1" 200 -
[WebServer] ::ffff:127.0.0.1 - - [03/Sep/2026 16:12:39] "GET /docs/assets/js/geoportal-classification.js?v=0.10.49 HTTP/1.1" 200 -
[WebServer] ::ffff:127.0.0.1 - - [03/Sep/2026 16:12:39] "GET /docs/assets/js/geoportal-registry.js?v=0.10.49 HTTP/1.1" 200 -
[WebServer] ::ffff:127.0.0.1 - - [03/Sep/2026 16:12:39] "GET /docs/assets/js/geoportal-overlay-state.js?v=0.10.49 HTTP/1.1" 200 -
[WebServer] ::ffff:127.0.0.1 - - [03/Sep/2026 16:12:39] "GET /docs/assets/js/geoportal-ant-layer.js?v=0.10.49 HTTP/1.1" 200 -
[WebServer] ::ffff:127.0.0.1 - - [03/Sep/2026 16:12:39] "GET /docs/assets/js/geoportal-experience.js?v=0.10.49 HTTP/1.1" 200 -
[WebServer] ::ffff:127.0.0.1 - - [03/Sep/2026 16:12:39] "GET /docs/assets/js/geoportal-state.js?v=0.10.49 HTTP/1.1" 200 -
[WebServer] ::ffff:127.0.0.1 - - [03/Sep/2026 16:12:39] "GET /docs/assets/js/geoportal-territories.js?v=0.10.49 HTTP/1.1" 200 -
[WebServer] ::ffff:127.0.0.1 - - [03/Sep/2026 16:12:39] "GET /docs/assets/js/geoportal-panels.js?v=0.10.49 HTTP/1.1" 200 -
[WebServer] ::ffff:127.0.0.1 - - [03/Sep/2026 16:12:39] "GET /docs/assets/js/geoportal-institutional.js?v=0.10.49 HTTP/1.1" 200 -
[WebServer] ::ffff:127.0.0.1 - - [03/Sep/2026 16:12:39] "GET /docs/assets/js/geoportal-tour.js?v=0.10.49 HTTP/1.1" 200 -
[WebServer] ::ffff:127.0.0.1 - - [03/Sep/2026 16:12:39] "GET /docs/assets/js/geoportal-catalogo.js?v=0.10.49 HTTP/1.1" 200 -
[WebServer] ::ffff:127.0.0.1 - - [03/Sep/2026 16:12:39] "GET /docs/assets/js/geoportal-app.js?v=0.10.49 HTTP/1.1" 200 -
[WebServer] ::ffff:127.0.0.1 - - [03/Sep/2026 16:12:39] "GET /docs/assets/img/redsa-isotipo-oficial.png HTTP/1.1" 200 -
[WebServer] ::ffff:127.0.0.1 - - [03/Sep/2026 16:12:39] "GET /docs/assets/img/loader-ecuador-contorno.svg HTTP/1.1" 200 -
[WebServer] ::ffff:127.0.0.1 - - [03/Sep/2026 16:12:39] "GET /docs/assets/img/loader-vias-principales.svg HTTP/1.1" 200 -
[WebServer] ::ffff:127.0.0.1 - - [03/Sep/2026 16:12:40] "GET /docs/data/provincias_wgs84.geojson HTTP/1.1" 200 -
[WebServer] ::ffff:127.0.0.1 - - [03/Sep/2026 16:12:40] "GET /docs/data/cantones_indice.json HTTP/1.1" 200 -
[WebServer] ::ffff:127.0.0.1 - - [03/Sep/2026 16:12:40] "GET /docs/ HTTP/1.1" 200 -
[WebServer] ::ffff:127.0.0.1 - - [03/Sep/2026 16:12:40] "GET /docs/assets/css/driver.css HTTP/1.1" 200 -
[WebServer] ::ffff:127.0.0.1 - - [03/Sep/2026 16:12:40] "GET /docs/assets/css/geoportal-core.css?v=0.10.49 HTTP/1.1" 200 -
[WebServer] ::ffff:127.0.0.1 - - [03/Sep/2026 16:12:40] "GET /docs/assets/css/geoportal-experience.css?v=0.10.49 HTTP/1.1" 200 -
[WebServer] ::ffff:127.0.0.1 - - [03/Sep/2026 16:12:40] "GET /docs/assets/js/vendor/leaflet-heat.js HTTP/1.1" 200 -
[WebServer] ::ffff:127.0.0.1 - - [03/Sep/2026 16:12:40] "GET /docs/assets/css/geoportal-mobile.css?v=0.10.49 HTTP/1.1" 200 -
[WebServer] ::ffff:127.0.0.1 - - [03/Sep/2026 16:12:40] "GET /docs/assets/js/vendor/simple-statistics.min.js HTTP/1.1" 200 -
[WebServer] ::ffff:127.0.0.1 - - [03/Sep/2026 16:12:40] "GET /docs/assets/js/vendor/driver.min.js HTTP/1.1" 200 -
[WebServer] ::ffff:127.0.0.1 - - [03/Sep/2026 16:12:40] "GET /docs/assets/js/vendor/html2canvas.min.js HTTP/1.1" 200 -
[WebServer] ::ffff:127.0.0.1 - - [03/Sep/2026 16:12:40] "GET /docs/assets/js/vendor/jspdf.umd.min.js HTTP/1.1" 200 -
[WebServer] ::ffff:127.0.0.1 - - [03/Sep/2026 16:12:40] "GET /docs/assets/js/geoportal-classification.js?v=0.10.49 HTTP/1.1" 200 -
[WebServer] ::ffff:127.0.0.1 - - [03/Sep/2026 16:12:40] "GET /docs/assets/js/geoportal-registry.js?v=0.10.49 HTTP/1.1" 200 -
[WebServer] ::ffff:127.0.0.1 - - [03/Sep/2026 16:12:40] "GET /docs/assets/js/geoportal-overlay-state.js?v=0.10.49 HTTP/1.1" 200 -
[WebServer] ::ffff:127.0.0.1 - - [03/Sep/2026 16:12:40] "GET /docs/assets/js/geoportal-ant-layer.js?v=0.10.49 HTTP/1.1" 200 -
[WebServer] ::ffff:127.0.0.1 - - [03/Sep/2026 16:12:40] "GET /docs/assets/js/geoportal-experience.js?v=0.10.49 HTTP/1.1" 200 -
[WebServer] ::ffff:127.0.0.1 - - [03/Sep/2026 16:12:40] "GET /docs/assets/js/geoportal-state.js?v=0.10.49 HTTP/1.1" 200 -
[WebServer] ::ffff:127.0.0.1 - - [03/Sep/2026 16:12:40] "GET /docs/assets/js/geoportal-territories.js?v=0.10.49 HTTP/1.1" 200 -
[WebServer] ::ffff:127.0.0.1 - - [03/Sep/2026 16:12:40] "GET /docs/assets/js/geoportal-panels.js?v=0.10.49 HTTP/1.1" 200 -
[WebServer] ::ffff:127.0.0.1 - - [03/Sep/2026 16:12:40] "GET /docs/assets/js/geoportal-institutional.js?v=0.10.49 HTTP/1.1" 200 -
[WebServer] ::ffff:127.0.0.1 - - [03/Sep/2026 16:12:40] "GET /docs/assets/js/geoportal-tour.js?v=0.10.49 HTTP/1.1" 200 -
[WebServer] ::ffff:127.0.0.1 - - [03/Sep/2026 16:12:40] "GET /docs/assets/js/geoportal-catalogo.js?v=0.10.49 HTTP/1.1" 200 -
[WebServer] ::ffff:127.0.0.1 - - [03/Sep/2026 16:12:40] "GET /docs/assets/img/redsa-isotipo-oficial.png HTTP/1.1" 200 -
[WebServer] ::ffff:127.0.0.1 - - [03/Sep/2026 16:12:40] "GET /docs/assets/js/geoportal-app.js?v=0.10.49 HTTP/1.1" 200 -
[WebServer] ::ffff:127.0.0.1 - - [03/Sep/2026 16:12:40] "GET /docs/assets/img/loader-ecuador-contorno.svg HTTP/1.1" 200 -
[WebServer] ::ffff:127.0.0.1 - - [03/Sep/2026 16:12:40] "GET /docs/assets/img/loader-vias-principales.svg HTTP/1.1" 200 -
[WebServer] ::ffff:127.0.0.1 - - [03/Sep/2026 16:12:41] "GET /docs/data/provincias_wgs84.geojson HTTP/1.1" 200 -
[WebServer] ::ffff:127.0.0.1 - - [03/Sep/2026 16:12:41] "GET /docs/data/cantones_indice.json HTTP/1.1" 200 -
[WebServer] ::ffff:127.0.0.1 - - [03/Sep/2026 16:12:42] "GET /docs/assets/js/ant-layer-worker.js?v=0.10.49 HTTP/1.1" 200 -
[WebServer] ::ffff:127.0.0.1 - - [03/Sep/2026 16:12:42] "GET /docs/assets/js/vendor/supercluster.min.js HTTP/1.1" 200 -
[WebServer] ::ffff:127.0.0.1 - - [03/Sep/2026 16:12:42] "GET /docs/data/siniestros_ant_2025_heat.json?v=ant-public-2026-07-31-location-audit-v1 HTTP/1.1" 200 -
[WebServer] ::ffff:127.0.0.1 - - [03/Sep/2026 16:12:43] "GET /docs/data/cantones_wgs84.geojson HTTP/1.1" 200 -
[WebServer] ::ffff:127.0.0.1 - - [03/Sep/2026 16:12:43] "GET /docs/data/hotspots_cantonales.json HTTP/1.1" 200 -
[WebServer] ::ffff:127.0.0.1 - - [03/Sep/2026 16:12:44] "GET /docs/ HTTP/1.1" 200 -
[WebServer] ::ffff:127.0.0.1 - - [03/Sep/2026 16:12:44] "GET /docs/assets/css/driver.css HTTP/1.1" 200 -
[WebServer] ::ffff:127.0.0.1 - - [03/Sep/2026 16:12:44] "GET /docs/assets/css/geoportal-core.css?v=0.10.49 HTTP/1.1" 200 -
[WebServer] ::ffff:127.0.0.1 - - [03/Sep/2026 16:12:44] "GET /docs/assets/css/geoportal-experience.css?v=0.10.49 HTTP/1.1" 200 -
[WebServer] ::ffff:127.0.0.1 - - [03/Sep/2026 16:12:44] "GET /docs/assets/css/geoportal-mobile.css?v=0.10.49 HTTP/1.1" 200 -
[WebServer] ::ffff:127.0.0.1 - - [03/Sep/2026 16:12:44] "GET /docs/assets/js/vendor/leaflet-heat.js HTTP/1.1" 200 -
[WebServer] ::ffff:127.0.0.1 - - [03/Sep/2026 16:12:44] "GET /docs/data/parroquias_wgs84.geojson HTTP/1.1" 200 -
[WebServer] ::ffff:127.0.0.1 - - [03/Sep/2026 16:12:44] "GET /docs/assets/js/vendor/simple-statistics.min.js HTTP/1.1" 200 -
[WebServer] ::ffff:127.0.0.1 - - [03/Sep/2026 16:12:44] "GET /docs/assets/js/vendor/driver.min.js HTTP/1.1" 200 -
[WebServer] ::ffff:127.0.0.1 - - [03/Sep/2026 16:12:44] "GET /docs/assets/js/vendor/html2canvas.min.js HTTP/1.1" 200 -
[WebServer] ::ffff:127.0.0.1 - - [03/Sep/2026 16:12:44] "GET /docs/assets/js/vendor/jspdf.umd.min.js HTTP/1.1" 200 -
[WebServer] ::ffff:127.0.0.1 - - [03/Sep/2026 16:12:44] "GET /docs/assets/js/geoportal-classification.js?v=0.10.49 HTTP/1.1" 200 -
[WebServer] ::ffff:127.0.0.1 - - [03/Sep/2026 16:12:44] "GET /docs/assets/js/geoportal-state.js?v=0.10.49 HTTP/1.1" 200 -
[WebServer] ::ffff:127.0.0.1 - - [03/Sep/2026 16:12:44] "GET /docs/assets/js/geoportal-experience.js?v=0.10.49 HTTP/1.1" 200 -
[WebServer] ::ffff:127.0.0.1 - - [03/Sep/2026 16:12:44] "GET /docs/assets/js/geoportal-ant-layer.js?v=0.10.49 HTTP/1.1" 200 -
[WebServer] ::ffff:127.0.0.1 - - [03/Sep/2026 16:12:44] "GET /docs/assets/js/geoportal-overlay-state.js?v=0.10.49 HTTP/1.1" 200 -
[WebServer] ::ffff:127.0.0.1 - - [03/Sep/2026 16:12:45] "GET /docs/assets/js/geoportal-registry.js?v=0.10.49 HTTP/1.1" 200 -
[WebServer] ::ffff:127.0.0.1 - - [03/Sep/2026 16:12:45] "GET /docs/assets/js/geoportal-territories.js?v=0.10.49 HTTP/1.1" 200 -
[WebServer] ::ffff:127.0.0.1 - - [03/Sep/2026 16:12:45] "GET /docs/assets/js/geoportal-panels.js?v=0.10.49 HTTP/1.1" 200 -
[WebServer] ::ffff:127.0.0.1 - - [03/Sep/2026 16:12:45] "GET /docs/assets/js/geoportal-institutional.js?v=0.10.49 HTTP/1.1" 200 -
[WebServer] ::ffff:127.0.0.1 - - [03/Sep/2026 16:12:45] "GET /docs/assets/js/geoportal-tour.js?v=0.10.49 HTTP/1.1" 200 -
[WebServer] ::ffff:127.0.0.1 - - [03/Sep/2026 16:12:45] "GET /docs/assets/js/geoportal-catalogo.js?v=0.10.49 HTTP/1.1" 200 -
[WebServer] ::ffff:127.0.0.1 - - [03/Sep/2026 16:12:45] "GET /docs/assets/js/geoportal-app.js?v=0.10.49 HTTP/1.1" 200 -
[WebServer] ::ffff:127.0.0.1 - - [03/Sep/2026 16:12:45] "GET /docs/assets/img/redsa-isotipo-oficial.png HTTP/1.1" 200 -
[WebServer] ::ffff:127.0.0.1 - - [03/Sep/2026 16:12:45] "GET /docs/assets/img/loader-ecuador-contorno.svg HTTP/1.1" 200 -
[WebServer] ::ffff:127.0.0.1 - - [03/Sep/2026 16:12:45] "GET /docs/assets/img/loader-vias-principales.svg HTTP/1.1" 200 -
[WebServer] ::ffff:127.0.0.1 - - [03/Sep/2026 16:12:45] "GET /docs/data/provincias_wgs84.geojson HTTP/1.1" 200 -
[WebServer] ::ffff:127.0.0.1 - - [03/Sep/2026 16:12:45] "GET /docs/data/cantones_indice.json HTTP/1.1" 200 -
[WebServer] ::ffff:127.0.0.1 - - [03/Sep/2026 16:12:46] "GET /docs/ HTTP/1.1" 200 -
[WebServer] ::ffff:127.0.0.1 - - [03/Sep/2026 16:12:46] "GET /docs/assets/css/driver.css HTTP/1.1" 200 -
[WebServer] ::ffff:127.0.0.1 - - [03/Sep/2026 16:12:46] "GET /docs/assets/css/geoportal-core.css?v=0.10.49 HTTP/1.1" 200 -
[WebServer] ::ffff:127.0.0.1 - - [03/Sep/2026 16:12:46] "GET /docs/assets/css/geoportal-experience.css?v=0.10.49 HTTP/1.1" 200 -
[WebServer] ::ffff:127.0.0.1 - - [03/Sep/2026 16:12:46] "GET /docs/assets/css/geoportal-mobile.css?v=0.10.49 HTTP/1.1" 200 -
[WebServer] ::ffff:127.0.0.1 - - [03/Sep/2026 16:12:46] "GET /docs/assets/js/vendor/leaflet-heat.js HTTP/1.1" 200 -
[WebServer] ::ffff:127.0.0.1 - - [03/Sep/2026 16:12:46] "GET /docs/assets/js/vendor/simple-statistics.min.js HTTP/1.1" 200 -
[WebServer] ::ffff:127.0.0.1 - - [03/Sep/2026 16:12:46] "GET /docs/assets/js/vendor/driver.min.js HTTP/1.1" 200 -
[WebServer] ::ffff:127.0.0.1 - - [03/Sep/2026 16:12:46] "GET /docs/assets/js/vendor/html2canvas.min.js HTTP/1.1" 200 -
[WebServer] ::ffff:127.0.0.1 - - [03/Sep/2026 16:12:46] "GET /docs/assets/js/vendor/jspdf.umd.min.js HTTP/1.1" 200 -
[WebServer] ::ffff:127.0.0.1 - - [03/Sep/2026 16:12:47] "GET /docs/assets/js/geoportal-classification.js?v=0.10.49 HTTP/1.1" 200 -
[WebServer] ::ffff:127.0.0.1 - - [03/Sep/2026 16:12:47] "GET /docs/assets/js/geoportal-registry.js?v=0.10.49 HTTP/1.1" 200 -
[WebServer] ::ffff:127.0.0.1 - - [03/Sep/2026 16:12:47] "GET /docs/assets/js/geoportal-overlay-state.js?v=0.10.49 HTTP/1.1" 200 -
[WebServer] ::ffff:127.0.0.1 - - [03/Sep/2026 16:12:47] "GET /docs/assets/js/geoportal-ant-layer.js?v=0.10.49 HTTP/1.1" 200 -
[WebServer] ::ffff:127.0.0.1 - - [03/Sep/2026 16:12:47] "GET /docs/assets/js/geoportal-experience.js?v=0.10.49 HTTP/1.1" 200 -
[WebServer] ::ffff:127.0.0.1 - - [03/Sep/2026 16:12:47] "GET /docs/assets/img/redsa-isotipo-oficial.png HTTP/1.1" 200 -
[WebServer] ::ffff:127.0.0.1 - - [03/Sep/2026 16:12:47] "GET /docs/assets/js/geoportal-state.js?v=0.10.49 HTTP/1.1" 200 -
[WebServer] ::ffff:127.0.0.1 - - [03/Sep/2026 16:12:47] "GET /docs/assets/js/geoportal-territories.js?v=0.10.49 HTTP/1.1" 200 -
[WebServer] ::ffff:127.0.0.1 - - [03/Sep/2026 16:12:47] "GET /docs/assets/js/geoportal-panels.js?v=0.10.49 HTTP/1.1" 200 -
[WebServer] ::ffff:127.0.0.1 - - [03/Sep/2026 16:12:47] "GET /docs/assets/js/geoportal-institutional.js?v=0.10.49 HTTP/1.1" 200 -
[WebServer] ::ffff:127.0.0.1 - - [03/Sep/2026 16:12:47] "GET /docs/assets/js/geoportal-tour.js?v=0.10.49 HTTP/1.1" 200 -
[WebServer] ::ffff:127.0.0.1 - - [03/Sep/2026 16:12:47] "GET /docs/assets/js/geoportal-catalogo.js?v=0.10.49 HTTP/1.1" 200 -
[WebServer] ::ffff:127.0.0.1 - - [03/Sep/2026 16:12:47] "GET /docs/assets/js/geoportal-app.js?v=0.10.49 HTTP/1.1" 200 -
[WebServer] ::ffff:127.0.0.1 - - [03/Sep/2026 16:12:47] "GET /docs/assets/img/loader-ecuador-contorno.svg HTTP/1.1" 200 -
[WebServer] ::ffff:127.0.0.1 - - [03/Sep/2026 16:12:47] "GET /docs/assets/img/loader-vias-principales.svg HTTP/1.1" 200 -
[WebServer] ::ffff:127.0.0.1 - - [03/Sep/2026 16:12:47] "GET /docs/data/cantones_indice.json HTTP/1.1" 200 -
[WebServer] ::ffff:127.0.0.1 - - [03/Sep/2026 16:12:47] "GET /docs/data/provincias_wgs84.geojson HTTP/1.1" 200 -
[WebServer] ::ffff:127.0.0.1 - - [03/Sep/2026 16:12:48] "GET /docs/index.html HTTP/1.1" 200 -
[WebServer] ::ffff:127.0.0.1 - - [03/Sep/2026 16:12:48] "GET /docs/assets/css/driver.css HTTP/1.1" 200 -
[WebServer] ::ffff:127.0.0.1 - - [03/Sep/2026 16:12:48] "GET /docs/assets/css/geoportal-core.css?v=0.10.49 HTTP/1.1" 200 -
[WebServer] ::ffff:127.0.0.1 - - [03/Sep/2026 16:12:48] "GET /docs/assets/css/geoportal-experience.css?v=0.10.49 HTTP/1.1" 200 -
[WebServer] ::ffff:127.0.0.1 - - [03/Sep/2026 16:12:48] "GET /docs/assets/css/geoportal-mobile.css?v=0.10.49 HTTP/1.1" 200 -
[WebServer] ::ffff:127.0.0.1 - - [03/Sep/2026 16:12:48] "GET /docs/assets/js/vendor/leaflet-heat.js HTTP/1.1" 200 -
[WebServer] ::ffff:127.0.0.1 - - [03/Sep/2026 16:12:48] "GET /docs/assets/js/vendor/simple-statistics.min.js HTTP/1.1" 200 -
[WebServer] ::ffff:127.0.0.1 - - [03/Sep/2026 16:12:48] "GET /docs/assets/js/vendor/driver.min.js HTTP/1.1" 200 -
[WebServer] ::ffff:127.0.0.1 - - [03/Sep/2026 16:12:48] "GET /docs/assets/js/vendor/html2canvas.min.js HTTP/1.1" 200 -
[WebServer] ::ffff:127.0.0.1 - - [03/Sep/2026 16:12:49] "GET /docs/assets/js/vendor/jspdf.umd.min.js HTTP/1.1" 200 -
[WebServer] ::ffff:127.0.0.1 - - [03/Sep/2026 16:12:49] "GET /docs/assets/js/geoportal-classification.js?v=0.10.49 HTTP/1.1" 200 -
[WebServer] ::ffff:127.0.0.1 - - [03/Sep/2026 16:12:49] "GET /docs/assets/js/geoportal-registry.js?v=0.10.49 HTTP/1.1" 200 -
[WebServer] ::ffff:127.0.0.1 - - [03/Sep/2026 16:12:49] "GET /docs/assets/js/geoportal-overlay-state.js?v=0.10.49 HTTP/1.1" 200 -
[WebServer] ::ffff:127.0.0.1 - - [03/Sep/2026 16:12:49] "GET /docs/assets/js/geoportal-ant-layer.js?v=0.10.49 HTTP/1.1" 200 -
[WebServer] ::ffff:127.0.0.1 - - [03/Sep/2026 16:12:49] "GET /docs/assets/js/geoportal-experience.js?v=0.10.49 HTTP/1.1" 200 -
[WebServer] ::ffff:127.0.0.1 - - [03/Sep/2026 16:12:49] "GET /docs/assets/js/geoportal-state.js?v=0.10.49 HTTP/1.1" 200 -
[WebServer] ::ffff:127.0.0.1 - - [03/Sep/2026 16:12:49] "GET /docs/assets/js/geoportal-territories.js?v=0.10.49 HTTP/1.1" 200 -
[WebServer] ::ffff:127.0.0.1 - - [03/Sep/2026 16:12:49] "GET /docs/assets/js/geoportal-panels.js?v=0.10.49 HTTP/1.1" 200 -
[WebServer] ::ffff:127.0.0.1 - - [03/Sep/2026 16:12:49] "GET /docs/assets/js/geoportal-institutional.js?v=0.10.49 HTTP/1.1" 200 -
[WebServer] ::ffff:127.0.0.1 - - [03/Sep/2026 16:12:49] "GET /docs/assets/js/geoportal-tour.js?v=0.10.49 HTTP/1.1" 200 -
[WebServer] ::ffff:127.0.0.1 - - [03/Sep/2026 16:12:49] "GET /docs/assets/js/geoportal-catalogo.js?v=0.10.49 HTTP/1.1" 200 -
[WebServer] ::ffff:127.0.0.1 - - [03/Sep/2026 16:12:49] "GET /docs/assets/js/geoportal-app.js?v=0.10.49 HTTP/1.1" 200 -
[WebServer] ::ffff:127.0.0.1 - - [03/Sep/2026 16:12:49] "GET /docs/assets/img/redsa-isotipo-oficial.png HTTP/1.1" 200 -
[WebServer] ::ffff:127.0.0.1 - - [03/Sep/2026 16:12:49] "GET /docs/assets/img/loader-ecuador-contorno.svg HTTP/1.1" 200 -
[WebServer] ::ffff:127.0.0.1 - - [03/Sep/2026 16:12:49] "GET /docs/assets/img/loader-vias-principales.svg HTTP/1.1" 200 -
[WebServer] ::ffff:127.0.0.1 - - [03/Sep/2026 16:12:49] "GET /docs/ HTTP/1.1" 200 -
[WebServer] ::ffff:127.0.0.1 - - [03/Sep/2026 16:12:49] "GET /docs/assets/css/driver.css HTTP/1.1" 200 -
[WebServer] ::ffff:127.0.0.1 - - [03/Sep/2026 16:12:49] "GET /docs/assets/css/geoportal-core.css?v=0.10.49 HTTP/1.1" 200 -
[WebServer] ::ffff:127.0.0.1 - - [03/Sep/2026 16:12:49] "GET /docs/assets/css/geoportal-experience.css?v=0.10.49 HTTP/1.1" 200 -
[WebServer] ::ffff:127.0.0.1 - - [03/Sep/2026 16:12:50] "GET /docs/assets/css/geoportal-mobile.css?v=0.10.49 HTTP/1.1" 200 -
[WebServer] ::ffff:127.0.0.1 - - [03/Sep/2026 16:12:50] "GET /docs/assets/js/vendor/leaflet-heat.js HTTP/1.1" 200 -
[WebServer] ::ffff:127.0.0.1 - - [03/Sep/2026 16:12:50] "GET /docs/data/provincias_wgs84.geojson HTTP/1.1" 200 -
[WebServer] ::ffff:127.0.0.1 - - [03/Sep/2026 16:12:50] "GET /docs/assets/js/vendor/simple-statistics.min.js HTTP/1.1" 200 -
[WebServer] ::ffff:127.0.0.1 - - [03/Sep/2026 16:12:50] "GET /docs/assets/js/vendor/driver.min.js HTTP/1.1" 200 -
[WebServer] ::ffff:127.0.0.1 - - [03/Sep/2026 16:12:50] "GET /docs/assets/js/vendor/html2canvas.min.js HTTP/1.1" 200 -
[WebServer] ::ffff:127.0.0.1 - - [03/Sep/2026 16:12:50] "GET /docs/assets/js/vendor/jspdf.umd.min.js HTTP/1.1" 200 -
[WebServer] ::ffff:127.0.0.1 - - [03/Sep/2026 16:12:50] "GET /docs/assets/img/redsa-isotipo-oficial.png HTTP/1.1" 200 -
[WebServer] ::ffff:127.0.0.1 - - [03/Sep/2026 16:12:50] "GET /docs/assets/js/geoportal-classification.js?v=0.10.49 HTTP/1.1" 200 -
[WebServer] ::ffff:127.0.0.1 - - [03/Sep/2026 16:12:50] "GET /docs/assets/js/geoportal-registry.js?v=0.10.49 HTTP/1.1" 200 -
[WebServer] ::ffff:127.0.0.1 - - [03/Sep/2026 16:12:50] "GET /docs/assets/js/geoportal-overlay-state.js?v=0.10.49 HTTP/1.1" 200 -
[WebServer] ::ffff:127.0.0.1 - - [03/Sep/2026 16:12:50] "GET /docs/assets/js/geoportal-ant-layer.js?v=0.10.49 HTTP/1.1" 200 -
[WebServer] ::ffff:127.0.0.1 - - [03/Sep/2026 16:12:50] "GET /docs/assets/js/geoportal-experience.js?v=0.10.49 HTTP/1.1" 200 -
[WebServer] ::ffff:127.0.0.1 - - [03/Sep/2026 16:12:50] "GET /docs/data/cantones_indice.json HTTP/1.1" 200 -
[WebServer] ::ffff:127.0.0.1 - - [03/Sep/2026 16:12:50] "GET /docs/assets/js/geoportal-state.js?v=0.10.49 HTTP/1.1" 200 -
[WebServer] ::ffff:127.0.0.1 - - [03/Sep/2026 16:12:50] "GET /docs/assets/js/geoportal-territories.js?v=0.10.49 HTTP/1.1" 200 -
[WebServer] ::ffff:127.0.0.1 - - [03/Sep/2026 16:12:51] "GET /docs/assets/js/geoportal-panels.js?v=0.10.49 HTTP/1.1" 200 -
[WebServer] ::ffff:127.0.0.1 - - [03/Sep/2026 16:12:51] "GET /docs/assets/js/geoportal-institutional.js?v=0.10.49 HTTP/1.1" 200 -
[WebServer] ::ffff:127.0.0.1 - - [03/Sep/2026 16:12:51] "GET /docs/assets/js/geoportal-tour.js?v=0.10.49 HTTP/1.1" 200 -
[WebServer] ::ffff:127.0.0.1 - - [03/Sep/2026 16:12:51] "GET /docs/assets/js/geoportal-catalogo.js?v=0.10.49 HTTP/1.1" 200 -
[WebServer] ::ffff:127.0.0.1 - - [03/Sep/2026 16:12:51] "GET /docs/assets/js/geoportal-app.js?v=0.10.49 HTTP/1.1" 200 -
[WebServer] ::ffff:127.0.0.1 - - [03/Sep/2026 16:12:51] "GET /docs/assets/img/loader-ecuador-contorno.svg HTTP/1.1" 200 -
[WebServer] ::ffff:127.0.0.1 - - [03/Sep/2026 16:12:51] "GET /docs/data/cantones_indice.json HTTP/1.1" 200 -
[WebServer] ::ffff:127.0.0.1 - - [03/Sep/2026 16:12:51] "GET /docs/data/provincias_wgs84.geojson HTTP/1.1" 200 -
[WebServer] ::ffff:127.0.0.1 - - [03/Sep/2026 16:12:51] "GET /docs/assets/img/loader-vias-principales.svg HTTP/1.1" 200 -
[WebServer] ::ffff:127.0.0.1 - - [03/Sep/2026 16:12:53] "GET /docs/index.html HTTP/1.1" 200 -
[WebServer] ::ffff:127.0.0.1 - - [03/Sep/2026 16:12:53] "GET /docs/assets/css/driver.css HTTP/1.1" 200 -
[WebServer] ::ffff:127.0.0.1 - - [03/Sep/2026 16:12:53] "GET /docs/assets/css/geoportal-core.css?v=0.10.49 HTTP/1.1" 200 -
[WebServer] ::ffff:127.0.0.1 - - [03/Sep/2026 16:12:53] "GET /docs/assets/css/geoportal-experience.css?v=0.10.49 HTTP/1.1" 200 -
[WebServer] ::ffff:127.0.0.1 - - [03/Sep/2026 16:12:53] "GET /docs/assets/css/geoportal-mobile.css?v=0.10.49 HTTP/1.1" 200 -
[WebServer] ::ffff:127.0.0.1 - - [03/Sep/2026 16:12:53] "GET /docs/assets/js/vendor/leaflet-heat.js HTTP/1.1" 200 -
[WebServer] ::ffff:127.0.0.1 - - [03/Sep/2026 16:12:53] "GET /docs/assets/js/vendor/simple-statistics.min.js HTTP/1.1" 200 -
[WebServer] ::ffff:127.0.0.1 - - [03/Sep/2026 16:12:53] "GET /docs/assets/js/vendor/driver.min.js HTTP/1.1" 200 -
[WebServer] ::ffff:127.0.0.1 - - [03/Sep/2026 16:12:53] "GET /docs/assets/js/vendor/html2canvas.min.js HTTP/1.1" 200 -
[WebServer] ::ffff:127.0.0.1 - - [03/Sep/2026 16:12:53] "GET /docs/assets/js/vendor/jspdf.umd.min.js HTTP/1.1" 200 -
[WebServer] ::ffff:127.0.0.1 - - [03/Sep/2026 16:12:53] "GET /docs/assets/js/geoportal-classification.js?v=0.10.49 HTTP/1.1" 200 -
[WebServer] ::ffff:127.0.0.1 - - [03/Sep/2026 16:12:53] "GET /docs/assets/js/geoportal-registry.js?v=0.10.49 HTTP/1.1" 200 -
[WebServer] ::ffff:127.0.0.1 - - [03/Sep/2026 16:12:53] "GET /docs/assets/js/geoportal-overlay-state.js?v=0.10.49 HTTP/1.1" 200 -
[WebServer] ::ffff:127.0.0.1 - - [03/Sep/2026 16:12:53] "GET /docs/assets/js/geoportal-ant-layer.js?v=0.10.49 HTTP/1.1" 200 -
[WebServer] ::ffff:127.0.0.1 - - [03/Sep/2026 16:12:53] "GET /docs/assets/js/geoportal-experience.js?v=0.10.49 HTTP/1.1" 200 -
[WebServer] ::ffff:127.0.0.1 - - [03/Sep/2026 16:12:53] "GET /docs/assets/js/geoportal-state.js?v=0.10.49 HTTP/1.1" 200 -
[WebServer] ::ffff:127.0.0.1 - - [03/Sep/2026 16:12:53] "GET /docs/assets/js/geoportal-territories.js?v=0.10.49 HTTP/1.1" 200 -
[WebServer] ::ffff:127.0.0.1 - - [03/Sep/2026 16:12:53] "GET /docs/assets/js/geoportal-panels.js?v=0.10.49 HTTP/1.1" 200 -
[WebServer] ::ffff:127.0.0.1 - - [03/Sep/2026 16:12:53] "GET /docs/assets/js/geoportal-institutional.js?v=0.10.49 HTTP/1.1" 200 -
[WebServer] ::ffff:127.0.0.1 - - [03/Sep/2026 16:12:53] "GET /docs/assets/js/geoportal-tour.js?v=0.10.49 HTTP/1.1" 200 -
[WebServer] ::ffff:127.0.0.1 - - [03/Sep/2026 16:12:53] "GET /docs/assets/js/geoportal-catalogo.js?v=0.10.49 HTTP/1.1" 200 -
[WebServer] ::ffff:127.0.0.1 - - [03/Sep/2026 16:12:53] "GET /docs/assets/js/geoportal-app.js?v=0.10.49 HTTP/1.1" 200 -
[WebServer] ::ffff:127.0.0.1 - - [03/Sep/2026 16:12:53] "GET /docs/assets/img/redsa-isotipo-oficial.png HTTP/1.1" 200 -
[WebServer] ::ffff:127.0.0.1 - - [03/Sep/2026 16:12:53] "GET /docs/assets/img/loader-ecuador-contorno.svg HTTP/1.1" 200 -
[WebServer] ::ffff:127.0.0.1 - - [03/Sep/2026 16:12:53] "GET /docs/assets/img/loader-vias-principales.svg HTTP/1.1" 200 -
[WebServer] ::ffff:127.0.0.1 - - [03/Sep/2026 16:12:53] "GET /docs/data/provincias_wgs84.geojson HTTP/1.1" 200 -
[WebServer] ::ffff:127.0.0.1 - - [03/Sep/2026 16:12:53] "GET /docs/data/cantones_indice.json HTTP/1.1" 200 -
[WebServer] ::ffff:127.0.0.1 - - [03/Sep/2026 16:12:55] "GET /docs/assets/js/ant-layer-worker.js?v=0.10.49 HTTP/1.1" 200 -
[WebServer] ::ffff:127.0.0.1 - - [03/Sep/2026 16:12:55] "GET /docs/assets/js/vendor/supercluster.min.js HTTP/1.1" 200 -
[WebServer] ::ffff:127.0.0.1 - - [03/Sep/2026 16:12:56] "GET /docs/data/siniestros_ant_2025_heat.json?v=ant-public-2026-07-31-location-audit-v1 HTTP/1.1" 200 -
[WebServer] ::ffff:127.0.0.1 - - [03/Sep/2026 16:12:58] "GET /docs/data/siniestros_ant_2025.geojson?v=ant-public-2026-07-31-location-audit-v1 HTTP/1.1" 200 -
[WebServer] ::ffff:127.0.0.1 - - [03/Sep/2026 16:13:01] "GET /docs/ HTTP/1.1" 200 -
[WebServer] ::ffff:127.0.0.1 - - [03/Sep/2026 16:13:01] "GET /docs/assets/css/driver.css HTTP/1.1" 200 -
[WebServer] ::ffff:127.0.0.1 - - [03/Sep/2026 16:13:01] "GET /docs/assets/css/geoportal-core.css?v=0.10.49 HTTP/1.1" 200 -
[WebServer] ::ffff:127.0.0.1 - - [03/Sep/2026 16:13:01] "GET /docs/assets/css/geoportal-experience.css?v=0.10.49 HTTP/1.1" 200 -
[WebServer] ::ffff:127.0.0.1 - - [03/Sep/2026 16:13:01] "GET /docs/assets/css/geoportal-mobile.css?v=0.10.49 HTTP/1.1" 200 -
[WebServer] ::ffff:127.0.0.1 - - [03/Sep/2026 16:13:01] "GET /docs/assets/js/vendor/leaflet-heat.js HTTP/1.1" 200 -
[WebServer] ::ffff:127.0.0.1 - - [03/Sep/2026 16:13:01] "GET /docs/assets/js/vendor/simple-statistics.min.js HTTP/1.1" 200 -
[WebServer] ::ffff:127.0.0.1 - - [03/Sep/2026 16:13:01] "GET /docs/index.html HTTP/1.1" 200 -
[WebServer] ::ffff:127.0.0.1 - - [03/Sep/2026 16:13:01] "GET /docs/assets/js/vendor/driver.min.js HTTP/1.1" 200 -
[WebServer] ::ffff:127.0.0.1 - - [03/Sep/2026 16:13:01] "GET /docs/assets/js/vendor/html2canvas.min.js HTTP/1.1" 200 -
[WebServer] ::ffff:127.0.0.1 - - [03/Sep/2026 16:13:01] "GET /docs/assets/css/driver.css HTTP/1.1" 200 -
[WebServer] ::ffff:127.0.0.1 - - [03/Sep/2026 16:13:01] "GET /docs/assets/css/geoportal-core.css?v=0.10.49 HTTP/1.1" 200 -
[WebServer] ::ffff:127.0.0.1 - - [03/Sep/2026 16:13:01] "GET /docs/assets/css/geoportal-experience.css?v=0.10.49 HTTP/1.1" 200 -
[WebServer] ::ffff:127.0.0.1 - - [03/Sep/2026 16:13:01] "GET /docs/assets/css/geoportal-mobile.css?v=0.10.49 HTTP/1.1" 200 -
[WebServer] ::ffff:127.0.0.1 - - [03/Sep/2026 16:13:01] "GET /docs/assets/js/vendor/leaflet-heat.js HTTP/1.1" 200 -
[WebServer] ::ffff:127.0.0.1 - - [03/Sep/2026 16:13:01] "GET /docs/assets/js/vendor/jspdf.umd.min.js HTTP/1.1" 200 -
[WebServer] ::ffff:127.0.0.1 - - [03/Sep/2026 16:13:01] "GET /docs/assets/js/vendor/simple-statistics.min.js HTTP/1.1" 200 -
[WebServer] ::ffff:127.0.0.1 - - [03/Sep/2026 16:13:01] "GET /docs/assets/js/vendor/driver.min.js HTTP/1.1" 200 -
[WebServer] ::ffff:127.0.0.1 - - [03/Sep/2026 16:13:01] "GET /docs/assets/js/vendor/html2canvas.min.js HTTP/1.1" 200 -
[WebServer] ::ffff:127.0.0.1 - - [03/Sep/2026 16:13:01] "GET /docs/assets/js/geoportal-classification.js?v=0.10.49 HTTP/1.1" 200 -
[WebServer] ::ffff:127.0.0.1 - - [03/Sep/2026 16:13:01] "GET /docs/assets/js/vendor/jspdf.umd.min.js HTTP/1.1" 200 -
[WebServer] ::ffff:127.0.0.1 - - [03/Sep/2026 16:13:01] "GET /docs/assets/js/geoportal-classification.js?v=0.10.49 HTTP/1.1" 200 -
[WebServer] ::ffff:127.0.0.1 - - [03/Sep/2026 16:13:01] "GET /docs/assets/js/geoportal-registry.js?v=0.10.49 HTTP/1.1" 200 -
[WebServer] ::ffff:127.0.0.1 - - [03/Sep/2026 16:13:01] "GET /docs/assets/js/geoportal-overlay-state.js?v=0.10.49 HTTP/1.1" 200 -
[WebServer] ::ffff:127.0.0.1 - - [03/Sep/2026 16:13:01] "GET /docs/assets/js/geoportal-ant-layer.js?v=0.10.49 HTTP/1.1" 200 -
[WebServer] ::ffff:127.0.0.1 - - [03/Sep/2026 16:13:01] "GET /docs/assets/js/geoportal-experience.js?v=0.10.49 HTTP/1.1" 200 -
[WebServer] ::ffff:127.0.0.1 - - [03/Sep/2026 16:13:01] "GET /docs/assets/js/geoportal-registry.js?v=0.10.49 HTTP/1.1" 200 -
[WebServer] ::ffff:127.0.0.1 - - [03/Sep/2026 16:13:01] "GET /docs/assets/js/geoportal-overlay-state.js?v=0.10.49 HTTP/1.1" 200 -
[WebServer] ::ffff:127.0.0.1 - - [03/Sep/2026 16:13:01] "GET /docs/assets/js/geoportal-state.js?v=0.10.49 HTTP/1.1" 200 -
[WebServer] ::ffff:127.0.0.1 - - [03/Sep/2026 16:13:01] "GET /docs/assets/js/geoportal-territories.js?v=0.10.49 HTTP/1.1" 200 -
[WebServer] ::ffff:127.0.0.1 - - [03/Sep/2026 16:13:01] "GET /docs/assets/js/geoportal-ant-layer.js?v=0.10.49 HTTP/1.1" 200 -
[WebServer] ::ffff:127.0.0.1 - - [03/Sep/2026 16:13:01] "GET /docs/assets/js/geoportal-panels.js?v=0.10.49 HTTP/1.1" 200 -
[WebServer] ::ffff:127.0.0.1 - - [03/Sep/2026 16:13:01] "GET /docs/assets/js/geoportal-institutional.js?v=0.10.49 HTTP/1.1" 200 -
[WebServer] ::ffff:127.0.0.1 - - [03/Sep/2026 16:13:01] "GET /docs/assets/js/geoportal-tour.js?v=0.10.49 HTTP/1.1" 200 -
[WebServer] ::ffff:127.0.0.1 - - [03/Sep/2026 16:13:01] "GET /docs/assets/js/geoportal-experience.js?v=0.10.49 HTTP/1.1" 200 -
[WebServer] ::ffff:127.0.0.1 - - [03/Sep/2026 16:13:01] "GET /docs/assets/js/geoportal-catalogo.js?v=0.10.49 HTTP/1.1" 200 -
[WebServer] ::ffff:127.0.0.1 - - [03/Sep/2026 16:13:01] "GET /docs/assets/js/geoportal-app.js?v=0.10.49 HTTP/1.1" 200 -
[WebServer] ::ffff:127.0.0.1 - - [03/Sep/2026 16:13:01] "GET /docs/assets/img/redsa-isotipo-oficial.png HTTP/1.1" 200 -
[WebServer] ::ffff:127.0.0.1 - - [03/Sep/2026 16:13:01] "GET /docs/assets/img/loader-ecuador-contorno.svg HTTP/1.1" 200 -
[WebServer] ::ffff:127.0.0.1 - - [03/Sep/2026 16:13:01] "GET /docs/assets/js/geoportal-state.js?v=0.10.49 HTTP/1.1" 200 -
[WebServer] ::ffff:127.0.0.1 - - [03/Sep/2026 16:13:01] "GET /docs/assets/js/geoportal-territories.js?v=0.10.49 HTTP/1.1" 200 -
[WebServer] ::ffff:127.0.0.1 - - [03/Sep/2026 16:13:01] "GET /docs/assets/js/geoportal-panels.js?v=0.10.49 HTTP/1.1" 200 -
[WebServer] ::ffff:127.0.0.1 - - [03/Sep/2026 16:13:01] "GET /docs/assets/js/geoportal-institutional.js?v=0.10.49 HTTP/1.1" 200 -
[WebServer] ::ffff:127.0.0.1 - - [03/Sep/2026 16:13:01] "GET /docs/assets/js/geoportal-tour.js?v=0.10.49 HTTP/1.1" 200 -
[WebServer] ::ffff:127.0.0.1 - - [03/Sep/2026 16:13:01] "GET /docs/assets/js/geoportal-catalogo.js?v=0.10.49 HTTP/1.1" 200 -
[WebServer] ::ffff:127.0.0.1 - - [03/Sep/2026 16:13:01] "GET /docs/assets/js/geoportal-app.js?v=0.10.49 HTTP/1.1" 200 -
[WebServer] ::ffff:127.0.0.1 - - [03/Sep/2026 16:13:01] "GET /docs/assets/img/redsa-isotipo-oficial.png HTTP/1.1" 200 -
[WebServer] ::ffff:127.0.0.1 - - [03/Sep/2026 16:13:01] "GET /docs/assets/img/loader-ecuador-contorno.svg HTTP/1.1" 200 -
[WebServer] ::ffff:127.0.0.1 - - [03/Sep/2026 16:13:01] "GET /docs/assets/img/loader-vias-principales.svg HTTP/1.1" 200 -
[WebServer] ::ffff:127.0.0.1 - - [03/Sep/2026 16:13:02] "GET /docs/assets/img/loader-vias-principales.svg HTTP/1.1" 200 -
[WebServer] ::ffff:127.0.0.1 - - [03/Sep/2026 16:13:02] "GET /docs/data/provincias_wgs84.geojson HTTP/1.1" 200 -
[WebServer] ::ffff:127.0.0.1 - - [03/Sep/2026 16:13:02] "GET /docs/data/cantones_indice.json HTTP/1.1" 200 -
[WebServer] ::ffff:127.0.0.1 - - [03/Sep/2026 16:13:02] "GET /docs/data/provincias_wgs84.geojson HTTP/1.1" 200 -
[WebServer] ::ffff:127.0.0.1 - - [03/Sep/2026 16:13:03] "GET /docs/data/cantones_indice.json HTTP/1.1" 200 -
[WebServer] ::ffff:127.0.0.1 - - [03/Sep/2026 16:13:04] "GET /docs/ HTTP/1.1" 200 -
[WebServer] ::ffff:127.0.0.1 - - [03/Sep/2026 16:13:04] "GET /docs/assets/css/driver.css HTTP/1.1" 200 -
[WebServer] ::ffff:127.0.0.1 - - [03/Sep/2026 16:13:04] "GET /docs/assets/css/geoportal-core.css?v=0.10.49 HTTP/1.1" 200 -
[WebServer] ::ffff:127.0.0.1 - - [03/Sep/2026 16:13:04] "GET /docs/assets/css/geoportal-experience.css?v=0.10.49 HTTP/1.1" 200 -
[WebServer] ::ffff:127.0.0.1 - - [03/Sep/2026 16:13:04] "GET /docs/assets/css/geoportal-mobile.css?v=0.10.49 HTTP/1.1" 200 -
[WebServer] ::ffff:127.0.0.1 - - [03/Sep/2026 16:13:04] "GET /docs/assets/js/vendor/leaflet-heat.js HTTP/1.1" 200 -
[WebServer] ::ffff:127.0.0.1 - - [03/Sep/2026 16:13:04] "GET /docs/assets/js/vendor/simple-statistics.min.js HTTP/1.1" 200 -
[WebServer] ::ffff:127.0.0.1 - - [03/Sep/2026 16:13:04] "GET /docs/assets/js/vendor/driver.min.js HTTP/1.1" 200 -
[WebServer] ::ffff:127.0.0.1 - - [03/Sep/2026 16:13:04] "GET /docs/assets/js/vendor/html2canvas.min.js HTTP/1.1" 200 -
[WebServer] ::ffff:127.0.0.1 - - [03/Sep/2026 16:13:04] "GET /docs/assets/js/vendor/jspdf.umd.min.js HTTP/1.1" 200 -
[WebServer] ::ffff:127.0.0.1 - - [03/Sep/2026 16:13:04] "GET /docs/assets/js/geoportal-classification.js?v=0.10.49 HTTP/1.1" 200 -
[WebServer] ::ffff:127.0.0.1 - - [03/Sep/2026 16:13:04] "GET /docs/assets/js/geoportal-registry.js?v=0.10.49 HTTP/1.1" 200 -
[WebServer] ::ffff:127.0.0.1 - - [03/Sep/2026 16:13:04] "GET /docs/assets/js/geoportal-overlay-state.js?v=0.10.49 HTTP/1.1" 200 -
[WebServer] ::ffff:127.0.0.1 - - [03/Sep/2026 16:13:04] "GET /docs/assets/js/geoportal-ant-layer.js?v=0.10.49 HTTP/1.1" 200 -
[WebServer] ::ffff:127.0.0.1 - - [03/Sep/2026 16:13:04] "GET /docs/assets/js/geoportal-experience.js?v=0.10.49 HTTP/1.1" 200 -
[WebServer] ::ffff:127.0.0.1 - - [03/Sep/2026 16:13:05] "GET /docs/assets/js/geoportal-state.js?v=0.10.49 HTTP/1.1" 200 -
[WebServer] ::ffff:127.0.0.1 - - [03/Sep/2026 16:13:05] "GET /docs/assets/js/geoportal-territories.js?v=0.10.49 HTTP/1.1" 200 -
[WebServer] ::ffff:127.0.0.1 - - [03/Sep/2026 16:13:05] "GET /docs/assets/js/geoportal-panels.js?v=0.10.49 HTTP/1.1" 200 -
[WebServer] ::ffff:127.0.0.1 - - [03/Sep/2026 16:13:05] "GET /docs/assets/js/geoportal-institutional.js?v=0.10.49 HTTP/1.1" 200 -
[WebServer] ::ffff:127.0.0.1 - - [03/Sep/2026 16:13:05] "GET /docs/assets/js/geoportal-tour.js?v=0.10.49 HTTP/1.1" 200 -
[WebServer] ::ffff:127.0.0.1 - - [03/Sep/2026 16:13:05] "GET /docs/assets/js/geoportal-catalogo.js?v=0.10.49 HTTP/1.1" 200 -
[WebServer] ::ffff:127.0.0.1 - - [03/Sep/2026 16:13:05] "GET /docs/assets/js/geoportal-app.js?v=0.10.49 HTTP/1.1" 200 -
[WebServer] ::ffff:127.0.0.1 - - [03/Sep/2026 16:13:05] "GET /docs/assets/img/redsa-isotipo-oficial.png HTTP/1.1" 200 -
[WebServer] ::ffff:127.0.0.1 - - [03/Sep/2026 16:13:05] "GET /docs/assets/img/loader-ecuador-contorno.svg HTTP/1.1" 200 -
[WebServer] ::ffff:127.0.0.1 - - [03/Sep/2026 16:13:05] "GET /docs/assets/img/loader-vias-principales.svg HTTP/1.1" 200 -
[WebServer] ::ffff:127.0.0.1 - - [03/Sep/2026 16:13:05] "GET /docs/assets/js/ant-layer-worker.js?v=0.10.49 HTTP/1.1" 200 -
[WebServer] ::ffff:127.0.0.1 - - [03/Sep/2026 16:13:06] "GET /docs/data/provincias_wgs84.geojson HTTP/1.1" 200 -
[WebServer] ::ffff:127.0.0.1 - - [03/Sep/2026 16:13:06] "GET /docs/data/cantones_indice.json HTTP/1.1" 200 -
[WebServer] ::ffff:127.0.0.1 - - [03/Sep/2026 16:13:06] "GET /docs/assets/js/vendor/supercluster.min.js HTTP/1.1" 200 -
[WebServer] ::ffff:127.0.0.1 - - [03/Sep/2026 16:13:06] "GET /docs/data/siniestros_ant_2025_heat.json?v=ant-public-2026-07-31-location-audit-v1 HTTP/1.1" 200 -
[WebServer] ::ffff:127.0.0.1 - - [03/Sep/2026 16:13:07] "GET /docs/data/catalogo_metadatos.json HTTP/1.1" 200 -
[WebServer] ::ffff:127.0.0.1 - - [03/Sep/2026 16:13:08] "GET /docs/data/siniestros_ant_2025.geojson?v=ant-public-2026-07-31-location-audit-v1 HTTP/1.1" 200 -
[WebServer] ::ffff:127.0.0.1 - - [03/Sep/2026 16:13:10] "GET /docs/data/provincias_wgs84.geojson HTTP/1.1" 200 -
[WebServer] ::ffff:127.0.0.1 - - [03/Sep/2026 16:13:11] "GET /docs/index.html HTTP/1.1" 200 -
[WebServer] ::ffff:127.0.0.1 - - [03/Sep/2026 16:13:11] "GET /docs/assets/css/driver.css HTTP/1.1" 200 -
[WebServer] ::ffff:127.0.0.1 - - [03/Sep/2026 16:13:11] "GET /docs/assets/css/geoportal-experience.css?v=0.10.49 HTTP/1.1" 200 -
[WebServer] ::ffff:127.0.0.1 - - [03/Sep/2026 16:13:11] "GET /docs/assets/css/geoportal-core.css?v=0.10.49 HTTP/1.1" 200 -
[WebServer] ::ffff:127.0.0.1 - - [03/Sep/2026 16:13:11] "GET /docs/assets/css/geoportal-mobile.css?v=0.10.49 HTTP/1.1" 200 -
[WebServer] ::ffff:127.0.0.1 - - [03/Sep/2026 16:13:11] "GET /docs/assets/js/vendor/leaflet-heat.js HTTP/1.1" 200 -
[WebServer] ::ffff:127.0.0.1 - - [03/Sep/2026 16:13:11] "GET /docs/assets/js/vendor/simple-statistics.min.js HTTP/1.1" 200 -
[WebServer] ::ffff:127.0.0.1 - - [03/Sep/2026 16:13:11] "GET /docs/assets/js/vendor/driver.min.js HTTP/1.1" 200 -
[WebServer] ::ffff:127.0.0.1 - - [03/Sep/2026 16:13:11] "GET /docs/assets/js/vendor/html2canvas.min.js HTTP/1.1" 200 -
[WebServer] ::ffff:127.0.0.1 - - [03/Sep/2026 16:13:11] "GET /docs/assets/js/vendor/jspdf.umd.min.js HTTP/1.1" 200 -
[WebServer] ::ffff:127.0.0.1 - - [03/Sep/2026 16:13:11] "GET /docs/assets/js/geoportal-classification.js?v=0.10.49 HTTP/1.1" 200 -
[WebServer] ::ffff:127.0.0.1 - - [03/Sep/2026 16:13:11] "GET /docs/assets/js/geoportal-registry.js?v=0.10.49 HTTP/1.1" 200 -
[WebServer] ::ffff:127.0.0.1 - - [03/Sep/2026 16:13:11] "GET /docs/assets/js/geoportal-overlay-state.js?v=0.10.49 HTTP/1.1" 200 -
[WebServer] ::ffff:127.0.0.1 - - [03/Sep/2026 16:13:11] "GET /docs/assets/js/geoportal-experience.js?v=0.10.49 HTTP/1.1" 200 -
[WebServer] ::ffff:127.0.0.1 - - [03/Sep/2026 16:13:11] "GET /docs/assets/js/geoportal-ant-layer.js?v=0.10.49 HTTP/1.1" 200 -
[WebServer] ::ffff:127.0.0.1 - - [03/Sep/2026 16:13:11] "GET /docs/assets/js/geoportal-panels.js?v=0.10.49 HTTP/1.1" 200 -
[WebServer] ::ffff:127.0.0.1 - - [03/Sep/2026 16:13:11] "GET /docs/assets/js/geoportal-territories.js?v=0.10.49 HTTP/1.1" 200 -
[WebServer] ::ffff:127.0.0.1 - - [03/Sep/2026 16:13:11] "GET /docs/assets/js/geoportal-state.js?v=0.10.49 HTTP/1.1" 200 -
[WebServer] ::ffff:127.0.0.1 - - [03/Sep/2026 16:13:11] "GET /docs/assets/js/geoportal-institutional.js?v=0.10.49 HTTP/1.1" 200 -
[WebServer] ::ffff:127.0.0.1 - - [03/Sep/2026 16:13:11] "GET /docs/assets/js/geoportal-tour.js?v=0.10.49 HTTP/1.1" 200 -
[WebServer] ::ffff:127.0.0.1 - - [03/Sep/2026 16:13:11] "GET /docs/assets/js/geoportal-app.js?v=0.10.49 HTTP/1.1" 200 -
[WebServer] ::ffff:127.0.0.1 - - [03/Sep/2026 16:13:11] "GET /docs/assets/img/redsa-isotipo-oficial.png HTTP/1.1" 200 -
[WebServer] ::ffff:127.0.0.1 - - [03/Sep/2026 16:13:11] "GET /docs/assets/js/geoportal-catalogo.js?v=0.10.49 HTTP/1.1" 200 -
[WebServer] ::ffff:127.0.0.1 - - [03/Sep/2026 16:13:11] "GET /docs/assets/img/loader-ecuador-contorno.svg HTTP/1.1" 200 -
[WebServer] ::ffff:127.0.0.1 - - [03/Sep/2026 16:13:11] "GET /docs/assets/img/loader-vias-principales.svg HTTP/1.1" 200 -
[WebServer] ::ffff:127.0.0.1 - - [03/Sep/2026 16:13:12] "GET /docs/data/provincias_wgs84.geojson HTTP/1.1" 200 -
[WebServer] ::ffff:127.0.0.1 - - [03/Sep/2026 16:13:12] "GET /docs/data/cantones_indice.json HTTP/1.1" 200 -
[WebServer] ::ffff:127.0.0.1 - - [03/Sep/2026 16:13:14] "GET /docs/ HTTP/1.1" 200 -
[WebServer] ::ffff:127.0.0.1 - - [03/Sep/2026 16:13:14] "GET /docs/assets/css/geoportal-core.css?v=0.10.49 HTTP/1.1" 200 -
[WebServer] ::ffff:127.0.0.1 - - [03/Sep/2026 16:13:14] "GET /docs/assets/css/geoportal-experience.css?v=0.10.49 HTTP/1.1" 200 -
[WebServer] ::ffff:127.0.0.1 - - [03/Sep/2026 16:13:14] "GET /docs/assets/css/driver.css HTTP/1.1" 200 -
[WebServer] ::ffff:127.0.0.1 - - [03/Sep/2026 16:13:14] "GET /docs/assets/css/geoportal-mobile.css?v=0.10.49 HTTP/1.1" 200 -
[WebServer] ::ffff:127.0.0.1 - - [03/Sep/2026 16:13:14] "GET /docs/assets/js/vendor/leaflet-heat.js HTTP/1.1" 200 -
[WebServer] ::ffff:127.0.0.1 - - [03/Sep/2026 16:13:14] "GET /docs/assets/js/vendor/simple-statistics.min.js HTTP/1.1" 200 -
[WebServer] ::ffff:127.0.0.1 - - [03/Sep/2026 16:13:14] "GET /docs/assets/js/ant-layer-worker.js?v=0.10.49 HTTP/1.1" 200 -
[WebServer] ::ffff:127.0.0.1 - - [03/Sep/2026 16:13:14] "GET /docs/assets/js/vendor/driver.min.js HTTP/1.1" 200 -
[WebServer] ::ffff:127.0.0.1 - - [03/Sep/2026 16:13:14] "GET /docs/assets/js/vendor/html2canvas.min.js HTTP/1.1" 200 -
[WebServer] ::ffff:127.0.0.1 - - [03/Sep/2026 16:13:14] "GET /docs/assets/js/vendor/jspdf.umd.min.js HTTP/1.1" 200 -
[WebServer] ::ffff:127.0.0.1 - - [03/Sep/2026 16:13:14] "GET /docs/assets/js/vendor/supercluster.min.js HTTP/1.1" 200 -
[WebServer] ::ffff:127.0.0.1 - - [03/Sep/2026 16:13:14] "GET /docs/assets/js/geoportal-classification.js?v=0.10.49 HTTP/1.1" 200 -
[WebServer] ::ffff:127.0.0.1 - - [03/Sep/2026 16:13:14] "GET /docs/data/siniestros_ant_2025_heat.json?v=ant-public-2026-07-31-location-audit-v1 HTTP/1.1" 200 -
[WebServer] ----------------------------------------
[WebServer] Exception occurred during processing of request from ('::ffff:127.0.0.1', 61899, 0, 0)
[WebServer] ::ffff:127.0.0.1 - - [03/Sep/2026 16:13:14] "GET /docs/assets/js/geoportal-registry.js?v=0.10.49 HTTP/1.1" 200 -
[WebServer] ::ffff:127.0.0.1 - - [03/Sep/2026 16:13:14] "GET /docs/assets/js/ant-layer-worker.js?v=0.10.49 HTTP/1.1" 200 -
[WebServer] Traceback (most recent call last):
[WebServer]   File "C:\Users\Admin\AppData\Local\Programs\Python\Python312\Lib\socketserver.py", line 697, in process_request_thread
[WebServer]     self.finish_request(request, client_address)
[WebServer]   File "C:\Users\Admin\AppData\Local\Programs\Python\Python312\Lib\http\server.py", line 1311, in finish_request
[WebServer]     self.RequestHandlerClass(request, client_address, self,
[WebServer]   File "C:\Users\Admin\AppData\Local\Programs\Python\Python312\Lib\http\server.py", line 672, in __init__
[WebServer]     super().__init__(*args, **kwargs)
[WebServer]   File "C:\Users\Admin\AppData\Local\Programs\Python\Python312\Lib\socketserver.py", line 766, in __init__
[WebServer]     self.handle()
[WebServer]   File "C:\Users\Admin\AppData\Local\Programs\Python\Python312\Lib\http\server.py", line 436, in handle
[WebServer]     self.handle_one_request()
[WebServer]   File "C:\Users\Admin\AppData\Local\Programs\Python\Python312\Lib\http\server.py", line 424, in handle_one_request
[WebServer]     method()
[WebServer]   File "C:\Users\Admin\AppData\Local\Programs\Python\Python312\Lib\http\server.py", line 679, in do_GET
[WebServer]     self.copyfile(f, self.wfile)
[WebServer]   File "C:\Users\Admin\AppData\Local\Programs\Python\Python312\Lib\http\server.py", line 878, in copyfile
[WebServer]     shutil.copyfileobj(source, outputfile)
[WebServer]   File "C:\Users\Admin\AppData\Local\Programs\Python\Python312\Lib\shutil.py", line 204, in copyfileobj
[WebServer]     fdst_write(buf)
[WebServer]   File "C:\Users\Admin\AppData\Local\Programs\Python\Python312\Lib\socketserver.py", line 845, in write
[WebServer]     self._sock.sendall(b)
[WebServer] ConnectionAbortedError: [WinError 10053] An established connection was aborted by the software in your host machine
[WebServer] ----------------------------------------
[WebServer] ::ffff:127.0.0.1 - - [03/Sep/2026 16:13:14] "GET /docs/assets/js/geoportal-overlay-state.js?v=0.10.49 HTTP/1.1" 200 -
[WebServer] ::ffff:127.0.0.1 - - [03/Sep/2026 16:13:14] "GET /docs/assets/js/geoportal-ant-layer.js?v=0.10.49 HTTP/1.1" 200 -
[WebServer] ::ffff:127.0.0.1 - - [03/Sep/2026 16:13:14] "GET /docs/assets/js/vendor/supercluster.min.js HTTP/1.1" 200 -
[WebServer] ::ffff:127.0.0.1 - - [03/Sep/2026 16:13:14] "GET /docs/assets/js/geoportal-experience.js?v=0.10.49 HTTP/1.1" 200 -
[WebServer] ::ffff:127.0.0.1 - - [03/Sep/2026 16:13:14] "GET /docs/assets/js/geoportal-state.js?v=0.10.49 HTTP/1.1" 200 -
[WebServer] ::ffff:127.0.0.1 - - [03/Sep/2026 16:13:14] "GET /docs/assets/js/geoportal-territories.js?v=0.10.49 HTTP/1.1" 200 -
[WebServer] ::ffff:127.0.0.1 - - [03/Sep/2026 16:13:14] "GET /docs/data/siniestros_ant_2024_heat.json?v=ant-public-2026-07-31-location-audit-v1 HTTP/1.1" 200 -
[WebServer] ::ffff:127.0.0.1 - - [03/Sep/2026 16:13:14] "GET /docs/assets/js/geoportal-panels.js?v=0.10.49 HTTP/1.1" 200 -
[WebServer] ::ffff:127.0.0.1 - - [03/Sep/2026 16:13:14] "GET /docs/assets/js/geoportal-institutional.js?v=0.10.49 HTTP/1.1" 200 -
[WebServer] ::ffff:127.0.0.1 - - [03/Sep/2026 16:13:14] "GET /docs/assets/js/geoportal-catalogo.js?v=0.10.49 HTTP/1.1" 200 -
[WebServer] ::ffff:127.0.0.1 - - [03/Sep/2026 16:13:14] "GET /docs/assets/js/geoportal-app.js?v=0.10.49 HTTP/1.1" 200 -
[WebServer] ::ffff:127.0.0.1 - - [03/Sep/2026 16:13:14] "GET /docs/assets/js/geoportal-tour.js?v=0.10.49 HTTP/1.1" 200 -
[WebServer] ::ffff:127.0.0.1 - - [03/Sep/2026 16:13:14] "GET /docs/assets/img/redsa-isotipo-oficial.png HTTP/1.1" 200 -
[WebServer] ::ffff:127.0.0.1 - - [03/Sep/2026 16:13:14] "GET /docs/assets/img/loader-ecuador-contorno.svg HTTP/1.1" 200 -
[WebServer] ::ffff:127.0.0.1 - - [03/Sep/2026 16:13:14] "GET /docs/assets/img/loader-vias-principales.svg HTTP/1.1" 200 -
[WebServer] ::ffff:127.0.0.1 - - [03/Sep/2026 16:13:14] "GET /docs/assets/js/ant-layer-worker.js?v=0.10.49 HTTP/1.1" 200 -
[WebServer] ::ffff:127.0.0.1 - - [03/Sep/2026 16:13:14] "GET /docs/assets/js/vendor/supercluster.min.js HTTP/1.1" 200 -
[WebServer] ::ffff:127.0.0.1 - - [03/Sep/2026 16:13:14] "GET /docs/data/siniestros_ant_2026_heat.json?v=ant-public-2026-07-31-location-audit-v1 HTTP/1.1" 200 -
[WebServer] ::ffff:127.0.0.1 - - [03/Sep/2026 16:13:15] "GET /docs/data/cantones_indice.json HTTP/1.1" 200 -
[WebServer] ::ffff:127.0.0.1 - - [03/Sep/2026 16:13:15] "GET /docs/data/provincias_wgs84.geojson HTTP/1.1" 200 -
[WebServer] ::ffff:127.0.0.1 - - [03/Sep/2026 16:13:16] "GET /docs/index.html HTTP/1.1" 200 -
[WebServer] ::ffff:127.0.0.1 - - [03/Sep/2026 16:13:16] "GET /docs/assets/css/driver.css HTTP/1.1" 200 -
[WebServer] ::ffff:127.0.0.1 - - [03/Sep/2026 16:13:16] "GET /docs/assets/css/geoportal-core.css?v=0.10.49 HTTP/1.1" 200 -
[WebServer] ::ffff:127.0.0.1 - - [03/Sep/2026 16:13:16] "GET /docs/assets/css/geoportal-experience.css?v=0.10.49 HTTP/1.1" 200 -
[WebServer] ::ffff:127.0.0.1 - - [03/Sep/2026 16:13:16] "GET /docs/assets/css/geoportal-mobile.css?v=0.10.49 HTTP/1.1" 200 -
[WebServer] ::ffff:127.0.0.1 - - [03/Sep/2026 16:13:16] "GET /docs/assets/js/vendor/leaflet-heat.js HTTP/1.1" 200 -
[WebServer] ::ffff:127.0.0.1 - - [03/Sep/2026 16:13:16] "GET /docs/assets/js/vendor/simple-statistics.min.js HTTP/1.1" 200 -
[WebServer] ::ffff:127.0.0.1 - - [03/Sep/2026 16:13:16] "GET /docs/assets/js/vendor/driver.min.js HTTP/1.1" 200 -
[WebServer] ::ffff:127.0.0.1 - - [03/Sep/2026 16:13:16] "GET /docs/assets/js/vendor/html2canvas.min.js HTTP/1.1" 200 -
[WebServer] ::ffff:127.0.0.1 - - [03/Sep/2026 16:13:16] "GET /docs/assets/js/vendor/jspdf.umd.min.js HTTP/1.1" 200 -
[WebServer] ::ffff:127.0.0.1 - - [03/Sep/2026 16:13:16] "GET /docs/assets/js/geoportal-classification.js?v=0.10.49 HTTP/1.1" 200 -
[WebServer] ::ffff:127.0.0.1 - - [03/Sep/2026 16:13:16] "GET /docs/assets/js/geoportal-registry.js?v=0.10.49 HTTP/1.1" 200 -
[WebServer] ::ffff:127.0.0.1 - - [03/Sep/2026 16:13:16] "GET /docs/assets/js/geoportal-overlay-state.js?v=0.10.49 HTTP/1.1" 200 -
[WebServer] ::ffff:127.0.0.1 - - [03/Sep/2026 16:13:16] "GET /docs/assets/js/geoportal-ant-layer.js?v=0.10.49 HTTP/1.1" 200 -
[WebServer] ::ffff:127.0.0.1 - - [03/Sep/2026 16:13:16] "GET /docs/assets/js/geoportal-experience.js?v=0.10.49 HTTP/1.1" 200 -
[WebServer] ::ffff:127.0.0.1 - - [03/Sep/2026 16:13:16] "GET /docs/assets/js/geoportal-state.js?v=0.10.49 HTTP/1.1" 200 -
[WebServer] ::ffff:127.0.0.1 - - [03/Sep/2026 16:13:16] "GET /docs/assets/js/geoportal-territories.js?v=0.10.49 HTTP/1.1" 200 -
[WebServer] ::ffff:127.0.0.1 - - [03/Sep/2026 16:13:16] "GET /docs/assets/js/geoportal-panels.js?v=0.10.49 HTTP/1.1" 200 -
[WebServer] ::ffff:127.0.0.1 - - [03/Sep/2026 16:13:16] "GET /docs/assets/js/geoportal-institutional.js?v=0.10.49 HTTP/1.1" 200 -
[WebServer] ::ffff:127.0.0.1 - - [03/Sep/2026 16:13:16] "GET /docs/assets/js/geoportal-tour.js?v=0.10.49 HTTP/1.1" 200 -
[WebServer] ::ffff:127.0.0.1 - - [03/Sep/2026 16:13:16] "GET /docs/assets/js/geoportal-catalogo.js?v=0.10.49 HTTP/1.1" 200 -
[WebServer] ::ffff:127.0.0.1 - - [03/Sep/2026 16:13:16] "GET /docs/assets/js/geoportal-app.js?v=0.10.49 HTTP/1.1" 200 -
[WebServer] ::ffff:127.0.0.1 - - [03/Sep/2026 16:13:16] "GET /docs/assets/img/redsa-isotipo-oficial.png HTTP/1.1" 200 -
[WebServer] ::ffff:127.0.0.1 - - [03/Sep/2026 16:13:16] "GET /docs/assets/img/loader-ecuador-contorno.svg HTTP/1.1" 200 -
[WebServer] ::ffff:127.0.0.1 - - [03/Sep/2026 16:13:16] "GET /docs/assets/img/loader-vias-principales.svg HTTP/1.1" 200 -
[WebServer] ::ffff:127.0.0.1 - - [03/Sep/2026 16:13:17] "GET /docs/data/provincias_wgs84.geojson HTTP/1.1" 200 -
[WebServer] ::ffff:127.0.0.1 - - [03/Sep/2026 16:13:17] "GET /docs/data/cantones_indice.json HTTP/1.1" 200 -
[WebServer] ::ffff:127.0.0.1 - - [03/Sep/2026 16:13:18] "GET /docs/ HTTP/1.1" 200 -
[WebServer] ::ffff:127.0.0.1 - - [03/Sep/2026 16:13:18] "GET /docs/assets/css/driver.css HTTP/1.1" 200 -
[WebServer] ::ffff:127.0.0.1 - - [03/Sep/2026 16:13:18] "GET /docs/assets/css/geoportal-core.css?v=0.10.49 HTTP/1.1" 200 -
[WebServer] ::ffff:127.0.0.1 - - [03/Sep/2026 16:13:18] "GET /docs/assets/css/geoportal-mobile.css?v=0.10.49 HTTP/1.1" 200 -
[WebServer] ::ffff:127.0.0.1 - - [03/Sep/2026 16:13:18] "GET /docs/assets/css/geoportal-experience.css?v=0.10.49 HTTP/1.1" 200 -
[WebServer] ::ffff:127.0.0.1 - - [03/Sep/2026 16:13:18] "GET /docs/assets/js/vendor/leaflet-heat.js HTTP/1.1" 200 -
[WebServer] ::ffff:127.0.0.1 - - [03/Sep/2026 16:13:18] "GET /docs/assets/js/vendor/simple-statistics.min.js HTTP/1.1" 200 -
[WebServer] ::ffff:127.0.0.1 - - [03/Sep/2026 16:13:18] "GET /docs/assets/js/vendor/driver.min.js HTTP/1.1" 200 -
[WebServer] ::ffff:127.0.0.1 - - [03/Sep/2026 16:13:18] "GET /docs/assets/js/vendor/html2canvas.min.js HTTP/1.1" 200 -
[WebServer] ::ffff:127.0.0.1 - - [03/Sep/2026 16:13:18] "GET /docs/assets/js/vendor/jspdf.umd.min.js HTTP/1.1" 200 -
[WebServer] ::ffff:127.0.0.1 - - [03/Sep/2026 16:13:18] "GET /docs/assets/js/geoportal-classification.js?v=0.10.49 HTTP/1.1" 200 -
[WebServer] ::ffff:127.0.0.1 - - [03/Sep/2026 16:13:18] "GET /docs/assets/js/geoportal-registry.js?v=0.10.49 HTTP/1.1" 200 -
[WebServer] ::ffff:127.0.0.1 - - [03/Sep/2026 16:13:18] "GET /docs/assets/js/geoportal-overlay-state.js?v=0.10.49 HTTP/1.1" 200 -
[WebServer] ::ffff:127.0.0.1 - - [03/Sep/2026 16:13:18] "GET /docs/assets/js/geoportal-ant-layer.js?v=0.10.49 HTTP/1.1" 200 -
[WebServer] ::ffff:127.0.0.1 - - [03/Sep/2026 16:13:18] "GET /docs/assets/js/geoportal-experience.js?v=0.10.49 HTTP/1.1" 200 -
[WebServer] ::ffff:127.0.0.1 - - [03/Sep/2026 16:13:18] "GET /docs/assets/js/geoportal-state.js?v=0.10.49 HTTP/1.1" 200 -
[WebServer] ::ffff:127.0.0.1 - - [03/Sep/2026 16:13:18] "GET /docs/assets/js/geoportal-territories.js?v=0.10.49 HTTP/1.1" 200 -
[WebServer] ::ffff:127.0.0.1 - - [03/Sep/2026 16:13:18] "GET /docs/assets/js/geoportal-panels.js?v=0.10.49 HTTP/1.1" 200 -
[WebServer] ::ffff:127.0.0.1 - - [03/Sep/2026 16:13:18] "GET /docs/assets/js/geoportal-institutional.js?v=0.10.49 HTTP/1.1" 200 -
[WebServer] ::ffff:127.0.0.1 - - [03/Sep/2026 16:13:18] "GET /docs/assets/js/geoportal-tour.js?v=0.10.49 HTTP/1.1" 200 -
[WebServer] ::ffff:127.0.0.1 - - [03/Sep/2026 16:13:18] "GET /docs/assets/js/geoportal-catalogo.js?v=0.10.49 HTTP/1.1" 200 -
[WebServer] ::ffff:127.0.0.1 - - [03/Sep/2026 16:13:18] "GET /docs/assets/js/geoportal-app.js?v=0.10.49 HTTP/1.1" 200 -
[WebServer] ::ffff:127.0.0.1 - - [03/Sep/2026 16:13:18] "GET /docs/assets/img/redsa-isotipo-oficial.png HTTP/1.1" 200 -
[WebServer] ::ffff:127.0.0.1 - - [03/Sep/2026 16:13:18] "GET /docs/assets/img/loader-ecuador-contorno.svg HTTP/1.1" 200 -
[WebServer] ::ffff:127.0.0.1 - - [03/Sep/2026 16:13:18] "GET /docs/assets/img/loader-vias-principales.svg HTTP/1.1" 200 -
[WebServer] ::ffff:127.0.0.1 - - [03/Sep/2026 16:13:19] "GET /docs/assets/js/ant-layer-worker.js?v=0.10.49 HTTP/1.1" 200 -
[WebServer] ::ffff:127.0.0.1 - - [03/Sep/2026 16:13:19] "GET /docs/data/provincias_wgs84.geojson HTTP/1.1" 200 -
[WebServer] ::ffff:127.0.0.1 - - [03/Sep/2026 16:13:19] "GET /docs/data/cantones_indice.json HTTP/1.1" 200 -
[WebServer] ::ffff:127.0.0.1 - - [03/Sep/2026 16:13:19] "GET /docs/assets/js/vendor/supercluster.min.js HTTP/1.1" 200 -
[WebServer] ::ffff:127.0.0.1 - - [03/Sep/2026 16:13:19] "GET /docs/data/siniestros_ant_2025_heat.json?v=ant-public-2026-07-31-location-audit-v1 HTTP/1.1" 200 -
[WebServer] ::ffff:127.0.0.1 - - [03/Sep/2026 16:13:21] "GET /docs/index.html HTTP/1.1" 200 -
[WebServer] ::ffff:127.0.0.1 - - [03/Sep/2026 16:13:21] "GET /docs/assets/css/driver.css HTTP/1.1" 200 -
[WebServer] ::ffff:127.0.0.1 - - [03/Sep/2026 16:13:21] "GET /docs/assets/css/geoportal-core.css?v=0.10.49 HTTP/1.1" 200 -
[WebServer] ::ffff:127.0.0.1 - - [03/Sep/2026 16:13:21] "GET /docs/assets/css/geoportal-experience.css?v=0.10.49 HTTP/1.1" 200 -
[WebServer] ::ffff:127.0.0.1 - - [03/Sep/2026 16:13:21] "GET /docs/assets/css/geoportal-mobile.css?v=0.10.49 HTTP/1.1" 200 -
[WebServer] ::ffff:127.0.0.1 - - [03/Sep/2026 16:13:21] "GET /docs/assets/js/vendor/leaflet-heat.js HTTP/1.1" 200 -
[WebServer] ::ffff:127.0.0.1 - - [03/Sep/2026 16:13:21] "GET /docs/assets/js/vendor/simple-statistics.min.js HTTP/1.1" 200 -
[WebServer] ::ffff:127.0.0.1 - - [03/Sep/2026 16:13:21] "GET /docs/assets/js/vendor/driver.min.js HTTP/1.1" 200 -
[WebServer] ::ffff:127.0.0.1 - - [03/Sep/2026 16:13:21] "GET /docs/assets/js/vendor/html2canvas.min.js HTTP/1.1" 200 -
[WebServer] ::ffff:127.0.0.1 - - [03/Sep/2026 16:13:21] "GET /docs/assets/js/vendor/jspdf.umd.min.js HTTP/1.1" 200 -
[WebServer] ::ffff:127.0.0.1 - - [03/Sep/2026 16:13:21] "GET /docs/assets/js/geoportal-classification.js?v=0.10.49 HTTP/1.1" 200 -
[WebServer] ::ffff:127.0.0.1 - - [03/Sep/2026 16:13:21] "GET /docs/assets/js/geoportal-registry.js?v=0.10.49 HTTP/1.1" 200 -
[WebServer] ::ffff:127.0.0.1 - - [03/Sep/2026 16:13:21] "GET /docs/assets/js/geoportal-overlay-state.js?v=0.10.49 HTTP/1.1" 200 -
[WebServer] ::ffff:127.0.0.1 - - [03/Sep/2026 16:13:21] "GET /docs/assets/js/geoportal-ant-layer.js?v=0.10.49 HTTP/1.1" 200 -
[WebServer] ::ffff:127.0.0.1 - - [03/Sep/2026 16:13:21] "GET /docs/assets/js/geoportal-experience.js?v=0.10.49 HTTP/1.1" 200 -
[WebServer] ::ffff:127.0.0.1 - - [03/Sep/2026 16:13:21] "GET /docs/assets/js/geoportal-state.js?v=0.10.49 HTTP/1.1" 200 -
[WebServer] ::ffff:127.0.0.1 - - [03/Sep/2026 16:13:21] "GET /docs/assets/js/geoportal-territories.js?v=0.10.49 HTTP/1.1" 200 -
[WebServer] ::ffff:127.0.0.1 - - [03/Sep/2026 16:13:21] "GET /docs/assets/js/geoportal-panels.js?v=0.10.49 HTTP/1.1" 200 -
[WebServer] ::ffff:127.0.0.1 - - [03/Sep/2026 16:13:21] "GET /docs/assets/js/geoportal-institutional.js?v=0.10.49 HTTP/1.1" 200 -
[WebServer] ::ffff:127.0.0.1 - - [03/Sep/2026 16:13:21] "GET /docs/assets/js/geoportal-tour.js?v=0.10.49 HTTP/1.1" 200 -
[WebServer] ::ffff:127.0.0.1 - - [03/Sep/2026 16:13:21] "GET /docs/assets/js/geoportal-catalogo.js?v=0.10.49 HTTP/1.1" 200 -
[WebServer] ::ffff:127.0.0.1 - - [03/Sep/2026 16:13:21] "GET /docs/assets/js/geoportal-app.js?v=0.10.49 HTTP/1.1" 200 -
[WebServer] ::ffff:127.0.0.1 - - [03/Sep/2026 16:13:21] "GET /docs/assets/img/redsa-isotipo-oficial.png HTTP/1.1" 200 -
[WebServer] ::ffff:127.0.0.1 - - [03/Sep/2026 16:13:22] "GET /docs/assets/img/loader-vias-principales.svg HTTP/1.1" 200 -
[WebServer] ::ffff:127.0.0.1 - - [03/Sep/2026 16:13:22] "GET /docs/assets/img/loader-ecuador-contorno.svg HTTP/1.1" 200 -
[WebServer] ::ffff:127.0.0.1 - - [03/Sep/2026 16:13:22] "GET /docs/ HTTP/1.1" 200 -
[WebServer] ::ffff:127.0.0.1 - - [03/Sep/2026 16:13:22] "GET /docs/assets/css/driver.css HTTP/1.1" 200 -
[WebServer] ::ffff:127.0.0.1 - - [03/Sep/2026 16:13:22] "GET /docs/assets/css/geoportal-core.css?v=0.10.49 HTTP/1.1" 200 -
[WebServer] ::ffff:127.0.0.1 - - [03/Sep/2026 16:13:22] "GET /docs/assets/css/geoportal-experience.css?v=0.10.49 HTTP/1.1" 200 -
[WebServer] ::ffff:127.0.0.1 - - [03/Sep/2026 16:13:22] "GET /docs/assets/css/geoportal-mobile.css?v=0.10.49 HTTP/1.1" 200 -
[WebServer] ::ffff:127.0.0.1 - - [03/Sep/2026 16:13:22] "GET /docs/assets/js/vendor/leaflet-heat.js HTTP/1.1" 200 -
[WebServer] ::ffff:127.0.0.1 - - [03/Sep/2026 16:13:22] "GET /docs/assets/js/vendor/simple-statistics.min.js HTTP/1.1" 200 -
[WebServer] ::ffff:127.0.0.1 - - [03/Sep/2026 16:13:22] "GET /docs/assets/js/vendor/driver.min.js HTTP/1.1" 200 -
[WebServer] ::ffff:127.0.0.1 - - [03/Sep/2026 16:13:22] "GET /docs/assets/js/vendor/html2canvas.min.js HTTP/1.1" 200 -
[WebServer] ::ffff:127.0.0.1 - - [03/Sep/2026 16:13:22] "GET /docs/assets/js/vendor/jspdf.umd.min.js HTTP/1.1" 200 -
[WebServer] ::ffff:127.0.0.1 - - [03/Sep/2026 16:13:22] "GET /docs/assets/js/geoportal-classification.js?v=0.10.49 HTTP/1.1" 200 -
[WebServer] ::ffff:127.0.0.1 - - [03/Sep/2026 16:13:22] "GET /docs/assets/js/geoportal-registry.js?v=0.10.49 HTTP/1.1" 200 -
[WebServer] ::ffff:127.0.0.1 - - [03/Sep/2026 16:13:22] "GET /docs/assets/js/geoportal-overlay-state.js?v=0.10.49 HTTP/1.1" 200 -
[WebServer] ::ffff:127.0.0.1 - - [03/Sep/2026 16:13:22] "GET /docs/data/provincias_wgs84.geojson HTTP/1.1" 200 -
[WebServer] ::ffff:127.0.0.1 - - [03/Sep/2026 16:13:22] "GET /docs/data/cantones_indice.json HTTP/1.1" 200 -
[WebServer] ::ffff:127.0.0.1 - - [03/Sep/2026 16:13:22] "GET /docs/assets/js/geoportal-ant-layer.js?v=0.10.49 HTTP/1.1" 200 -
[WebServer] ::ffff:127.0.0.1 - - [03/Sep/2026 16:13:22] "GET /docs/assets/js/geoportal-experience.js?v=0.10.49 HTTP/1.1" 200 -
[WebServer] ::ffff:127.0.0.1 - - [03/Sep/2026 16:13:22] "GET /docs/assets/js/geoportal-state.js?v=0.10.49 HTTP/1.1" 200 -
[WebServer] ::ffff:127.0.0.1 - - [03/Sep/2026 16:13:22] "GET /docs/assets/js/geoportal-panels.js?v=0.10.49 HTTP/1.1" 200 -
[WebServer] ::ffff:127.0.0.1 - - [03/Sep/2026 16:13:22] "GET /docs/assets/js/geoportal-territories.js?v=0.10.49 HTTP/1.1" 200 -
[WebServer] ::ffff:127.0.0.1 - - [03/Sep/2026 16:13:22] "GET /docs/assets/js/geoportal-institutional.js?v=0.10.49 HTTP/1.1" 200 -
[WebServer] ::ffff:127.0.0.1 - - [03/Sep/2026 16:13:22] "GET /docs/assets/js/geoportal-tour.js?v=0.10.49 HTTP/1.1" 200 -
[WebServer] ::ffff:127.0.0.1 - - [03/Sep/2026 16:13:22] "GET /docs/assets/js/geoportal-catalogo.js?v=0.10.49 HTTP/1.1" 200 -
[WebServer] ::ffff:127.0.0.1 - - [03/Sep/2026 16:13:22] "GET /docs/assets/js/geoportal-app.js?v=0.10.49 HTTP/1.1" 200 -
[WebServer] ::ffff:127.0.0.1 - - [03/Sep/2026 16:13:22] "GET /docs/assets/img/redsa-isotipo-oficial.png HTTP/1.1" 200 -
[WebServer] ::ffff:127.0.0.1 - - [03/Sep/2026 16:13:23] "GET /docs/assets/img/loader-ecuador-contorno.svg HTTP/1.1" 200 -
[WebServer] ::ffff:127.0.0.1 - - [03/Sep/2026 16:13:23] "GET /docs/assets/img/loader-vias-principales.svg HTTP/1.1" 200 -
[WebServer] ::ffff:127.0.0.1 - - [03/Sep/2026 16:13:23] "GET /docs/data/provincias_wgs84.geojson HTTP/1.1" 200 -
[WebServer] ::ffff:127.0.0.1 - - [03/Sep/2026 16:13:23] "GET /docs/data/cantones_indice.json HTTP/1.1" 200 -
[WebServer] ::ffff:127.0.0.1 - - [03/Sep/2026 16:13:24] "GET /docs/assets/js/ant-layer-worker.js?v=0.10.49 HTTP/1.1" 200 -
[WebServer] ::ffff:127.0.0.1 - - [03/Sep/2026 16:13:24] "GET /docs/assets/js/vendor/supercluster.min.js HTTP/1.1" 200 -
[WebServer] ::ffff:127.0.0.1 - - [03/Sep/2026 16:13:24] "GET /docs/data/siniestros_ant_2025_heat.json?v=ant-public-2026-07-31-location-audit-v1 HTTP/1.1" 200 -
[WebServer] ::ffff:127.0.0.1 - - [03/Sep/2026 16:13:25] "GET /docs/data/cantones_wgs84.geojson HTTP/1.1" 200 -
[WebServer] ::ffff:127.0.0.1 - - [03/Sep/2026 16:13:25] "GET /docs/data/hotspots_cantonales.json HTTP/1.1" 200 -
[WebServer] ::ffff:127.0.0.1 - - [03/Sep/2026 16:13:25] "GET /docs/data/siniestros_ant_2025.geojson?v=ant-public-2026-07-31-location-audit-v1 HTTP/1.1" 200 -
[WebServer] ::ffff:127.0.0.1 - - [03/Sep/2026 16:13:26] "GET /docs/data/cantones_wgs84.geojson HTTP/1.1" 200 -
[WebServer] ::ffff:127.0.0.1 - - [03/Sep/2026 16:13:27] "GET /docs/data/hotspots_cantonales.json HTTP/1.1" 200 -
[WebServer] ::ffff:127.0.0.1 - - [03/Sep/2026 16:13:28] "GET /docs/ HTTP/1.1" 200 -
[WebServer] ::ffff:127.0.0.1 - - [03/Sep/2026 16:13:28] "GET /docs/assets/css/driver.css HTTP/1.1" 200 -
[WebServer] ::ffff:127.0.0.1 - - [03/Sep/2026 16:13:28] "GET /docs/assets/css/geoportal-core.css?v=0.10.49 HTTP/1.1" 200 -
[WebServer] ::ffff:127.0.0.1 - - [03/Sep/2026 16:13:28] "GET /docs/assets/css/geoportal-experience.css?v=0.10.49 HTTP/1.1" 200 -
[WebServer] ::ffff:127.0.0.1 - - [03/Sep/2026 16:13:28] "GET /docs/assets/css/geoportal-mobile.css?v=0.10.49 HTTP/1.1" 200 -
[WebServer] ::ffff:127.0.0.1 - - [03/Sep/2026 16:13:28] "GET /docs/assets/js/vendor/leaflet-heat.js HTTP/1.1" 200 -
[WebServer] ::ffff:127.0.0.1 - - [03/Sep/2026 16:13:28] "GET /docs/assets/js/vendor/simple-statistics.min.js HTTP/1.1" 200 -
[WebServer] ::ffff:127.0.0.1 - - [03/Sep/2026 16:13:28] "GET /docs/assets/js/vendor/driver.min.js HTTP/1.1" 200 -
[WebServer] ::ffff:127.0.0.1 - - [03/Sep/2026 16:13:28] "GET /docs/assets/js/vendor/html2canvas.min.js HTTP/1.1" 200 -
[WebServer] ::ffff:127.0.0.1 - - [03/Sep/2026 16:13:28] "GET /docs/assets/js/vendor/jspdf.umd.min.js HTTP/1.1" 200 -
[WebServer] ::ffff:127.0.0.1 - - [03/Sep/2026 16:13:28] "GET /docs/assets/js/geoportal-classification.js?v=0.10.49 HTTP/1.1" 200 -
[WebServer] ::ffff:127.0.0.1 - - [03/Sep/2026 16:13:28] "GET /docs/assets/js/geoportal-registry.js?v=0.10.49 HTTP/1.1" 200 -
[WebServer] ::ffff:127.0.0.1 - - [03/Sep/2026 16:13:28] "GET /docs/assets/js/geoportal-overlay-state.js?v=0.10.49 HTTP/1.1" 200 -
[WebServer] ::ffff:127.0.0.1 - - [03/Sep/2026 16:13:28] "GET /docs/assets/js/geoportal-ant-layer.js?v=0.10.49 HTTP/1.1" 200 -
[WebServer] ::ffff:127.0.0.1 - - [03/Sep/2026 16:13:28] "GET /docs/assets/js/geoportal-experience.js?v=0.10.49 HTTP/1.1" 200 -
[WebServer] ::ffff:127.0.0.1 - - [03/Sep/2026 16:13:28] "GET /docs/assets/js/geoportal-state.js?v=0.10.49 HTTP/1.1" 200 -
[WebServer] ::ffff:127.0.0.1 - - [03/Sep/2026 16:13:28] "GET /docs/assets/js/geoportal-territories.js?v=0.10.49 HTTP/1.1" 200 -
[WebServer] ::ffff:127.0.0.1 - - [03/Sep/2026 16:13:29] "GET /docs/assets/js/geoportal-panels.js?v=0.10.49 HTTP/1.1" 200 -
[WebServer] ::ffff:127.0.0.1 - - [03/Sep/2026 16:13:29] "GET /docs/assets/js/geoportal-institutional.js?v=0.10.49 HTTP/1.1" 200 -
[WebServer] ::ffff:127.0.0.1 - - [03/Sep/2026 16:13:29] "GET /docs/assets/js/geoportal-tour.js?v=0.10.49 HTTP/1.1" 200 -
[WebServer] ::ffff:127.0.0.1 - - [03/Sep/2026 16:13:29] "GET /docs/assets/js/geoportal-catalogo.js?v=0.10.49 HTTP/1.1" 200 -
[WebServer] ::ffff:127.0.0.1 - - [03/Sep/2026 16:13:29] "GET /docs/assets/js/geoportal-app.js?v=0.10.49 HTTP/1.1" 200 -
[WebServer] ::ffff:127.0.0.1 - - [03/Sep/2026 16:13:29] "GET /docs/assets/img/redsa-isotipo-oficial.png HTTP/1.1" 200 -
[WebServer] ::ffff:127.0.0.1 - - [03/Sep/2026 16:13:29] "GET /docs/assets/img/loader-ecuador-contorno.svg HTTP/1.1" 200 -
[WebServer] ::ffff:127.0.0.1 - - [03/Sep/2026 16:13:29] "GET /docs/assets/img/loader-vias-principales.svg HTTP/1.1" 200 -
[WebServer] ::ffff:127.0.0.1 - - [03/Sep/2026 16:13:29] "GET /docs/index.html HTTP/1.1" 200 -
[WebServer] ::ffff:127.0.0.1 - - [03/Sep/2026 16:13:29] "GET /docs/assets/css/driver.css HTTP/1.1" 200 -
[WebServer] ::ffff:127.0.0.1 - - [03/Sep/2026 16:13:29] "GET /docs/assets/css/geoportal-core.css?v=0.10.49 HTTP/1.1" 200 -
[WebServer] ::ffff:127.0.0.1 - - [03/Sep/2026 16:13:29] "GET /docs/assets/css/geoportal-experience.css?v=0.10.49 HTTP/1.1" 200 -
[WebServer] ::ffff:127.0.0.1 - - [03/Sep/2026 16:13:29] "GET /docs/assets/css/geoportal-mobile.css?v=0.10.49 HTTP/1.1" 200 -
[WebServer] ::ffff:127.0.0.1 - - [03/Sep/2026 16:13:29] "GET /docs/assets/js/vendor/leaflet-heat.js HTTP/1.1" 200 -
[WebServer] ::ffff:127.0.0.1 - - [03/Sep/2026 16:13:29] "GET /docs/assets/js/vendor/simple-statistics.min.js HTTP/1.1" 200 -
[WebServer] ::ffff:127.0.0.1 - - [03/Sep/2026 16:13:29] "GET /docs/assets/js/vendor/driver.min.js HTTP/1.1" 200 -
[WebServer] ::ffff:127.0.0.1 - - [03/Sep/2026 16:13:29] "GET /docs/assets/js/vendor/html2canvas.min.js HTTP/1.1" 200 -
[WebServer] ::ffff:127.0.0.1 - - [03/Sep/2026 16:13:29] "GET /docs/assets/js/vendor/jspdf.umd.min.js HTTP/1.1" 200 -
[WebServer] ::ffff:127.0.0.1 - - [03/Sep/2026 16:13:29] "GET /docs/assets/js/geoportal-classification.js?v=0.10.49 HTTP/1.1" 200 -
[WebServer] ::ffff:127.0.0.1 - - [03/Sep/2026 16:13:29] "GET /docs/assets/js/geoportal-registry.js?v=0.10.49 HTTP/1.1" 200 -
[WebServer] ::ffff:127.0.0.1 - - [03/Sep/2026 16:13:29] "GET /docs/assets/js/geoportal-overlay-state.js?v=0.10.49 HTTP/1.1" 200 -
[WebServer] ::ffff:127.0.0.1 - - [03/Sep/2026 16:13:29] "GET /docs/assets/js/geoportal-ant-layer.js?v=0.10.49 HTTP/1.1" 200 -
[WebServer] ::ffff:127.0.0.1 - - [03/Sep/2026 16:13:29] "GET /docs/assets/js/geoportal-experience.js?v=0.10.49 HTTP/1.1" 200 -
[WebServer] ::ffff:127.0.0.1 - - [03/Sep/2026 16:13:29] "GET /docs/assets/js/geoportal-state.js?v=0.10.49 HTTP/1.1" 200 -
[WebServer] ::ffff:127.0.0.1 - - [03/Sep/2026 16:13:29] "GET /docs/assets/js/geoportal-territories.js?v=0.10.49 HTTP/1.1" 200 -
[WebServer] ::ffff:127.0.0.1 - - [03/Sep/2026 16:13:29] "GET /docs/assets/js/geoportal-panels.js?v=0.10.49 HTTP/1.1" 200 -
[WebServer] ::ffff:127.0.0.1 - - [03/Sep/2026 16:13:29] "GET /docs/assets/js/geoportal-institutional.js?v=0.10.49 HTTP/1.1" 200 -
[WebServer] ::ffff:127.0.0.1 - - [03/Sep/2026 16:13:29] "GET /docs/assets/js/geoportal-tour.js?v=0.10.49 HTTP/1.1" 200 -
[WebServer] ::ffff:127.0.0.1 - - [03/Sep/2026 16:13:29] "GET /docs/assets/js/geoportal-catalogo.js?v=0.10.49 HTTP/1.1" 200 -
[WebServer] ::ffff:127.0.0.1 - - [03/Sep/2026 16:13:29] "GET /docs/assets/js/geoportal-app.js?v=0.10.49 HTTP/1.1" 200 -
[WebServer] ::ffff:127.0.0.1 - - [03/Sep/2026 16:13:29] "GET /docs/assets/img/redsa-isotipo-oficial.png HTTP/1.1" 200 -
[WebServer] ::ffff:127.0.0.1 - - [03/Sep/2026 16:13:29] "GET /docs/assets/img/loader-ecuador-contorno.svg HTTP/1.1" 200 -
[WebServer] ::ffff:127.0.0.1 - - [03/Sep/2026 16:13:29] "GET /docs/data/provincias_wgs84.geojson HTTP/1.1" 200 -
[WebServer] ::ffff:127.0.0.1 - - [03/Sep/2026 16:13:30] "GET /docs/data/cantones_indice.json HTTP/1.1" 200 -
[WebServer] ::ffff:127.0.0.1 - - [03/Sep/2026 16:13:30] "GET /docs/assets/img/loader-vias-principales.svg HTTP/1.1" 200 -
[WebServer] ::ffff:127.0.0.1 - - [03/Sep/2026 16:13:30] "GET /docs/data/provincias_wgs84.geojson HTTP/1.1" 200 -
[WebServer] ::ffff:127.0.0.1 - - [03/Sep/2026 16:13:30] "GET /docs/data/cantones_indice.json HTTP/1.1" 200 -
[WebServer] ::ffff:127.0.0.1 - - [03/Sep/2026 16:13:31] "GET /docs/data/parroquias_wgs84.geojson HTTP/1.1" 200 -
[WebServer] ::ffff:127.0.0.1 - - [03/Sep/2026 16:13:33] "GET /docs/ HTTP/1.1" 200 -
[WebServer] ::ffff:127.0.0.1 - - [03/Sep/2026 16:13:33] "GET /docs/assets/css/driver.css HTTP/1.1" 200 -
[WebServer] ::ffff:127.0.0.1 - - [03/Sep/2026 16:13:33] "GET /docs/assets/css/geoportal-core.css?v=0.10.49 HTTP/1.1" 200 -
[WebServer] ::ffff:127.0.0.1 - - [03/Sep/2026 16:13:33] "GET /docs/assets/css/geoportal-experience.css?v=0.10.49 HTTP/1.1" 200 -
[WebServer] ::ffff:127.0.0.1 - - [03/Sep/2026 16:13:33] "GET /docs/assets/css/geoportal-mobile.css?v=0.10.49 HTTP/1.1" 200 -
[WebServer] ::ffff:127.0.0.1 - - [03/Sep/2026 16:13:33] "GET /docs/assets/js/vendor/leaflet-heat.js HTTP/1.1" 200 -
[WebServer] ::ffff:127.0.0.1 - - [03/Sep/2026 16:13:33] "GET /docs/assets/js/vendor/simple-statistics.min.js HTTP/1.1" 200 -
[WebServer] ::ffff:127.0.0.1 - - [03/Sep/2026 16:13:33] "GET /docs/assets/js/vendor/driver.min.js HTTP/1.1" 200 -
[WebServer] ::ffff:127.0.0.1 - - [03/Sep/2026 16:13:33] "GET /docs/assets/js/vendor/html2canvas.min.js HTTP/1.1" 200 -
[WebServer] ::ffff:127.0.0.1 - - [03/Sep/2026 16:13:33] "GET /docs/assets/js/vendor/jspdf.umd.min.js HTTP/1.1" 200 -
[WebServer] ::ffff:127.0.0.1 - - [03/Sep/2026 16:13:34] "GET /docs/assets/js/geoportal-classification.js?v=0.10.49 HTTP/1.1" 200 -
[WebServer] ::ffff:127.0.0.1 - - [03/Sep/2026 16:13:34] "GET /docs/assets/js/geoportal-registry.js?v=0.10.49 HTTP/1.1" 200 -
[WebServer] ::ffff:127.0.0.1 - - [03/Sep/2026 16:13:34] "GET /docs/assets/js/geoportal-overlay-state.js?v=0.10.49 HTTP/1.1" 200 -
[WebServer] ::ffff:127.0.0.1 - - [03/Sep/2026 16:13:34] "GET /docs/assets/js/geoportal-ant-layer.js?v=0.10.49 HTTP/1.1" 200 -
[WebServer] ::ffff:127.0.0.1 - - [03/Sep/2026 16:13:34] "GET /docs/assets/js/geoportal-experience.js?v=0.10.49 HTTP/1.1" 200 -
[WebServer] ::ffff:127.0.0.1 - - [03/Sep/2026 16:13:34] "GET /docs/assets/js/geoportal-state.js?v=0.10.49 HTTP/1.1" 200 -
[WebServer] ::ffff:127.0.0.1 - - [03/Sep/2026 16:13:34] "GET /docs/assets/js/geoportal-territories.js?v=0.10.49 HTTP/1.1" 200 -
[WebServer] ::ffff:127.0.0.1 - - [03/Sep/2026 16:13:34] "GET /docs/assets/js/geoportal-panels.js?v=0.10.49 HTTP/1.1" 200 -
[WebServer] ::ffff:127.0.0.1 - - [03/Sep/2026 16:13:34] "GET /docs/assets/js/geoportal-institutional.js?v=0.10.49 HTTP/1.1" 200 -
[WebServer] ::ffff:127.0.0.1 - - [03/Sep/2026 16:13:34] "GET /docs/assets/js/geoportal-tour.js?v=0.10.49 HTTP/1.1" 200 -
[WebServer] ::ffff:127.0.0.1 - - [03/Sep/2026 16:13:34] "GET /docs/assets/js/geoportal-catalogo.js?v=0.10.49 HTTP/1.1" 200 -
[WebServer] ::ffff:127.0.0.1 - - [03/Sep/2026 16:13:34] "GET /docs/assets/js/geoportal-app.js?v=0.10.49 HTTP/1.1" 200 -
[WebServer] ::ffff:127.0.0.1 - - [03/Sep/2026 16:13:34] "GET /docs/assets/img/redsa-isotipo-oficial.png HTTP/1.1" 200 -
[WebServer] ::ffff:127.0.0.1 - - [03/Sep/2026 16:13:34] "GET /docs/assets/img/loader-vias-principales.svg HTTP/1.1" 200 -
[WebServer] ::ffff:127.0.0.1 - - [03/Sep/2026 16:13:34] "GET /docs/assets/img/loader-ecuador-contorno.svg HTTP/1.1" 200 -
[WebServer] ::ffff:127.0.0.1 - - [03/Sep/2026 16:13:34] "GET /docs/data/provincias_wgs84.geojson HTTP/1.1" 200 -
[WebServer] ::ffff:127.0.0.1 - - [03/Sep/2026 16:13:34] "GET /docs/data/cantones_indice.json HTTP/1.1" 200 -
[WebServer] ::ffff:127.0.0.1 - - [03/Sep/2026 16:13:35] "GET /docs/ HTTP/1.1" 200 -
[WebServer] ::ffff:127.0.0.1 - - [03/Sep/2026 16:13:35] "GET /docs/assets/css/driver.css HTTP/1.1" 200 -
[WebServer] ::ffff:127.0.0.1 - - [03/Sep/2026 16:13:35] "GET /docs/assets/css/geoportal-experience.css?v=0.10.49 HTTP/1.1" 200 -
[WebServer] ::ffff:127.0.0.1 - - [03/Sep/2026 16:13:35] "GET /docs/assets/css/geoportal-core.css?v=0.10.49 HTTP/1.1" 200 -
[WebServer] ::ffff:127.0.0.1 - - [03/Sep/2026 16:13:35] "GET /docs/assets/css/geoportal-mobile.css?v=0.10.49 HTTP/1.1" 200 -
[WebServer] ::ffff:127.0.0.1 - - [03/Sep/2026 16:13:35] "GET /docs/assets/js/vendor/leaflet-heat.js HTTP/1.1" 200 -
[WebServer] ::ffff:127.0.0.1 - - [03/Sep/2026 16:13:35] "GET /docs/assets/js/vendor/simple-statistics.min.js HTTP/1.1" 200 -
[WebServer] ::ffff:127.0.0.1 - - [03/Sep/2026 16:13:35] "GET /docs/assets/js/vendor/driver.min.js HTTP/1.1" 200 -
[WebServer] ::ffff:127.0.0.1 - - [03/Sep/2026 16:13:35] "GET /docs/assets/js/vendor/html2canvas.min.js HTTP/1.1" 200 -
[WebServer] ::ffff:127.0.0.1 - - [03/Sep/2026 16:13:35] "GET /docs/assets/js/vendor/jspdf.umd.min.js HTTP/1.1" 200 -
[WebServer] ::ffff:127.0.0.1 - - [03/Sep/2026 16:13:35] "GET /docs/assets/js/geoportal-classification.js?v=0.10.49 HTTP/1.1" 200 -
[WebServer] ::ffff:127.0.0.1 - - [03/Sep/2026 16:13:35] "GET /docs/assets/js/geoportal-registry.js?v=0.10.49 HTTP/1.1" 200 -
[WebServer] ::ffff:127.0.0.1 - - [03/Sep/2026 16:13:35] "GET /docs/assets/js/geoportal-overlay-state.js?v=0.10.49 HTTP/1.1" 200 -
[WebServer] ::ffff:127.0.0.1 - - [03/Sep/2026 16:13:35] "GET /docs/assets/js/geoportal-ant-layer.js?v=0.10.49 HTTP/1.1" 200 -
[WebServer] ::ffff:127.0.0.1 - - [03/Sep/2026 16:13:35] "GET /docs/assets/js/geoportal-experience.js?v=0.10.49 HTTP/1.1" 200 -
[WebServer] ::ffff:127.0.0.1 - - [03/Sep/2026 16:13:35] "GET /docs/assets/js/geoportal-state.js?v=0.10.49 HTTP/1.1" 200 -
[WebServer] ::ffff:127.0.0.1 - - [03/Sep/2026 16:13:35] "GET /docs/assets/js/geoportal-territories.js?v=0.10.49 HTTP/1.1" 200 -
[WebServer] ::ffff:127.0.0.1 - - [03/Sep/2026 16:13:35] "GET /docs/assets/js/geoportal-panels.js?v=0.10.49 HTTP/1.1" 200 -
[WebServer] ::ffff:127.0.0.1 - - [03/Sep/2026 16:13:35] "GET /docs/assets/js/geoportal-institutional.js?v=0.10.49 HTTP/1.1" 200 -
[WebServer] ::ffff:127.0.0.1 - - [03/Sep/2026 16:13:35] "GET /docs/assets/js/geoportal-tour.js?v=0.10.49 HTTP/1.1" 200 -
[WebServer] ::ffff:127.0.0.1 - - [03/Sep/2026 16:13:35] "GET /docs/assets/js/geoportal-catalogo.js?v=0.10.49 HTTP/1.1" 200 -
[WebServer] ::ffff:127.0.0.1 - - [03/Sep/2026 16:13:35] "GET /docs/assets/js/geoportal-app.js?v=0.10.49 HTTP/1.1" 200 -
[WebServer] ::ffff:127.0.0.1 - - [03/Sep/2026 16:13:35] "GET /docs/assets/img/redsa-isotipo-oficial.png HTTP/1.1" 200 -
[WebServer] ::ffff:127.0.0.1 - - [03/Sep/2026 16:13:35] "GET /docs/assets/img/loader-ecuador-contorno.svg HTTP/1.1" 200 -
[WebServer] ::ffff:127.0.0.1 - - [03/Sep/2026 16:13:35] "GET /docs/assets/img/loader-vias-principales.svg HTTP/1.1" 200 -
[WebServer] ::ffff:127.0.0.1 - - [03/Sep/2026 16:13:36] "GET /docs/data/provincias_wgs84.geojson HTTP/1.1" 200 -
[WebServer] ::ffff:127.0.0.1 - - [03/Sep/2026 16:13:36] "GET /docs/data/cantones_indice.json HTTP/1.1" 200 -
[WebServer] ::ffff:127.0.0.1 - - [03/Sep/2026 16:13:36] "GET /docs/ HTTP/1.1" 200 -
[WebServer] ::ffff:127.0.0.1 - - [03/Sep/2026 16:13:36] "GET /docs/assets/css/driver.css HTTP/1.1" 200 -
[WebServer] ::ffff:127.0.0.1 - - [03/Sep/2026 16:13:36] "GET /docs/assets/css/geoportal-core.css?v=0.10.49 HTTP/1.1" 200 -
[WebServer] ::ffff:127.0.0.1 - - [03/Sep/2026 16:13:36] "GET /docs/assets/css/geoportal-experience.css?v=0.10.49 HTTP/1.1" 200 -
[WebServer] ::ffff:127.0.0.1 - - [03/Sep/2026 16:13:36] "GET /docs/assets/css/geoportal-mobile.css?v=0.10.49 HTTP/1.1" 200 -
[WebServer] ::ffff:127.0.0.1 - - [03/Sep/2026 16:13:37] "GET /docs/assets/js/vendor/leaflet-heat.js HTTP/1.1" 200 -
[WebServer] ::ffff:127.0.0.1 - - [03/Sep/2026 16:13:37] "GET /docs/assets/js/vendor/simple-statistics.min.js HTTP/1.1" 200 -
[WebServer] ::ffff:127.0.0.1 - - [03/Sep/2026 16:13:37] "GET /docs/assets/js/vendor/driver.min.js HTTP/1.1" 200 -
[WebServer] ::ffff:127.0.0.1 - - [03/Sep/2026 16:13:37] "GET /docs/assets/js/vendor/html2canvas.min.js HTTP/1.1" 200 -
[WebServer] ::ffff:127.0.0.1 - - [03/Sep/2026 16:13:37] "GET /docs/assets/js/vendor/jspdf.umd.min.js HTTP/1.1" 200 -
[WebServer] ::ffff:127.0.0.1 - - [03/Sep/2026 16:13:37] "GET /docs/assets/js/geoportal-classification.js?v=0.10.49 HTTP/1.1" 200 -
[WebServer] ::ffff:127.0.0.1 - - [03/Sep/2026 16:13:37] "GET /docs/assets/js/geoportal-registry.js?v=0.10.49 HTTP/1.1" 200 -
[WebServer] ::ffff:127.0.0.1 - - [03/Sep/2026 16:13:37] "GET /docs/assets/js/geoportal-overlay-state.js?v=0.10.49 HTTP/1.1" 200 -
[WebServer] ::ffff:127.0.0.1 - - [03/Sep/2026 16:13:37] "GET /docs/assets/js/geoportal-ant-layer.js?v=0.10.49 HTTP/1.1" 200 -
[WebServer] ::ffff:127.0.0.1 - - [03/Sep/2026 16:13:37] "GET /docs/assets/js/geoportal-experience.js?v=0.10.49 HTTP/1.1" 200 -
[WebServer] ::ffff:127.0.0.1 - - [03/Sep/2026 16:13:37] "GET /docs/assets/js/geoportal-state.js?v=0.10.49 HTTP/1.1" 200 -
[WebServer] ::ffff:127.0.0.1 - - [03/Sep/2026 16:13:37] "GET /docs/assets/js/geoportal-territories.js?v=0.10.49 HTTP/1.1" 200 -
[WebServer] ::ffff:127.0.0.1 - - [03/Sep/2026 16:13:37] "GET /docs/assets/js/geoportal-panels.js?v=0.10.49 HTTP/1.1" 200 -
[WebServer] ::ffff:127.0.0.1 - - [03/Sep/2026 16:13:37] "GET /docs/assets/js/geoportal-institutional.js?v=0.10.49 HTTP/1.1" 200 -
[WebServer] ::ffff:127.0.0.1 - - [03/Sep/2026 16:13:37] "GET /docs/assets/js/geoportal-tour.js?v=0.10.49 HTTP/1.1" 200 -
[WebServer] ::ffff:127.0.0.1 - - [03/Sep/2026 16:13:37] "GET /docs/assets/js/geoportal-catalogo.js?v=0.10.49 HTTP/1.1" 200 -
[WebServer] ::ffff:127.0.0.1 - - [03/Sep/2026 16:13:37] "GET /docs/assets/js/geoportal-app.js?v=0.10.49 HTTP/1.1" 200 -
[WebServer] ::ffff:127.0.0.1 - - [03/Sep/2026 16:13:37] "GET /docs/assets/img/redsa-isotipo-oficial.png HTTP/1.1" 200 -
[WebServer] ::ffff:127.0.0.1 - - [03/Sep/2026 16:13:37] "GET /docs/assets/img/loader-ecuador-contorno.svg HTTP/1.1" 200 -
[WebServer] ::ffff:127.0.0.1 - - [03/Sep/2026 16:13:37] "GET /docs/assets/img/loader-vias-principales.svg HTTP/1.1" 200 -
[WebServer] ::ffff:127.0.0.1 - - [03/Sep/2026 16:13:37] "GET /docs/data/cantones_indice.json HTTP/1.1" 200 -
[WebServer] ::ffff:127.0.0.1 - - [03/Sep/2026 16:13:37] "GET /docs/data/provincias_wgs84.geojson HTTP/1.1" 200 -
[WebServer] ::ffff:127.0.0.1 - - [03/Sep/2026 16:13:38] "GET /docs/ HTTP/1.1" 200 -
[WebServer] ::ffff:127.0.0.1 - - [03/Sep/2026 16:13:38] "GET /docs/assets/css/driver.css HTTP/1.1" 200 -
[WebServer] ::ffff:127.0.0.1 - - [03/Sep/2026 16:13:38] "GET /docs/assets/css/geoportal-core.css?v=0.10.49 HTTP/1.1" 200 -
[WebServer] ::ffff:127.0.0.1 - - [03/Sep/2026 16:13:38] "GET /docs/assets/css/geoportal-experience.css?v=0.10.49 HTTP/1.1" 200 -
[WebServer] ::ffff:127.0.0.1 - - [03/Sep/2026 16:13:38] "GET /docs/assets/js/vendor/leaflet-heat.js HTTP/1.1" 200 -
[WebServer] ::ffff:127.0.0.1 - - [03/Sep/2026 16:13:38] "GET /docs/assets/css/geoportal-mobile.css?v=0.10.49 HTTP/1.1" 200 -
[WebServer] ::ffff:127.0.0.1 - - [03/Sep/2026 16:13:38] "GET /docs/assets/js/vendor/simple-statistics.min.js HTTP/1.1" 200 -
[WebServer] ::ffff:127.0.0.1 - - [03/Sep/2026 16:13:38] "GET /docs/assets/js/vendor/driver.min.js HTTP/1.1" 200 -
[WebServer] ::ffff:127.0.0.1 - - [03/Sep/2026 16:13:38] "GET /docs/assets/js/vendor/html2canvas.min.js HTTP/1.1" 200 -
[WebServer] ::ffff:127.0.0.1 - - [03/Sep/2026 16:13:38] "GET /docs/assets/js/vendor/jspdf.umd.min.js HTTP/1.1" 200 -
[WebServer] ::ffff:127.0.0.1 - - [03/Sep/2026 16:13:38] "GET /docs/assets/js/geoportal-classification.js?v=0.10.49 HTTP/1.1" 200 -
[WebServer] ::ffff:127.0.0.1 - - [03/Sep/2026 16:13:38] "GET /docs/assets/js/geoportal-registry.js?v=0.10.49 HTTP/1.1" 200 -
[WebServer] ::ffff:127.0.0.1 - - [03/Sep/2026 16:13:38] "GET /docs/assets/js/geoportal-overlay-state.js?v=0.10.49 HTTP/1.1" 200 -
[WebServer] ::ffff:127.0.0.1 - - [03/Sep/2026 16:13:38] "GET /docs/assets/js/geoportal-ant-layer.js?v=0.10.49 HTTP/1.1" 200 -
[WebServer] ::ffff:127.0.0.1 - - [03/Sep/2026 16:13:38] "GET /docs/assets/js/geoportal-experience.js?v=0.10.49 HTTP/1.1" 200 -
[WebServer] ::ffff:127.0.0.1 - - [03/Sep/2026 16:13:38] "GET /docs/assets/js/geoportal-state.js?v=0.10.49 HTTP/1.1" 200 -
[WebServer] ::ffff:127.0.0.1 - - [03/Sep/2026 16:13:38] "GET /docs/assets/js/geoportal-territories.js?v=0.10.49 HTTP/1.1" 200 -
[WebServer] ::ffff:127.0.0.1 - - [03/Sep/2026 16:13:38] "GET /docs/assets/js/geoportal-panels.js?v=0.10.49 HTTP/1.1" 200 -
[WebServer] ::ffff:127.0.0.1 - - [03/Sep/2026 16:13:38] "GET /docs/assets/js/geoportal-institutional.js?v=0.10.49 HTTP/1.1" 200 -
[WebServer] ::ffff:127.0.0.1 - - [03/Sep/2026 16:13:38] "GET /docs/assets/js/geoportal-tour.js?v=0.10.49 HTTP/1.1" 200 -
[WebServer] ::ffff:127.0.0.1 - - [03/Sep/2026 16:13:38] "GET /docs/assets/js/geoportal-catalogo.js?v=0.10.49 HTTP/1.1" 200 -
[WebServer] ::ffff:127.0.0.1 - - [03/Sep/2026 16:13:38] "GET /docs/assets/js/geoportal-app.js?v=0.10.49 HTTP/1.1" 200 -
[WebServer] ::ffff:127.0.0.1 - - [03/Sep/2026 16:13:38] "GET /docs/assets/img/redsa-isotipo-oficial.png HTTP/1.1" 200 -
[WebServer] ::ffff:127.0.0.1 - - [03/Sep/2026 16:13:38] "GET /docs/assets/img/loader-ecuador-contorno.svg HTTP/1.1" 200 -
[WebServer] ::ffff:127.0.0.1 - - [03/Sep/2026 16:13:38] "GET /docs/assets/img/loader-vias-principales.svg HTTP/1.1" 200 -
[WebServer] ::ffff:127.0.0.1 - - [03/Sep/2026 16:13:39] "GET /docs/data/provincias_wgs84.geojson HTTP/1.1" 200 -
[WebServer] ::ffff:127.0.0.1 - - [03/Sep/2026 16:13:39] "GET /docs/data/cantones_indice.json HTTP/1.1" 200 -
[WebServer] ::ffff:127.0.0.1 - - [03/Sep/2026 16:13:39] "GET /docs/ HTTP/1.1" 200 -
[WebServer] ::ffff:127.0.0.1 - - [03/Sep/2026 16:13:39] "GET /docs/assets/css/driver.css HTTP/1.1" 200 -
[WebServer] ::ffff:127.0.0.1 - - [03/Sep/2026 16:13:39] "GET /docs/assets/css/geoportal-core.css?v=0.10.49 HTTP/1.1" 200 -
[WebServer] ::ffff:127.0.0.1 - - [03/Sep/2026 16:13:39] "GET /docs/assets/css/geoportal-experience.css?v=0.10.49 HTTP/1.1" 200 -
[WebServer] ::ffff:127.0.0.1 - - [03/Sep/2026 16:13:39] "GET /docs/assets/css/geoportal-mobile.css?v=0.10.49 HTTP/1.1" 200 -
[WebServer] ::ffff:127.0.0.1 - - [03/Sep/2026 16:13:39] "GET /docs/assets/js/vendor/leaflet-heat.js HTTP/1.1" 200 -
[WebServer] ::ffff:127.0.0.1 - - [03/Sep/2026 16:13:39] "GET /docs/assets/js/vendor/simple-statistics.min.js HTTP/1.1" 200 -
[WebServer] ::ffff:127.0.0.1 - - [03/Sep/2026 16:13:39] "GET /docs/assets/js/vendor/driver.min.js HTTP/1.1" 200 -
[WebServer] ::ffff:127.0.0.1 - - [03/Sep/2026 16:13:39] "GET /docs/assets/js/vendor/html2canvas.min.js HTTP/1.1" 200 -
[WebServer] ::ffff:127.0.0.1 - - [03/Sep/2026 16:13:39] "GET /docs/assets/js/vendor/jspdf.umd.min.js HTTP/1.1" 200 -
[WebServer] ::ffff:127.0.0.1 - - [03/Sep/2026 16:13:40] "GET /docs/assets/js/geoportal-classification.js?v=0.10.49 HTTP/1.1" 200 -
[WebServer] ::ffff:127.0.0.1 - - [03/Sep/2026 16:13:40] "GET /docs/assets/js/geoportal-registry.js?v=0.10.49 HTTP/1.1" 200 -
[WebServer] ::ffff:127.0.0.1 - - [03/Sep/2026 16:13:40] "GET /docs/assets/js/geoportal-overlay-state.js?v=0.10.49 HTTP/1.1" 200 -
[WebServer] ::ffff:127.0.0.1 - - [03/Sep/2026 16:13:40] "GET /docs/assets/js/geoportal-experience.js?v=0.10.49 HTTP/1.1" 200 -
[WebServer] ::ffff:127.0.0.1 - - [03/Sep/2026 16:13:40] "GET /docs/assets/js/geoportal-ant-layer.js?v=0.10.49 HTTP/1.1" 200 -
[WebServer] ::ffff:127.0.0.1 - - [03/Sep/2026 16:13:40] "GET /docs/assets/js/geoportal-state.js?v=0.10.49 HTTP/1.1" 200 -
[WebServer] ::ffff:127.0.0.1 - - [03/Sep/2026 16:13:40] "GET /docs/assets/js/geoportal-territories.js?v=0.10.49 HTTP/1.1" 200 -
[WebServer] ::ffff:127.0.0.1 - - [03/Sep/2026 16:13:40] "GET /docs/assets/js/geoportal-panels.js?v=0.10.49 HTTP/1.1" 200 -
[WebServer] ::ffff:127.0.0.1 - - [03/Sep/2026 16:13:40] "GET /docs/assets/js/geoportal-institutional.js?v=0.10.49 HTTP/1.1" 200 -
[WebServer] ::ffff:127.0.0.1 - - [03/Sep/2026 16:13:40] "GET /docs/assets/js/geoportal-tour.js?v=0.10.49 HTTP/1.1" 200 -
[WebServer] ::ffff:127.0.0.1 - - [03/Sep/2026 16:13:40] "GET /docs/assets/js/geoportal-catalogo.js?v=0.10.49 HTTP/1.1" 200 -
[WebServer] ::ffff:127.0.0.1 - - [03/Sep/2026 16:13:40] "GET /docs/assets/js/geoportal-app.js?v=0.10.49 HTTP/1.1" 200 -
[WebServer] ::ffff:127.0.0.1 - - [03/Sep/2026 16:13:40] "GET /docs/assets/img/redsa-isotipo-oficial.png HTTP/1.1" 200 -
[WebServer] ::ffff:127.0.0.1 - - [03/Sep/2026 16:13:40] "GET /docs/assets/img/loader-ecuador-contorno.svg HTTP/1.1" 200 -
[WebServer] ::ffff:127.0.0.1 - - [03/Sep/2026 16:13:40] "GET /docs/assets/img/loader-vias-principales.svg HTTP/1.1" 200 -
[WebServer] ::ffff:127.0.0.1 - - [03/Sep/2026 16:13:40] "GET /docs/data/provincias_wgs84.geojson HTTP/1.1" 200 -
[WebServer] ::ffff:127.0.0.1 - - [03/Sep/2026 16:13:40] "GET /docs/data/cantones_indice.json HTTP/1.1" 200 -
[WebServer] ::ffff:127.0.0.1 - - [03/Sep/2026 16:13:41] "GET /docs/ HTTP/1.1" 200 -
[WebServer] ::ffff:127.0.0.1 - - [03/Sep/2026 16:13:41] "GET /docs/assets/css/driver.css HTTP/1.1" 200 -
[WebServer] ::ffff:127.0.0.1 - - [03/Sep/2026 16:13:41] "GET /docs/assets/css/geoportal-core.css?v=0.10.49 HTTP/1.1" 200 -
[WebServer] ::ffff:127.0.0.1 - - [03/Sep/2026 16:13:41] "GET /docs/assets/css/geoportal-experience.css?v=0.10.49 HTTP/1.1" 200 -
[WebServer] ::ffff:127.0.0.1 - - [03/Sep/2026 16:13:41] "GET /docs/assets/css/geoportal-mobile.css?v=0.10.49 HTTP/1.1" 200 -
[WebServer] ::ffff:127.0.0.1 - - [03/Sep/2026 16:13:41] "GET /docs/assets/js/vendor/leaflet-heat.js HTTP/1.1" 200 -
[WebServer] ::ffff:127.0.0.1 - - [03/Sep/2026 16:13:41] "GET /docs/assets/js/vendor/simple-statistics.min.js HTTP/1.1" 200 -
[WebServer] ::ffff:127.0.0.1 - - [03/Sep/2026 16:13:41] "GET /docs/assets/js/vendor/driver.min.js HTTP/1.1" 200 -
[WebServer] ::ffff:127.0.0.1 - - [03/Sep/2026 16:13:41] "GET /docs/assets/js/vendor/html2canvas.min.js HTTP/1.1" 200 -
[WebServer] ::ffff:127.0.0.1 - - [03/Sep/2026 16:13:41] "GET /docs/assets/js/vendor/jspdf.umd.min.js HTTP/1.1" 200 -
[WebServer] ::ffff:127.0.0.1 - - [03/Sep/2026 16:13:41] "GET /docs/assets/js/geoportal-classification.js?v=0.10.49 HTTP/1.1" 200 -
[WebServer] ::ffff:127.0.0.1 - - [03/Sep/2026 16:13:41] "GET /docs/assets/js/geoportal-registry.js?v=0.10.49 HTTP/1.1" 200 -
[WebServer] ::ffff:127.0.0.1 - - [03/Sep/2026 16:13:41] "GET /docs/assets/js/geoportal-overlay-state.js?v=0.10.49 HTTP/1.1" 200 -
[WebServer] ::ffff:127.0.0.1 - - [03/Sep/2026 16:13:41] "GET /docs/assets/js/geoportal-ant-layer.js?v=0.10.49 HTTP/1.1" 200 -
[WebServer] ::ffff:127.0.0.1 - - [03/Sep/2026 16:13:41] "GET /docs/assets/js/geoportal-experience.js?v=0.10.49 HTTP/1.1" 200 -
[WebServer] ::ffff:127.0.0.1 - - [03/Sep/2026 16:13:41] "GET /docs/assets/js/geoportal-state.js?v=0.10.49 HTTP/1.1" 200 -
[WebServer] ::ffff:127.0.0.1 - - [03/Sep/2026 16:13:41] "GET /docs/assets/js/geoportal-territories.js?v=0.10.49 HTTP/1.1" 200 -
[WebServer] ::ffff:127.0.0.1 - - [03/Sep/2026 16:13:41] "GET /docs/assets/js/geoportal-panels.js?v=0.10.49 HTTP/1.1" 200 -
[WebServer] ::ffff:127.0.0.1 - - [03/Sep/2026 16:13:41] "GET /docs/assets/js/geoportal-institutional.js?v=0.10.49 HTTP/1.1" 200 -
[WebServer] ::ffff:127.0.0.1 - - [03/Sep/2026 16:13:41] "GET /docs/assets/js/geoportal-tour.js?v=0.10.49 HTTP/1.1" 200 -
[WebServer] ::ffff:127.0.0.1 - - [03/Sep/2026 16:13:41] "GET /docs/assets/js/geoportal-catalogo.js?v=0.10.49 HTTP/1.1" 200 -
[WebServer] ::ffff:127.0.0.1 - - [03/Sep/2026 16:13:41] "GET /docs/assets/js/geoportal-app.js?v=0.10.49 HTTP/1.1" 200 -
[WebServer] ::ffff:127.0.0.1 - - [03/Sep/2026 16:13:41] "GET /docs/assets/img/redsa-isotipo-oficial.png HTTP/1.1" 200 -
[WebServer] ::ffff:127.0.0.1 - - [03/Sep/2026 16:13:41] "GET /docs/assets/img/loader-ecuador-contorno.svg HTTP/1.1" 200 -
[WebServer] ::ffff:127.0.0.1 - - [03/Sep/2026 16:13:41] "GET /docs/assets/img/loader-vias-principales.svg HTTP/1.1" 200 -
[WebServer] ::ffff:127.0.0.1 - - [03/Sep/2026 16:13:42] "GET /docs/data/provincias_wgs84.geojson HTTP/1.1" 200 -
[WebServer] ::ffff:127.0.0.1 - - [03/Sep/2026 16:13:42] "GET /docs/data/cantones_indice.json HTTP/1.1" 200 -
[WebServer] ::ffff:127.0.0.1 - - [03/Sep/2026 16:13:42] "GET /docs/ HTTP/1.1" 200 -
[WebServer] ::ffff:127.0.0.1 - - [03/Sep/2026 16:13:42] "GET /docs/assets/css/driver.css HTTP/1.1" 200 -
[WebServer] ::ffff:127.0.0.1 - - [03/Sep/2026 16:13:42] "GET /docs/assets/css/geoportal-core.css?v=0.10.49 HTTP/1.1" 200 -
[WebServer] ::ffff:127.0.0.1 - - [03/Sep/2026 16:13:42] "GET /docs/assets/css/geoportal-experience.css?v=0.10.49 HTTP/1.1" 200 -
[WebServer] ::ffff:127.0.0.1 - - [03/Sep/2026 16:13:42] "GET /docs/assets/css/geoportal-mobile.css?v=0.10.49 HTTP/1.1" 200 -
[WebServer] ::ffff:127.0.0.1 - - [03/Sep/2026 16:13:42] "GET /docs/assets/js/vendor/leaflet-heat.js HTTP/1.1" 200 -
[WebServer] ::ffff:127.0.0.1 - - [03/Sep/2026 16:13:42] "GET /docs/assets/js/vendor/simple-statistics.min.js HTTP/1.1" 200 -
[WebServer] ::ffff:127.0.0.1 - - [03/Sep/2026 16:13:42] "GET /docs/assets/js/vendor/driver.min.js HTTP/1.1" 200 -
[WebServer] ::ffff:127.0.0.1 - - [03/Sep/2026 16:13:42] "GET /docs/assets/js/vendor/html2canvas.min.js HTTP/1.1" 200 -
[WebServer] ::ffff:127.0.0.1 - - [03/Sep/2026 16:13:42] "GET /docs/assets/js/vendor/jspdf.umd.min.js HTTP/1.1" 200 -
[WebServer] ::ffff:127.0.0.1 - - [03/Sep/2026 16:13:42] "GET /docs/assets/js/geoportal-classification.js?v=0.10.49 HTTP/1.1" 200 -
[WebServer] ::ffff:127.0.0.1 - - [03/Sep/2026 16:13:42] "GET /docs/assets/js/geoportal-registry.js?v=0.10.49 HTTP/1.1" 200 -
[WebServer] ::ffff:127.0.0.1 - - [03/Sep/2026 16:13:43] "GET /docs/assets/js/geoportal-overlay-state.js?v=0.10.49 HTTP/1.1" 200 -
[WebServer] ::ffff:127.0.0.1 - - [03/Sep/2026 16:13:43] "GET /docs/assets/js/geoportal-ant-layer.js?v=0.10.49 HTTP/1.1" 200 -
[WebServer] ::ffff:127.0.0.1 - - [03/Sep/2026 16:13:43] "GET /docs/assets/js/geoportal-experience.js?v=0.10.49 HTTP/1.1" 200 -
[WebServer] ::ffff:127.0.0.1 - - [03/Sep/2026 16:13:43] "GET /docs/assets/js/geoportal-state.js?v=0.10.49 HTTP/1.1" 200 -
[WebServer] ::ffff:127.0.0.1 - - [03/Sep/2026 16:13:43] "GET /docs/assets/js/geoportal-territories.js?v=0.10.49 HTTP/1.1" 200 -
[WebServer] ::ffff:127.0.0.1 - - [03/Sep/2026 16:13:43] "GET /docs/assets/js/geoportal-panels.js?v=0.10.49 HTTP/1.1" 200 -
[WebServer] ::ffff:127.0.0.1 - - [03/Sep/2026 16:13:43] "GET /docs/assets/js/geoportal-institutional.js?v=0.10.49 HTTP/1.1" 200 -
[WebServer] ::ffff:127.0.0.1 - - [03/Sep/2026 16:13:43] "GET /docs/assets/js/geoportal-tour.js?v=0.10.49 HTTP/1.1" 200 -
[WebServer] ::ffff:127.0.0.1 - - [03/Sep/2026 16:13:43] "GET /docs/assets/js/geoportal-catalogo.js?v=0.10.49 HTTP/1.1" 200 -
[WebServer] ::ffff:127.0.0.1 - - [03/Sep/2026 16:13:43] "GET /docs/assets/js/geoportal-app.js?v=0.10.49 HTTP/1.1" 200 -
[WebServer] ::ffff:127.0.0.1 - - [03/Sep/2026 16:13:43] "GET /docs/assets/img/redsa-isotipo-oficial.png HTTP/1.1" 200 -
[WebServer] ::ffff:127.0.0.1 - - [03/Sep/2026 16:13:43] "GET /docs/assets/img/loader-ecuador-contorno.svg HTTP/1.1" 200 -
[WebServer] ::ffff:127.0.0.1 - - [03/Sep/2026 16:13:43] "GET /docs/assets/img/loader-vias-principales.svg HTTP/1.1" 200 -
[WebServer] ::ffff:127.0.0.1 - - [03/Sep/2026 16:13:43] "GET /docs/data/provincias_wgs84.geojson HTTP/1.1" 200 -
[WebServer] ::ffff:127.0.0.1 - - [03/Sep/2026 16:13:43] "GET /docs/data/cantones_indice.json HTTP/1.1" 200 -
[WebServer] ::ffff:127.0.0.1 - - [03/Sep/2026 16:13:43] "GET /docs/data/hotspots_cantonales.json HTTP/1.1" 200 -
[WebServer] ::ffff:127.0.0.1 - - [03/Sep/2026 16:13:44] "GET /docs/data/cantones_wgs84.geojson HTTP/1.1" 200 -
[WebServer] ::ffff:127.0.0.1 - - [03/Sep/2026 16:13:45] "GET /docs/ HTTP/1.1" 200 -
[WebServer] ::ffff:127.0.0.1 - - [03/Sep/2026 16:13:45] "GET /docs/assets/css/driver.css HTTP/1.1" 200 -
[WebServer] ::ffff:127.0.0.1 - - [03/Sep/2026 16:13:45] "GET /docs/assets/css/geoportal-core.css?v=0.10.49 HTTP/1.1" 200 -
[WebServer] ::ffff:127.0.0.1 - - [03/Sep/2026 16:13:45] "GET /docs/assets/css/geoportal-mobile.css?v=0.10.49 HTTP/1.1" 200 -
[WebServer] ::ffff:127.0.0.1 - - [03/Sep/2026 16:13:45] "GET /docs/assets/css/geoportal-experience.css?v=0.10.49 HTTP/1.1" 200 -
[WebServer] ::ffff:127.0.0.1 - - [03/Sep/2026 16:13:45] "GET /docs/assets/js/vendor/leaflet-heat.js HTTP/1.1" 200 -
[WebServer] ::ffff:127.0.0.1 - - [03/Sep/2026 16:13:45] "GET /docs/assets/js/vendor/simple-statistics.min.js HTTP/1.1" 200 -
[WebServer] ::ffff:127.0.0.1 - - [03/Sep/2026 16:13:45] "GET /docs/assets/js/vendor/driver.min.js HTTP/1.1" 200 -
[WebServer] ::ffff:127.0.0.1 - - [03/Sep/2026 16:13:45] "GET /docs/assets/js/vendor/html2canvas.min.js HTTP/1.1" 200 -
[WebServer] ::ffff:127.0.0.1 - - [03/Sep/2026 16:13:45] "GET /docs/assets/js/vendor/jspdf.umd.min.js HTTP/1.1" 200 -
[WebServer] ::ffff:127.0.0.1 - - [03/Sep/2026 16:13:46] "GET /docs/assets/js/geoportal-classification.js?v=0.10.49 HTTP/1.1" 200 -
[WebServer] ::ffff:127.0.0.1 - - [03/Sep/2026 16:13:46] "GET /docs/assets/js/geoportal-registry.js?v=0.10.49 HTTP/1.1" 200 -
[WebServer] ::ffff:127.0.0.1 - - [03/Sep/2026 16:13:46] "GET /docs/assets/js/geoportal-overlay-state.js?v=0.10.49 HTTP/1.1" 200 -
[WebServer] ::ffff:127.0.0.1 - - [03/Sep/2026 16:13:46] "GET /docs/assets/js/geoportal-ant-layer.js?v=0.10.49 HTTP/1.1" 200 -
[WebServer] ::ffff:127.0.0.1 - - [03/Sep/2026 16:13:46] "GET /docs/assets/js/geoportal-experience.js?v=0.10.49 HTTP/1.1" 200 -
[WebServer] ::ffff:127.0.0.1 - - [03/Sep/2026 16:13:46] "GET /docs/assets/js/geoportal-state.js?v=0.10.49 HTTP/1.1" 200 -
[WebServer] ::ffff:127.0.0.1 - - [03/Sep/2026 16:13:46] "GET /docs/assets/js/geoportal-territories.js?v=0.10.49 HTTP/1.1" 200 -
[WebServer] ::ffff:127.0.0.1 - - [03/Sep/2026 16:13:46] "GET /docs/assets/js/geoportal-panels.js?v=0.10.49 HTTP/1.1" 200 -
[WebServer] ::ffff:127.0.0.1 - - [03/Sep/2026 16:13:46] "GET /docs/assets/js/geoportal-institutional.js?v=0.10.49 HTTP/1.1" 200 -
[WebServer] ::ffff:127.0.0.1 - - [03/Sep/2026 16:13:46] "GET /docs/assets/js/geoportal-tour.js?v=0.10.49 HTTP/1.1" 200 -
[WebServer] ::ffff:127.0.0.1 - - [03/Sep/2026 16:13:46] "GET /docs/ HTTP/1.1" 200 -
[WebServer] ::ffff:127.0.0.1 - - [03/Sep/2026 16:13:46] "GET /docs/assets/js/geoportal-catalogo.js?v=0.10.49 HTTP/1.1" 200 -
[WebServer] ::ffff:127.0.0.1 - - [03/Sep/2026 16:13:46] "GET /docs/assets/js/geoportal-app.js?v=0.10.49 HTTP/1.1" 200 -
[WebServer] ::ffff:127.0.0.1 - - [03/Sep/2026 16:13:46] "GET /docs/assets/img/redsa-isotipo-oficial.png HTTP/1.1" 200 -
[WebServer] ::ffff:127.0.0.1 - - [03/Sep/2026 16:13:46] "GET /docs/assets/img/loader-ecuador-contorno.svg HTTP/1.1" 200 -
[WebServer] ::ffff:127.0.0.1 - - [03/Sep/2026 16:13:46] "GET /docs/assets/img/loader-vias-principales.svg HTTP/1.1" 200 -
[WebServer] ::ffff:127.0.0.1 - - [03/Sep/2026 16:13:46] "GET /docs/assets/css/driver.css HTTP/1.1" 200 -
[WebServer] ::ffff:127.0.0.1 - - [03/Sep/2026 16:13:46] "GET /docs/assets/css/geoportal-core.css?v=0.10.49 HTTP/1.1" 200 -
[WebServer] ::ffff:127.0.0.1 - - [03/Sep/2026 16:13:46] "GET /docs/assets/css/geoportal-mobile.css?v=0.10.49 HTTP/1.1" 200 -
[WebServer] ::ffff:127.0.0.1 - - [03/Sep/2026 16:13:46] "GET /docs/assets/css/geoportal-experience.css?v=0.10.49 HTTP/1.1" 200 -
[WebServer] ::ffff:127.0.0.1 - - [03/Sep/2026 16:13:46] "GET /docs/assets/js/vendor/leaflet-heat.js HTTP/1.1" 200 -
[WebServer] ::ffff:127.0.0.1 - - [03/Sep/2026 16:13:46] "GET /docs/assets/js/vendor/simple-statistics.min.js HTTP/1.1" 200 -
[WebServer] ::ffff:127.0.0.1 - - [03/Sep/2026 16:13:46] "GET /docs/assets/js/vendor/driver.min.js HTTP/1.1" 200 -
[WebServer] ::ffff:127.0.0.1 - - [03/Sep/2026 16:13:46] "GET /docs/assets/js/vendor/html2canvas.min.js HTTP/1.1" 200 -
[WebServer] ::ffff:127.0.0.1 - - [03/Sep/2026 16:13:46] "GET /docs/assets/js/vendor/jspdf.umd.min.js HTTP/1.1" 200 -
[WebServer] ::ffff:127.0.0.1 - - [03/Sep/2026 16:13:46] "GET /docs/assets/js/geoportal-classification.js?v=0.10.49 HTTP/1.1" 200 -
[WebServer] ::ffff:127.0.0.1 - - [03/Sep/2026 16:13:46] "GET /docs/assets/js/geoportal-registry.js?v=0.10.49 HTTP/1.1" 200 -
[WebServer] ::ffff:127.0.0.1 - - [03/Sep/2026 16:13:46] "GET /docs/assets/js/geoportal-overlay-state.js?v=0.10.49 HTTP/1.1" 200 -
[WebServer] ::ffff:127.0.0.1 - - [03/Sep/2026 16:13:46] "GET /docs/assets/js/geoportal-ant-layer.js?v=0.10.49 HTTP/1.1" 200 -
[WebServer] ::ffff:127.0.0.1 - - [03/Sep/2026 16:13:46] "GET /docs/assets/js/geoportal-experience.js?v=0.10.49 HTTP/1.1" 200 -
[WebServer] ::ffff:127.0.0.1 - - [03/Sep/2026 16:13:46] "GET /docs/assets/js/geoportal-state.js?v=0.10.49 HTTP/1.1" 200 -
[WebServer] ::ffff:127.0.0.1 - - [03/Sep/2026 16:13:46] "GET /docs/assets/js/geoportal-territories.js?v=0.10.49 HTTP/1.1" 200 -
[WebServer] ::ffff:127.0.0.1 - - [03/Sep/2026 16:13:46] "GET /docs/assets/js/geoportal-panels.js?v=0.10.49 HTTP/1.1" 200 -
[WebServer] ::ffff:127.0.0.1 - - [03/Sep/2026 16:13:46] "GET /docs/assets/js/geoportal-institutional.js?v=0.10.49 HTTP/1.1" 200 -
[WebServer] ::ffff:127.0.0.1 - - [03/Sep/2026 16:13:46] "GET /docs/assets/js/geoportal-tour.js?v=0.10.49 HTTP/1.1" 200 -
[WebServer] ::ffff:127.0.0.1 - - [03/Sep/2026 16:13:46] "GET /docs/assets/js/geoportal-catalogo.js?v=0.10.49 HTTP/1.1" 200 -
[WebServer] ::ffff:127.0.0.1 - - [03/Sep/2026 16:13:46] "GET /docs/assets/js/geoportal-app.js?v=0.10.49 HTTP/1.1" 200 -
[WebServer] ::ffff:127.0.0.1 - - [03/Sep/2026 16:13:46] "GET /docs/assets/img/redsa-isotipo-oficial.png HTTP/1.1" 200 -
[WebServer] ::ffff:127.0.0.1 - - [03/Sep/2026 16:13:46] "GET /docs/assets/img/loader-ecuador-contorno.svg HTTP/1.1" 200 -
[WebServer] ::ffff:127.0.0.1 - - [03/Sep/2026 16:13:46] "GET /docs/data/cantones_indice.json HTTP/1.1" 200 -
[WebServer] ::ffff:127.0.0.1 - - [03/Sep/2026 16:13:46] "GET /docs/data/provincias_wgs84.geojson HTTP/1.1" 200 -
[WebServer] ::ffff:127.0.0.1 - - [03/Sep/2026 16:13:47] "GET /docs/assets/img/loader-vias-principales.svg HTTP/1.1" 200 -
[WebServer] ::ffff:127.0.0.1 - - [03/Sep/2026 16:13:47] "GET /docs/data/cantones_indice.json HTTP/1.1" 200 -
[WebServer] ::ffff:127.0.0.1 - - [03/Sep/2026 16:13:47] "GET /docs/data/provincias_wgs84.geojson HTTP/1.1" 200 -
[WebServer] ::ffff:127.0.0.1 - - [03/Sep/2026 16:13:49] "GET /docs/ HTTP/1.1" 200 -
[WebServer] ::ffff:127.0.0.1 - - [03/Sep/2026 16:13:49] "GET /docs/assets/css/driver.css HTTP/1.1" 200 -
[WebServer] ::ffff:127.0.0.1 - - [03/Sep/2026 16:13:49] "GET /docs/assets/css/geoportal-core.css?v=0.10.49 HTTP/1.1" 200 -
[WebServer] ::ffff:127.0.0.1 - - [03/Sep/2026 16:13:49] "GET /docs/assets/css/geoportal-mobile.css?v=0.10.49 HTTP/1.1" 200 -
[WebServer] ::ffff:127.0.0.1 - - [03/Sep/2026 16:13:49] "GET /docs/assets/css/geoportal-experience.css?v=0.10.49 HTTP/1.1" 200 -
[WebServer] ::ffff:127.0.0.1 - - [03/Sep/2026 16:13:49] "GET /docs/assets/js/vendor/leaflet-heat.js HTTP/1.1" 200 -
[WebServer] ::ffff:127.0.0.1 - - [03/Sep/2026 16:13:49] "GET /docs/assets/js/vendor/simple-statistics.min.js HTTP/1.1" 200 -
[WebServer] ::ffff:127.0.0.1 - - [03/Sep/2026 16:13:49] "GET /docs/assets/js/vendor/driver.min.js HTTP/1.1" 200 -
[WebServer] ::ffff:127.0.0.1 - - [03/Sep/2026 16:13:49] "GET /docs/assets/js/vendor/html2canvas.min.js HTTP/1.1" 200 -
[WebServer] ::ffff:127.0.0.1 - - [03/Sep/2026 16:13:49] "GET /docs/assets/js/vendor/jspdf.umd.min.js HTTP/1.1" 200 -
[WebServer] ::ffff:127.0.0.1 - - [03/Sep/2026 16:13:49] "GET /docs/assets/js/geoportal-classification.js?v=0.10.49 HTTP/1.1" 200 -
[WebServer] ::ffff:127.0.0.1 - - [03/Sep/2026 16:13:49] "GET /docs/assets/js/geoportal-registry.js?v=0.10.49 HTTP/1.1" 200 -
[WebServer] ::ffff:127.0.0.1 - - [03/Sep/2026 16:13:49] "GET /docs/assets/js/geoportal-overlay-state.js?v=0.10.49 HTTP/1.1" 200 -
[WebServer] ::ffff:127.0.0.1 - - [03/Sep/2026 16:13:49] "GET /docs/assets/js/geoportal-ant-layer.js?v=0.10.49 HTTP/1.1" 200 -
[WebServer] ::ffff:127.0.0.1 - - [03/Sep/2026 16:13:49] "GET /docs/assets/js/geoportal-experience.js?v=0.10.49 HTTP/1.1" 200 -
[WebServer] ::ffff:127.0.0.1 - - [03/Sep/2026 16:13:49] "GET /docs/assets/js/geoportal-state.js?v=0.10.49 HTTP/1.1" 200 -
[WebServer] ::ffff:127.0.0.1 - - [03/Sep/2026 16:13:49] "GET /docs/assets/js/geoportal-territories.js?v=0.10.49 HTTP/1.1" 200 -
[WebServer] ::ffff:127.0.0.1 - - [03/Sep/2026 16:13:49] "GET /docs/assets/js/geoportal-panels.js?v=0.10.49 HTTP/1.1" 200 -
[WebServer] ::ffff:127.0.0.1 - - [03/Sep/2026 16:13:49] "GET /docs/assets/js/geoportal-institutional.js?v=0.10.49 HTTP/1.1" 200 -
[WebServer] ::ffff:127.0.0.1 - - [03/Sep/2026 16:13:49] "GET /docs/assets/js/geoportal-catalogo.js?v=0.10.49 HTTP/1.1" 200 -
[WebServer] ::ffff:127.0.0.1 - - [03/Sep/2026 16:13:49] "GET /docs/assets/js/geoportal-tour.js?v=0.10.49 HTTP/1.1" 200 -
[WebServer] ::ffff:127.0.0.1 - - [03/Sep/2026 16:13:49] "GET /docs/assets/js/geoportal-app.js?v=0.10.49 HTTP/1.1" 200 -
[WebServer] ::ffff:127.0.0.1 - - [03/Sep/2026 16:13:49] "GET /docs/assets/img/redsa-isotipo-oficial.png HTTP/1.1" 200 -
[WebServer] ::ffff:127.0.0.1 - - [03/Sep/2026 16:13:49] "GET /docs/assets/img/loader-ecuador-contorno.svg HTTP/1.1" 200 -
[WebServer] ::ffff:127.0.0.1 - - [03/Sep/2026 16:13:49] "GET /docs/assets/img/loader-vias-principales.svg HTTP/1.1" 200 -
[WebServer] ::ffff:127.0.0.1 - - [03/Sep/2026 16:13:50] "GET /docs/data/provincias_wgs84.geojson HTTP/1.1" 200 -
[WebServer] ::ffff:127.0.0.1 - - [03/Sep/2026 16:13:51] "GET /docs/data/cantones_indice.json HTTP/1.1" 200 -
[WebServer] ::ffff:127.0.0.1 - - [03/Sep/2026 16:13:51] "GET /docs/ HTTP/1.1" 200 -
[WebServer] ::ffff:127.0.0.1 - - [03/Sep/2026 16:13:51] "GET /docs/assets/css/driver.css HTTP/1.1" 200 -
[WebServer] ::ffff:127.0.0.1 - - [03/Sep/2026 16:13:51] "GET /docs/assets/css/geoportal-core.css?v=0.10.49 HTTP/1.1" 200 -
[WebServer] ::ffff:127.0.0.1 - - [03/Sep/2026 16:13:51] "GET /docs/assets/css/geoportal-experience.css?v=0.10.49 HTTP/1.1" 200 -
[WebServer] ::ffff:127.0.0.1 - - [03/Sep/2026 16:13:51] "GET /docs/assets/css/geoportal-mobile.css?v=0.10.49 HTTP/1.1" 200 -
[WebServer] ::ffff:127.0.0.1 - - [03/Sep/2026 16:13:51] "GET /docs/assets/js/vendor/leaflet-heat.js HTTP/1.1" 200 -
[WebServer] ::ffff:127.0.0.1 - - [03/Sep/2026 16:13:51] "GET /docs/assets/js/vendor/simple-statistics.min.js HTTP/1.1" 200 -
[WebServer] ::ffff:127.0.0.1 - - [03/Sep/2026 16:13:51] "GET /docs/assets/js/vendor/driver.min.js HTTP/1.1" 200 -
[WebServer] ::ffff:127.0.0.1 - - [03/Sep/2026 16:13:51] "GET /docs/assets/js/vendor/html2canvas.min.js HTTP/1.1" 200 -
[WebServer] ::ffff:127.0.0.1 - - [03/Sep/2026 16:13:51] "GET /docs/assets/js/vendor/jspdf.umd.min.js HTTP/1.1" 200 -
[WebServer] ::ffff:127.0.0.1 - - [03/Sep/2026 16:13:52] "GET /docs/assets/js/geoportal-classification.js?v=0.10.49 HTTP/1.1" 200 -
[WebServer] ::ffff:127.0.0.1 - - [03/Sep/2026 16:13:52] "GET /docs/assets/js/geoportal-registry.js?v=0.10.49 HTTP/1.1" 200 -
[WebServer] ::ffff:127.0.0.1 - - [03/Sep/2026 16:13:52] "GET /docs/assets/js/geoportal-overlay-state.js?v=0.10.49 HTTP/1.1" 200 -
[WebServer] ::ffff:127.0.0.1 - - [03/Sep/2026 16:13:52] "GET /docs/assets/js/geoportal-ant-layer.js?v=0.10.49 HTTP/1.1" 200 -
[WebServer] ::ffff:127.0.0.1 - - [03/Sep/2026 16:13:52] "GET /docs/assets/js/geoportal-experience.js?v=0.10.49 HTTP/1.1" 200 -
[WebServer] ::ffff:127.0.0.1 - - [03/Sep/2026 16:13:52] "GET /docs/assets/js/geoportal-state.js?v=0.10.49 HTTP/1.1" 200 -
[WebServer] ::ffff:127.0.0.1 - - [03/Sep/2026 16:13:52] "GET /docs/assets/js/geoportal-territories.js?v=0.10.49 HTTP/1.1" 200 -
[WebServer] ::ffff:127.0.0.1 - - [03/Sep/2026 16:13:52] "GET /docs/assets/js/geoportal-panels.js?v=0.10.49 HTTP/1.1" 200 -
[WebServer] ::ffff:127.0.0.1 - - [03/Sep/2026 16:13:52] "GET /docs/assets/js/geoportal-institutional.js?v=0.10.49 HTTP/1.1" 200 -
[WebServer] ::ffff:127.0.0.1 - - [03/Sep/2026 16:13:52] "GET /docs/assets/js/geoportal-tour.js?v=0.10.49 HTTP/1.1" 200 -
[WebServer] ::ffff:127.0.0.1 - - [03/Sep/2026 16:13:52] "GET /docs/assets/js/geoportal-catalogo.js?v=0.10.49 HTTP/1.1" 200 -
[WebServer] ::ffff:127.0.0.1 - - [03/Sep/2026 16:13:53] "GET /docs/assets/js/geoportal-app.js?v=0.10.49 HTTP/1.1" 200 -
[WebServer] ::ffff:127.0.0.1 - - [03/Sep/2026 16:13:53] "GET /docs/assets/img/redsa-isotipo-oficial.png HTTP/1.1" 200 -
[WebServer] ::ffff:127.0.0.1 - - [03/Sep/2026 16:13:53] "GET /docs/assets/img/loader-ecuador-contorno.svg HTTP/1.1" 200 -
[WebServer] ::ffff:127.0.0.1 - - [03/Sep/2026 16:13:53] "GET /docs/assets/img/loader-vias-principales.svg HTTP/1.1" 200 -
[WebServer] ::ffff:127.0.0.1 - - [03/Sep/2026 16:13:53] "GET /docs/data/cantones_indice.json HTTP/1.1" 200 -
[WebServer] ::ffff:127.0.0.1 - - [03/Sep/2026 16:13:53] "GET /docs/data/provincias_wgs84.geojson HTTP/1.1" 200 -
[WebServer] ::ffff:127.0.0.1 - - [03/Sep/2026 16:13:53] "GET /docs/ HTTP/1.1" 200 -
[WebServer] ::ffff:127.0.0.1 - - [03/Sep/2026 16:13:53] "GET /docs/assets/css/driver.css HTTP/1.1" 200 -
[WebServer] ::ffff:127.0.0.1 - - [03/Sep/2026 16:13:54] "GET /docs/assets/css/geoportal-core.css?v=0.10.49 HTTP/1.1" 200 -
[WebServer] ::ffff:127.0.0.1 - - [03/Sep/2026 16:13:54] "GET /docs/assets/css/geoportal-experience.css?v=0.10.49 HTTP/1.1" 200 -
[WebServer] ::ffff:127.0.0.1 - - [03/Sep/2026 16:13:54] "GET /docs/assets/css/geoportal-mobile.css?v=0.10.49 HTTP/1.1" 200 -
[WebServer] ::ffff:127.0.0.1 - - [03/Sep/2026 16:13:54] "GET /docs/assets/js/vendor/leaflet-heat.js HTTP/1.1" 200 -
[WebServer] ::ffff:127.0.0.1 - - [03/Sep/2026 16:13:54] "GET /docs/assets/js/vendor/simple-statistics.min.js HTTP/1.1" 200 -
[WebServer] ::ffff:127.0.0.1 - - [03/Sep/2026 16:13:54] "GET /docs/assets/js/vendor/driver.min.js HTTP/1.1" 200 -
[WebServer] ::ffff:127.0.0.1 - - [03/Sep/2026 16:13:54] "GET /docs/assets/js/vendor/html2canvas.min.js HTTP/1.1" 200 -
[WebServer] ::ffff:127.0.0.1 - - [03/Sep/2026 16:13:54] "GET /docs/assets/js/vendor/jspdf.umd.min.js HTTP/1.1" 200 -
[WebServer] ::ffff:127.0.0.1 - - [03/Sep/2026 16:13:54] "GET /docs/assets/js/geoportal-classification.js?v=0.10.49 HTTP/1.1" 200 -
[WebServer] ::ffff:127.0.0.1 - - [03/Sep/2026 16:13:54] "GET /docs/assets/js/geoportal-overlay-state.js?v=0.10.49 HTTP/1.1" 200 -
[WebServer] ::ffff:127.0.0.1 - - [03/Sep/2026 16:13:54] "GET /docs/assets/js/geoportal-registry.js?v=0.10.49 HTTP/1.1" 200 -
[WebServer] ::ffff:127.0.0.1 - - [03/Sep/2026 16:13:54] "GET /docs/assets/js/geoportal-ant-layer.js?v=0.10.49 HTTP/1.1" 200 -
[WebServer] ::ffff:127.0.0.1 - - [03/Sep/2026 16:13:54] "GET /docs/assets/js/geoportal-experience.js?v=0.10.49 HTTP/1.1" 200 -
[WebServer] ::ffff:127.0.0.1 - - [03/Sep/2026 16:13:54] "GET /docs/assets/js/geoportal-state.js?v=0.10.49 HTTP/1.1" 200 -
[WebServer] ::ffff:127.0.0.1 - - [03/Sep/2026 16:13:55] "GET /docs/assets/js/geoportal-territories.js?v=0.10.49 HTTP/1.1" 200 -
[WebServer] ::ffff:127.0.0.1 - - [03/Sep/2026 16:13:55] "GET /docs/assets/js/geoportal-panels.js?v=0.10.49 HTTP/1.1" 200 -
[WebServer] ::ffff:127.0.0.1 - - [03/Sep/2026 16:13:55] "GET /docs/assets/js/geoportal-institutional.js?v=0.10.49 HTTP/1.1" 200 -
[WebServer] ::ffff:127.0.0.1 - - [03/Sep/2026 16:13:55] "GET /docs/assets/js/geoportal-tour.js?v=0.10.49 HTTP/1.1" 200 -
[WebServer] ::ffff:127.0.0.1 - - [03/Sep/2026 16:13:55] "GET /docs/assets/img/redsa-isotipo-oficial.png HTTP/1.1" 200 -
[WebServer] ::ffff:127.0.0.1 - - [03/Sep/2026 16:13:55] "GET /docs/assets/js/geoportal-catalogo.js?v=0.10.49 HTTP/1.1" 200 -
[WebServer] ::ffff:127.0.0.1 - - [03/Sep/2026 16:13:55] "GET /docs/assets/js/geoportal-app.js?v=0.10.49 HTTP/1.1" 200 -
[WebServer] ::ffff:127.0.0.1 - - [03/Sep/2026 16:13:55] "GET /docs/assets/img/loader-ecuador-contorno.svg HTTP/1.1" 200 -
[WebServer] ::ffff:127.0.0.1 - - [03/Sep/2026 16:13:55] "GET /docs/assets/img/loader-vias-principales.svg HTTP/1.1" 200 -
[WebServer] ::ffff:127.0.0.1 - - [03/Sep/2026 16:13:55] "GET /docs/data/provincias_wgs84.geojson HTTP/1.1" 200 -
[WebServer] ::ffff:127.0.0.1 - - [03/Sep/2026 16:13:55] "GET /docs/data/cantones_indice.json HTTP/1.1" 200 -
[WebServer] ::ffff:127.0.0.1 - - [03/Sep/2026 16:13:57] "GET /docs/ HTTP/1.1" 200 -
[WebServer] ::ffff:127.0.0.1 - - [03/Sep/2026 16:13:57] "GET /docs/assets/css/driver.css HTTP/1.1" 200 -
[WebServer] ::ffff:127.0.0.1 - - [03/Sep/2026 16:13:57] "GET /docs/assets/css/geoportal-core.css?v=0.10.49 HTTP/1.1" 200 -
[WebServer] ::ffff:127.0.0.1 - - [03/Sep/2026 16:13:57] "GET /docs/assets/css/geoportal-experience.css?v=0.10.49 HTTP/1.1" 200 -
[WebServer] ::ffff:127.0.0.1 - - [03/Sep/2026 16:13:57] "GET /docs/assets/css/geoportal-mobile.css?v=0.10.49 HTTP/1.1" 200 -
[WebServer] ::ffff:127.0.0.1 - - [03/Sep/2026 16:13:57] "GET /docs/assets/js/vendor/leaflet-heat.js HTTP/1.1" 200 -
[WebServer] ::ffff:127.0.0.1 - - [03/Sep/2026 16:13:57] "GET /docs/assets/js/vendor/simple-statistics.min.js HTTP/1.1" 200 -
[WebServer] ::ffff:127.0.0.1 - - [03/Sep/2026 16:13:57] "GET /docs/assets/js/vendor/driver.min.js HTTP/1.1" 200 -
[WebServer] ::ffff:127.0.0.1 - - [03/Sep/2026 16:13:57] "GET /docs/assets/js/vendor/html2canvas.min.js HTTP/1.1" 200 -
[WebServer] ::ffff:127.0.0.1 - - [03/Sep/2026 16:13:57] "GET /docs/assets/js/vendor/jspdf.umd.min.js HTTP/1.1" 200 -
[WebServer] ::ffff:127.0.0.1 - - [03/Sep/2026 16:13:57] "GET /docs/assets/js/geoportal-classification.js?v=0.10.49 HTTP/1.1" 200 -
[WebServer] ::ffff:127.0.0.1 - - [03/Sep/2026 16:13:57] "GET /docs/assets/js/geoportal-registry.js?v=0.10.49 HTTP/1.1" 200 -
[WebServer] ::ffff:127.0.0.1 - - [03/Sep/2026 16:13:57] "GET /docs/assets/js/geoportal-overlay-state.js?v=0.10.49 HTTP/1.1" 200 -
[WebServer] ::ffff:127.0.0.1 - - [03/Sep/2026 16:13:57] "GET /docs/assets/js/geoportal-ant-layer.js?v=0.10.49 HTTP/1.1" 200 -
[WebServer] ::ffff:127.0.0.1 - - [03/Sep/2026 16:13:57] "GET /docs/assets/js/geoportal-experience.js?v=0.10.49 HTTP/1.1" 200 -
[WebServer] ::ffff:127.0.0.1 - - [03/Sep/2026 16:13:57] "GET /docs/assets/js/geoportal-state.js?v=0.10.49 HTTP/1.1" 200 -
[WebServer] ::ffff:127.0.0.1 - - [03/Sep/2026 16:13:57] "GET /docs/assets/js/geoportal-territories.js?v=0.10.49 HTTP/1.1" 200 -
[WebServer] ::ffff:127.0.0.1 - - [03/Sep/2026 16:13:57] "GET /docs/assets/js/geoportal-panels.js?v=0.10.49 HTTP/1.1" 200 -
[WebServer] ::ffff:127.0.0.1 - - [03/Sep/2026 16:13:57] "GET /docs/assets/js/geoportal-institutional.js?v=0.10.49 HTTP/1.1" 200 -
[WebServer] ::ffff:127.0.0.1 - - [03/Sep/2026 16:13:57] "GET /docs/assets/js/geoportal-tour.js?v=0.10.49 HTTP/1.1" 200 -
[WebServer] ::ffff:127.0.0.1 - - [03/Sep/2026 16:13:57] "GET /docs/assets/js/geoportal-catalogo.js?v=0.10.49 HTTP/1.1" 200 -
[WebServer] ::ffff:127.0.0.1 - - [03/Sep/2026 16:13:57] "GET /docs/assets/js/geoportal-app.js?v=0.10.49 HTTP/1.1" 200 -
[WebServer] ::ffff:127.0.0.1 - - [03/Sep/2026 16:13:57] "GET /docs/assets/img/redsa-isotipo-oficial.png HTTP/1.1" 200 -
[WebServer] ::ffff:127.0.0.1 - - [03/Sep/2026 16:13:57] "GET /docs/assets/img/loader-ecuador-contorno.svg HTTP/1.1" 200 -
[WebServer] ::ffff:127.0.0.1 - - [03/Sep/2026 16:13:57] "GET /docs/assets/img/loader-vias-principales.svg HTTP/1.1" 200 -
[WebServer] ::ffff:127.0.0.1 - - [03/Sep/2026 16:13:58] "GET /docs/ HTTP/1.1" 200 -
[WebServer] ::ffff:127.0.0.1 - - [03/Sep/2026 16:13:58] "GET /docs/data/provincias_wgs84.geojson HTTP/1.1" 200 -
[WebServer] ::ffff:127.0.0.1 - - [03/Sep/2026 16:13:58] "GET /docs/data/cantones_indice.json HTTP/1.1" 200 -
[WebServer] ::ffff:127.0.0.1 - - [03/Sep/2026 16:13:58] "GET /docs/assets/css/driver.css HTTP/1.1" 200 -
[WebServer] ::ffff:127.0.0.1 - - [03/Sep/2026 16:13:58] "GET /docs/assets/css/geoportal-core.css?v=0.10.49 HTTP/1.1" 200 -
[WebServer] ::ffff:127.0.0.1 - - [03/Sep/2026 16:13:58] "GET /docs/assets/css/geoportal-mobile.css?v=0.10.49 HTTP/1.1" 200 -
[WebServer] ::ffff:127.0.0.1 - - [03/Sep/2026 16:13:58] "GET /docs/assets/css/geoportal-experience.css?v=0.10.49 HTTP/1.1" 200 -
[WebServer] ::ffff:127.0.0.1 - - [03/Sep/2026 16:13:58] "GET /docs/assets/js/vendor/simple-statistics.min.js HTTP/1.1" 200 -
[WebServer] ::ffff:127.0.0.1 - - [03/Sep/2026 16:13:58] "GET /docs/assets/js/vendor/driver.min.js HTTP/1.1" 200 -
[WebServer] ::ffff:127.0.0.1 - - [03/Sep/2026 16:13:58] "GET /docs/assets/js/vendor/leaflet-heat.js HTTP/1.1" 200 -
[WebServer] ::ffff:127.0.0.1 - - [03/Sep/2026 16:13:58] "GET /docs/assets/js/vendor/html2canvas.min.js HTTP/1.1" 200 -
[WebServer] ::ffff:127.0.0.1 - - [03/Sep/2026 16:13:59] "GET /docs/assets/js/vendor/jspdf.umd.min.js HTTP/1.1" 200 -
[WebServer] ::ffff:127.0.0.1 - - [03/Sep/2026 16:13:59] "GET /docs/assets/js/geoportal-classification.js?v=0.10.49 HTTP/1.1" 200 -
[WebServer] ::ffff:127.0.0.1 - - [03/Sep/2026 16:13:59] "GET /docs/assets/js/geoportal-registry.js?v=0.10.49 HTTP/1.1" 200 -
[WebServer] ::ffff:127.0.0.1 - - [03/Sep/2026 16:13:59] "GET /docs/assets/js/geoportal-overlay-state.js?v=0.10.49 HTTP/1.1" 200 -
[WebServer] ::ffff:127.0.0.1 - - [03/Sep/2026 16:13:59] "GET /docs/assets/js/geoportal-ant-layer.js?v=0.10.49 HTTP/1.1" 200 -
[WebServer] ::ffff:127.0.0.1 - - [03/Sep/2026 16:13:59] "GET /docs/assets/js/geoportal-experience.js?v=0.10.49 HTTP/1.1" 200 -
[WebServer] ::ffff:127.0.0.1 - - [03/Sep/2026 16:13:59] "GET /docs/assets/js/geoportal-state.js?v=0.10.49 HTTP/1.1" 200 -
[WebServer] ::ffff:127.0.0.1 - - [03/Sep/2026 16:13:59] "GET /docs/assets/js/geoportal-territories.js?v=0.10.49 HTTP/1.1" 200 -
[WebServer] ::ffff:127.0.0.1 - - [03/Sep/2026 16:13:59] "GET /docs/assets/js/geoportal-panels.js?v=0.10.49 HTTP/1.1" 200 -
[WebServer] ::ffff:127.0.0.1 - - [03/Sep/2026 16:13:59] "GET /docs/assets/img/redsa-isotipo-oficial.png HTTP/1.1" 200 -
[WebServer] ::ffff:127.0.0.1 - - [03/Sep/2026 16:14:00] "GET /docs/assets/js/geoportal-institutional.js?v=0.10.49 HTTP/1.1" 200 -
[WebServer] ::ffff:127.0.0.1 - - [03/Sep/2026 16:14:00] "GET /docs/assets/js/geoportal-tour.js?v=0.10.49 HTTP/1.1" 200 -
[WebServer] ::ffff:127.0.0.1 - - [03/Sep/2026 16:14:00] "GET /docs/assets/js/geoportal-catalogo.js?v=0.10.49 HTTP/1.1" 200 -
[WebServer] ::ffff:127.0.0.1 - - [03/Sep/2026 16:14:00] "GET /docs/assets/js/geoportal-app.js?v=0.10.49 HTTP/1.1" 200 -
[WebServer] ::ffff:127.0.0.1 - - [03/Sep/2026 16:14:00] "GET /docs/assets/img/loader-ecuador-contorno.svg HTTP/1.1" 200 -
[WebServer] ::ffff:127.0.0.1 - - [03/Sep/2026 16:14:00] "GET /docs/assets/img/loader-vias-principales.svg HTTP/1.1" 200 -
[WebServer] ::ffff:127.0.0.1 - - [03/Sep/2026 16:14:00] "GET /docs/data/cantones_indice.json HTTP/1.1" 200 -
[WebServer] ::ffff:127.0.0.1 - - [03/Sep/2026 16:14:00] "GET /docs/data/provincias_wgs84.geojson HTTP/1.1" 200 -
[WebServer] ::ffff:127.0.0.1 - - [03/Sep/2026 16:14:00] "GET /docs/data/cantones_wgs84.geojson HTTP/1.1" 200 -
[WebServer] ----------------------------------------
[WebServer] Exception occurred during processing of request from ('::ffff:127.0.0.1', 50645, 0, 0)
[WebServer] Traceback (most recent call last):
[WebServer] ::ffff:127.0.0.1 - - [03/Sep/2026 16:14:00] "GET /docs/data/hotspots_cantonales.json HTTP/1.1" 200 -
[WebServer]   File "C:\Users\Admin\AppData\Local\Programs\Python\Python312\Lib\socketserver.py", line 697, in process_request_thread
[WebServer]     self.finish_request(request, client_address)
[WebServer]   File "C:\Users\Admin\AppData\Local\Programs\Python\Python312\Lib\http\server.py", line 1311, in finish_request
[WebServer]     self.RequestHandlerClass(request, client_address, self,
[WebServer]   File "C:\Users\Admin\AppData\Local\Programs\Python\Python312\Lib\http\server.py", line 672, in __init__
[WebServer]     super().__init__(*args, **kwargs)
[WebServer]   File "C:\Users\Admin\AppData\Local\Programs\Python\Python312\Lib\socketserver.py", line 766, in __init__
[WebServer]     self.handle()
[WebServer]   File "C:\Users\Admin\AppData\Local\Programs\Python\Python312\Lib\http\server.py", line 436, in handle
[WebServer]     self.handle_one_request()
[WebServer]   File "C:\Users\Admin\AppData\Local\Programs\Python\Python312\Lib\http\server.py", line 424, in handle_one_request
[WebServer]     method()
[WebServer]   File "C:\Users\Admin\AppData\Local\Programs\Python\Python312\Lib\http\server.py", line 679, in do_GET
[WebServer]     self.copyfile(f, self.wfile)
[WebServer]   File "C:\Users\Admin\AppData\Local\Programs\Python\Python312\Lib\http\server.py", line 878, in copyfile
[WebServer]     shutil.copyfileobj(source, outputfile)
[WebServer]   File "C:\Users\Admin\AppData\Local\Programs\Python\Python312\Lib\shutil.py", line 204, in copyfileobj
[WebServer]     fdst_write(buf)
[WebServer]   File "C:\Users\Admin\AppData\Local\Programs\Python\Python312\Lib\socketserver.py", line 845, in write
[WebServer]     self._sock.sendall(b)
[WebServer] ConnectionAbortedError: [WinError 10053] An established connection was aborted by the software in your host machine
[WebServer] ----------------------------------------
[WebServer] ----------------------------------------
[WebServer] Exception occurred during processing of request from ('::ffff:127.0.0.1', 58379, 0, 0)
[WebServer] Traceback (most recent call last):
[WebServer]   File "C:\Users\Admin\AppData\Local\Programs\Python\Python312\Lib\socketserver.py", line 697, in process_request_thread
[WebServer]     self.finish_request(request, client_address)
[WebServer]   File "C:\Users\Admin\AppData\Local\Programs\Python\Python312\Lib\http\server.py", line 1311, in finish_request
[WebServer]     self.RequestHandlerClass(request, client_address, self,
[WebServer]   File "C:\Users\Admin\AppData\Local\Programs\Python\Python312\Lib\http\server.py", line 672, in __init__
[WebServer]     super().__init__(*args, **kwargs)
[WebServer]   File "C:\Users\Admin\AppData\Local\Programs\Python\Python312\Lib\socketserver.py", line 766, in __init__
[WebServer]     self.handle()
[WebServer]   File "C:\Users\Admin\AppData\Local\Programs\Python\Python312\Lib\http\server.py", line 436, in handle
[WebServer]     self.handle_one_request()
[WebServer]   File "C:\Users\Admin\AppData\Local\Programs\Python\Python312\Lib\http\server.py", line 424, in handle_one_request
[WebServer]     method()
[WebServer]   File "C:\Users\Admin\AppData\Local\Programs\Python\Python312\Lib\http\server.py", line 679, in do_GET
[WebServer]     self.copyfile(f, self.wfile)
[WebServer]   File "C:\Users\Admin\AppData\Local\Programs\Python\Python312\Lib\http\server.py", line 878, in copyfile
[WebServer]     shutil.copyfileobj(source, outputfile)
[WebServer]   File "C:\Users\Admin\AppData\Local\Programs\Python\Python312\Lib\shutil.py", line 204, in copyfileobj
[WebServer]     fdst_write(buf)
[WebServer]   File "C:\Users\Admin\AppData\Local\Programs\Python\Python312\Lib\socketserver.py", line 845, in write
[WebServer]     self._sock.sendall(b)
[WebServer] ConnectionAbortedError: [WinError 10053] An established connection was aborted by the software in your host machine
[WebServer] ----------------------------------------
[WebServer] ::ffff:127.0.0.1 - - [03/Sep/2026 16:14:00] "GET /docs/ HTTP/1.1" 200 -
[WebServer] ::ffff:127.0.0.1 - - [03/Sep/2026 16:14:00] "GET /docs/assets/css/driver.css HTTP/1.1" 200 -
[WebServer] ::ffff:127.0.0.1 - - [03/Sep/2026 16:14:00] "GET /docs/assets/css/geoportal-core.css?v=0.10.49 HTTP/1.1" 200 -
[WebServer] ::ffff:127.0.0.1 - - [03/Sep/2026 16:14:01] "GET /docs/assets/js/vendor/leaflet-heat.js HTTP/1.1" 200 -
[WebServer] ::ffff:127.0.0.1 - - [03/Sep/2026 16:14:01] "GET /docs/assets/css/geoportal-mobile.css?v=0.10.49 HTTP/1.1" 200 -
[WebServer] ::ffff:127.0.0.1 - - [03/Sep/2026 16:14:01] "GET /docs/assets/css/geoportal-experience.css?v=0.10.49 HTTP/1.1" 200 -
[WebServer] ::ffff:127.0.0.1 - - [03/Sep/2026 16:14:01] "GET /docs/assets/js/vendor/simple-statistics.min.js HTTP/1.1" 200 -
[WebServer] ::ffff:127.0.0.1 - - [03/Sep/2026 16:14:01] "GET /docs/assets/js/vendor/driver.min.js HTTP/1.1" 200 -
[WebServer] ::ffff:127.0.0.1 - - [03/Sep/2026 16:14:01] "GET /docs/assets/js/vendor/html2canvas.min.js HTTP/1.1" 200 -
[WebServer] ::ffff:127.0.0.1 - - [03/Sep/2026 16:14:01] "GET /docs/assets/js/vendor/jspdf.umd.min.js HTTP/1.1" 200 -
[WebServer] ::ffff:127.0.0.1 - - [03/Sep/2026 16:14:01] "GET /docs/assets/js/geoportal-classification.js?v=0.10.49 HTTP/1.1" 200 -
[WebServer] ::ffff:127.0.0.1 - - [03/Sep/2026 16:14:01] "GET /docs/assets/js/geoportal-registry.js?v=0.10.49 HTTP/1.1" 200 -
[WebServer] ::ffff:127.0.0.1 - - [03/Sep/2026 16:14:02] "GET /docs/assets/js/geoportal-overlay-state.js?v=0.10.49 HTTP/1.1" 200 -
[WebServer] ::ffff:127.0.0.1 - - [03/Sep/2026 16:14:02] "GET /docs/assets/js/geoportal-ant-layer.js?v=0.10.49 HTTP/1.1" 200 -
[WebServer] ::ffff:127.0.0.1 - - [03/Sep/2026 16:14:02] "GET /docs/assets/js/geoportal-experience.js?v=0.10.49 HTTP/1.1" 200 -
[WebServer] ::ffff:127.0.0.1 - - [03/Sep/2026 16:14:02] "GET /docs/assets/img/redsa-isotipo-oficial.png HTTP/1.1" 200 -
[WebServer] ::ffff:127.0.0.1 - - [03/Sep/2026 16:14:02] "GET /docs/assets/js/geoportal-state.js?v=0.10.49 HTTP/1.1" 200 -
[WebServer] ::ffff:127.0.0.1 - - [03/Sep/2026 16:14:02] "GET /docs/assets/js/geoportal-territories.js?v=0.10.49 HTTP/1.1" 200 -
[WebServer] ::ffff:127.0.0.1 - - [03/Sep/2026 16:14:02] "GET /docs/assets/js/geoportal-panels.js?v=0.10.49 HTTP/1.1" 200 -
[WebServer] ::ffff:127.0.0.1 - - [03/Sep/2026 16:14:02] "GET /docs/assets/js/geoportal-institutional.js?v=0.10.49 HTTP/1.1" 200 -
[WebServer] ::ffff:127.0.0.1 - - [03/Sep/2026 16:14:02] "GET /docs/assets/js/geoportal-tour.js?v=0.10.49 HTTP/1.1" 200 -
[WebServer] ::ffff:127.0.0.1 - - [03/Sep/2026 16:14:02] "GET /docs/assets/js/geoportal-catalogo.js?v=0.10.49 HTTP/1.1" 200 -
[WebServer] ::ffff:127.0.0.1 - - [03/Sep/2026 16:14:02] "GET /docs/assets/js/geoportal-app.js?v=0.10.49 HTTP/1.1" 200 -
[WebServer] ::ffff:127.0.0.1 - - [03/Sep/2026 16:14:02] "GET /docs/assets/img/loader-ecuador-contorno.svg HTTP/1.1" 200 -
[WebServer] ::ffff:127.0.0.1 - - [03/Sep/2026 16:14:02] "GET /docs/assets/img/loader-vias-principales.svg HTTP/1.1" 200 -
[WebServer] ::ffff:127.0.0.1 - - [03/Sep/2026 16:14:02] "GET /docs/data/provincias_wgs84.geojson HTTP/1.1" 200 -
[WebServer] ::ffff:127.0.0.1 - - [03/Sep/2026 16:14:02] "GET /docs/data/cantones_indice.json HTTP/1.1" 200 -
[WebServer] ::ffff:127.0.0.1 - - [03/Sep/2026 16:14:05] "GET /docs/ HTTP/1.1" 200 -
[WebServer] ::ffff:127.0.0.1 - - [03/Sep/2026 16:14:05] "GET /docs/assets/css/driver.css HTTP/1.1" 200 -
[WebServer] ::ffff:127.0.0.1 - - [03/Sep/2026 16:14:05] "GET /docs/assets/css/geoportal-core.css?v=0.10.49 HTTP/1.1" 200 -
[WebServer] ::ffff:127.0.0.1 - - [03/Sep/2026 16:14:05] "GET /docs/assets/css/geoportal-experience.css?v=0.10.49 HTTP/1.1" 200 -
[WebServer] ::ffff:127.0.0.1 - - [03/Sep/2026 16:14:05] "GET /docs/assets/js/vendor/leaflet-heat.js HTTP/1.1" 200 -
[WebServer] ::ffff:127.0.0.1 - - [03/Sep/2026 16:14:05] "GET /docs/assets/css/geoportal-mobile.css?v=0.10.49 HTTP/1.1" 200 -
[WebServer] ::ffff:127.0.0.1 - - [03/Sep/2026 16:14:05] "GET /docs/assets/js/vendor/simple-statistics.min.js HTTP/1.1" 200 -
[WebServer] ::ffff:127.0.0.1 - - [03/Sep/2026 16:14:05] "GET /docs/assets/js/vendor/driver.min.js HTTP/1.1" 200 -
[WebServer] ::ffff:127.0.0.1 - - [03/Sep/2026 16:14:05] "GET /docs/assets/js/vendor/html2canvas.min.js HTTP/1.1" 200 -
[WebServer] ::ffff:127.0.0.1 - - [03/Sep/2026 16:14:05] "GET /docs/assets/js/vendor/jspdf.umd.min.js HTTP/1.1" 200 -
[WebServer] ::ffff:127.0.0.1 - - [03/Sep/2026 16:14:05] "GET /docs/ HTTP/1.1" 200 -
[WebServer] ::ffff:127.0.0.1 - - [03/Sep/2026 16:14:05] "GET /docs/assets/css/driver.css HTTP/1.1" 200 -
[WebServer] ::ffff:127.0.0.1 - - [03/Sep/2026 16:14:05] "GET /docs/assets/js/geoportal-classification.js?v=0.10.49 HTTP/1.1" 200 -
[WebServer] ::ffff:127.0.0.1 - - [03/Sep/2026 16:14:05] "GET /docs/assets/css/geoportal-core.css?v=0.10.49 HTTP/1.1" 200 -
[WebServer] ::ffff:127.0.0.1 - - [03/Sep/2026 16:14:05] "GET /docs/assets/css/geoportal-experience.css?v=0.10.49 HTTP/1.1" 200 -
[WebServer] ::ffff:127.0.0.1 - - [03/Sep/2026 16:14:05] "GET /docs/assets/css/geoportal-mobile.css?v=0.10.49 HTTP/1.1" 200 -
[WebServer] ::ffff:127.0.0.1 - - [03/Sep/2026 16:14:05] "GET /docs/assets/js/vendor/leaflet-heat.js HTTP/1.1" 200 -
[WebServer] ::ffff:127.0.0.1 - - [03/Sep/2026 16:14:05] "GET /docs/assets/js/geoportal-registry.js?v=0.10.49 HTTP/1.1" 200 -
[WebServer] ::ffff:127.0.0.1 - - [03/Sep/2026 16:14:05] "GET /docs/assets/js/geoportal-overlay-state.js?v=0.10.49 HTTP/1.1" 200 -
[WebServer] ::ffff:127.0.0.1 - - [03/Sep/2026 16:14:05] "GET /docs/assets/js/vendor/simple-statistics.min.js HTTP/1.1" 200 -
[WebServer] ::ffff:127.0.0.1 - - [03/Sep/2026 16:14:05] "GET /docs/assets/js/geoportal-ant-layer.js?v=0.10.49 HTTP/1.1" 200 -
[WebServer] ::ffff:127.0.0.1 - - [03/Sep/2026 16:14:05] "GET /docs/assets/js/vendor/driver.min.js HTTP/1.1" 200 -
[WebServer] ::ffff:127.0.0.1 - - [03/Sep/2026 16:14:05] "GET /docs/assets/js/geoportal-experience.js?v=0.10.49 HTTP/1.1" 200 -
[WebServer] ::ffff:127.0.0.1 - - [03/Sep/2026 16:14:05] "GET /docs/assets/js/geoportal-state.js?v=0.10.49 HTTP/1.1" 200 -
[WebServer] ::ffff:127.0.0.1 - - [03/Sep/2026 16:14:05] "GET /docs/assets/js/vendor/html2canvas.min.js HTTP/1.1" 200 -
[WebServer] ::ffff:127.0.0.1 - - [03/Sep/2026 16:14:05] "GET /docs/assets/js/geoportal-territories.js?v=0.10.49 HTTP/1.1" 200 -
[WebServer] ::ffff:127.0.0.1 - - [03/Sep/2026 16:14:05] "GET /docs/assets/js/geoportal-panels.js?v=0.10.49 HTTP/1.1" 200 -
[WebServer] ::ffff:127.0.0.1 - - [03/Sep/2026 16:14:05] "GET /docs/assets/js/geoportal-institutional.js?v=0.10.49 HTTP/1.1" 200 -
[WebServer] ::ffff:127.0.0.1 - - [03/Sep/2026 16:14:05] "GET /docs/assets/js/geoportal-tour.js?v=0.10.49 HTTP/1.1" 200 -
[WebServer] ::ffff:127.0.0.1 - - [03/Sep/2026 16:14:05] "GET /docs/assets/js/geoportal-catalogo.js?v=0.10.49 HTTP/1.1" 200 -
[WebServer] ::ffff:127.0.0.1 - - [03/Sep/2026 16:14:05] "GET /docs/assets/js/geoportal-app.js?v=0.10.49 HTTP/1.1" 200 -
[WebServer] ::ffff:127.0.0.1 - - [03/Sep/2026 16:14:05] "GET /docs/assets/js/vendor/jspdf.umd.min.js HTTP/1.1" 200 -
[WebServer] ::ffff:127.0.0.1 - - [03/Sep/2026 16:14:05] "GET /docs/assets/img/redsa-isotipo-oficial.png HTTP/1.1" 200 -
[WebServer] ::ffff:127.0.0.1 - - [03/Sep/2026 16:14:05] "GET /docs/assets/img/loader-ecuador-contorno.svg HTTP/1.1" 200 -
[WebServer] ::ffff:127.0.0.1 - - [03/Sep/2026 16:14:05] "GET /docs/assets/js/geoportal-classification.js?v=0.10.49 HTTP/1.1" 200 -
[WebServer] ::ffff:127.0.0.1 - - [03/Sep/2026 16:14:05] "GET /docs/assets/js/geoportal-registry.js?v=0.10.49 HTTP/1.1" 200 -
[WebServer] ::ffff:127.0.0.1 - - [03/Sep/2026 16:14:05] "GET /docs/assets/js/geoportal-overlay-state.js?v=0.10.49 HTTP/1.1" 200 -
[WebServer] ::ffff:127.0.0.1 - - [03/Sep/2026 16:14:05] "GET /docs/assets/js/geoportal-ant-layer.js?v=0.10.49 HTTP/1.1" 200 -
[WebServer] ::ffff:127.0.0.1 - - [03/Sep/2026 16:14:05] "GET /docs/assets/js/geoportal-experience.js?v=0.10.49 HTTP/1.1" 200 -
[WebServer] ::ffff:127.0.0.1 - - [03/Sep/2026 16:14:05] "GET /docs/assets/js/geoportal-state.js?v=0.10.49 HTTP/1.1" 200 -
[WebServer] ::ffff:127.0.0.1 - - [03/Sep/2026 16:14:05] "GET /docs/assets/js/geoportal-territories.js?v=0.10.49 HTTP/1.1" 200 -
[WebServer] ::ffff:127.0.0.1 - - [03/Sep/2026 16:14:05] "GET /docs/assets/js/geoportal-panels.js?v=0.10.49 HTTP/1.1" 200 -
[WebServer] ::ffff:127.0.0.1 - - [03/Sep/2026 16:14:05] "GET /docs/assets/js/geoportal-institutional.js?v=0.10.49 HTTP/1.1" 200 -
[WebServer] ::ffff:127.0.0.1 - - [03/Sep/2026 16:14:06] "GET /docs/assets/js/geoportal-tour.js?v=0.10.49 HTTP/1.1" 200 -
[WebServer] ::ffff:127.0.0.1 - - [03/Sep/2026 16:14:06] "GET /docs/assets/js/geoportal-catalogo.js?v=0.10.49 HTTP/1.1" 200 -
[WebServer] ::ffff:127.0.0.1 - - [03/Sep/2026 16:14:06] "GET /docs/assets/js/geoportal-app.js?v=0.10.49 HTTP/1.1" 200 -
[WebServer] ::ffff:127.0.0.1 - - [03/Sep/2026 16:14:06] "GET /docs/assets/img/redsa-isotipo-oficial.png HTTP/1.1" 200 -
[WebServer] ::ffff:127.0.0.1 - - [03/Sep/2026 16:14:06] "GET /docs/assets/img/loader-ecuador-contorno.svg HTTP/1.1" 200 -
[WebServer] ::ffff:127.0.0.1 - - [03/Sep/2026 16:14:06] "GET /docs/assets/img/loader-vias-principales.svg HTTP/1.1" 200 -
[WebServer] ::ffff:127.0.0.1 - - [03/Sep/2026 16:14:06] "GET /docs/assets/img/loader-vias-principales.svg HTTP/1.1" 200 -
[WebServer] ::ffff:127.0.0.1 - - [03/Sep/2026 16:14:06] "GET /docs/data/provincias_wgs84.geojson HTTP/1.1" 200 -
[WebServer] ::ffff:127.0.0.1 - - [03/Sep/2026 16:14:06] "GET /docs/data/cantones_indice.json HTTP/1.1" 200 -
[WebServer] ::ffff:127.0.0.1 - - [03/Sep/2026 16:14:07] "GET /docs/data/cantones_indice.json HTTP/1.1" 200 -
[WebServer] ::ffff:127.0.0.1 - - [03/Sep/2026 16:14:07] "GET /docs/data/provincias_wgs84.geojson HTTP/1.1" 200 -
[WebServer] ::ffff:127.0.0.1 - - [03/Sep/2026 16:14:09] "GET /docs/data/ciclovias_ecuador.geojson HTTP/1.1" 200 -
[WebServer] ::ffff:127.0.0.1 - - [03/Sep/2026 16:14:09] "GET /docs/data/cantones_wgs84.geojson HTTP/1.1" 200 -
[WebServer] ::ffff:127.0.0.1 - - [03/Sep/2026 16:14:09] "GET /docs/data/hotspots_cantonales.json HTTP/1.1" 200 -
[WebServer] ::ffff:127.0.0.1 - - [03/Sep/2026 16:14:09] "GET /docs/ HTTP/1.1" 200 -
[WebServer] ::ffff:127.0.0.1 - - [03/Sep/2026 16:14:09] "GET /docs/assets/css/driver.css HTTP/1.1" 200 -
[WebServer] ::ffff:127.0.0.1 - - [03/Sep/2026 16:14:09] "GET /docs/assets/css/geoportal-core.css?v=0.10.49 HTTP/1.1" 200 -
[WebServer] ::ffff:127.0.0.1 - - [03/Sep/2026 16:14:09] "GET /docs/assets/css/geoportal-experience.css?v=0.10.49 HTTP/1.1" 200 -
[WebServer] ::ffff:127.0.0.1 - - [03/Sep/2026 16:14:09] "GET /docs/assets/css/geoportal-mobile.css?v=0.10.49 HTTP/1.1" 200 -
[WebServer] ::ffff:127.0.0.1 - - [03/Sep/2026 16:14:09] "GET /docs/assets/js/vendor/leaflet-heat.js HTTP/1.1" 200 -
[WebServer] ::ffff:127.0.0.1 - - [03/Sep/2026 16:14:09] "GET /docs/assets/js/vendor/simple-statistics.min.js HTTP/1.1" 200 -
[WebServer] ::ffff:127.0.0.1 - - [03/Sep/2026 16:14:09] "GET /docs/assets/js/vendor/driver.min.js HTTP/1.1" 200 -
[WebServer] ::ffff:127.0.0.1 - - [03/Sep/2026 16:14:09] "GET /docs/assets/js/vendor/html2canvas.min.js HTTP/1.1" 200 -
[WebServer] ::ffff:127.0.0.1 - - [03/Sep/2026 16:14:09] "GET /docs/assets/js/vendor/jspdf.umd.min.js HTTP/1.1" 200 -
[WebServer] ::ffff:127.0.0.1 - - [03/Sep/2026 16:14:09] "GET /docs/assets/js/geoportal-classification.js?v=0.10.49 HTTP/1.1" 200 -
[WebServer] ::ffff:127.0.0.1 - - [03/Sep/2026 16:14:09] "GET /docs/assets/js/geoportal-registry.js?v=0.10.49 HTTP/1.1" 200 -
[WebServer] ::ffff:127.0.0.1 - - [03/Sep/2026 16:14:10] "GET /docs/assets/js/geoportal-overlay-state.js?v=0.10.49 HTTP/1.1" 200 -
[WebServer] ::ffff:127.0.0.1 - - [03/Sep/2026 16:14:10] "GET /docs/assets/js/geoportal-ant-layer.js?v=0.10.49 HTTP/1.1" 200 -
[WebServer] ::ffff:127.0.0.1 - - [03/Sep/2026 16:14:10] "GET /docs/assets/js/geoportal-experience.js?v=0.10.49 HTTP/1.1" 200 -
[WebServer] ::ffff:127.0.0.1 - - [03/Sep/2026 16:14:10] "GET /docs/assets/js/geoportal-state.js?v=0.10.49 HTTP/1.1" 200 -
[WebServer] ::ffff:127.0.0.1 - - [03/Sep/2026 16:14:10] "GET /docs/assets/js/geoportal-territories.js?v=0.10.49 HTTP/1.1" 200 -
[WebServer] ::ffff:127.0.0.1 - - [03/Sep/2026 16:14:10] "GET /docs/assets/js/geoportal-panels.js?v=0.10.49 HTTP/1.1" 200 -
[WebServer] ::ffff:127.0.0.1 - - [03/Sep/2026 16:14:10] "GET /docs/assets/js/geoportal-institutional.js?v=0.10.49 HTTP/1.1" 200 -
[WebServer] ::ffff:127.0.0.1 - - [03/Sep/2026 16:14:10] "GET /docs/assets/js/geoportal-tour.js?v=0.10.49 HTTP/1.1" 200 -
[WebServer] ::ffff:127.0.0.1 - - [03/Sep/2026 16:14:10] "GET /docs/assets/js/geoportal-catalogo.js?v=0.10.49 HTTP/1.1" 200 -
[WebServer] ::ffff:127.0.0.1 - - [03/Sep/2026 16:14:10] "GET /docs/assets/js/geoportal-app.js?v=0.10.49 HTTP/1.1" 200 -
[WebServer] ::ffff:127.0.0.1 - - [03/Sep/2026 16:14:10] "GET /docs/assets/img/redsa-isotipo-oficial.png HTTP/1.1" 200 -
[WebServer] ::ffff:127.0.0.1 - - [03/Sep/2026 16:14:10] "GET /docs/assets/img/loader-ecuador-contorno.svg HTTP/1.1" 200 -
[WebServer] ::ffff:127.0.0.1 - - [03/Sep/2026 16:14:10] "GET /docs/assets/img/loader-vias-principales.svg HTTP/1.1" 200 -
[WebServer] ::ffff:127.0.0.1 - - [03/Sep/2026 16:14:10] "GET /docs/data/provincias_wgs84.geojson HTTP/1.1" 200 -
[WebServer] ::ffff:127.0.0.1 - - [03/Sep/2026 16:14:10] "GET /docs/data/cantones_indice.json HTTP/1.1" 200 -
[WebServer] ::ffff:127.0.0.1 - - [03/Sep/2026 16:14:11] "GET /docs/ HTTP/1.1" 200 -
[WebServer] ::ffff:127.0.0.1 - - [03/Sep/2026 16:14:11] "GET /docs/assets/css/driver.css HTTP/1.1" 200 -
[WebServer] ::ffff:127.0.0.1 - - [03/Sep/2026 16:14:11] "GET /docs/assets/css/geoportal-core.css?v=0.10.49 HTTP/1.1" 200 -
[WebServer] ::ffff:127.0.0.1 - - [03/Sep/2026 16:14:11] "GET /docs/assets/css/geoportal-experience.css?v=0.10.49 HTTP/1.1" 200 -
[WebServer] ::ffff:127.0.0.1 - - [03/Sep/2026 16:14:11] "GET /docs/assets/css/geoportal-mobile.css?v=0.10.49 HTTP/1.1" 200 -
[WebServer] ::ffff:127.0.0.1 - - [03/Sep/2026 16:14:11] "GET /docs/assets/js/vendor/leaflet-heat.js HTTP/1.1" 200 -
[WebServer] ::ffff:127.0.0.1 - - [03/Sep/2026 16:14:11] "GET /docs/assets/js/vendor/simple-statistics.min.js HTTP/1.1" 200 -
[WebServer] ::ffff:127.0.0.1 - - [03/Sep/2026 16:14:11] "GET /docs/assets/js/vendor/driver.min.js HTTP/1.1" 200 -
[WebServer] ::ffff:127.0.0.1 - - [03/Sep/2026 16:14:11] "GET /docs/assets/js/vendor/html2canvas.min.js HTTP/1.1" 200 -
[WebServer] ::ffff:127.0.0.1 - - [03/Sep/2026 16:14:11] "GET /docs/assets/js/vendor/jspdf.umd.min.js HTTP/1.1" 200 -
[WebServer] ::ffff:127.0.0.1 - - [03/Sep/2026 16:14:11] "GET /docs/assets/js/geoportal-classification.js?v=0.10.49 HTTP/1.1" 200 -
[WebServer] ::ffff:127.0.0.1 - - [03/Sep/2026 16:14:11] "GET /docs/assets/js/geoportal-registry.js?v=0.10.49 HTTP/1.1" 200 -
[WebServer] ::ffff:127.0.0.1 - - [03/Sep/2026 16:14:11] "GET /docs/assets/js/geoportal-overlay-state.js?v=0.10.49 HTTP/1.1" 200 -
[WebServer] ::ffff:127.0.0.1 - - [03/Sep/2026 16:14:11] "GET /docs/assets/js/geoportal-ant-layer.js?v=0.10.49 HTTP/1.1" 200 -
[WebServer] ::ffff:127.0.0.1 - - [03/Sep/2026 16:14:11] "GET /docs/assets/js/geoportal-experience.js?v=0.10.49 HTTP/1.1" 200 -
[WebServer] ::ffff:127.0.0.1 - - [03/Sep/2026 16:14:11] "GET /docs/assets/js/geoportal-state.js?v=0.10.49 HTTP/1.1" 200 -
[WebServer] ::ffff:127.0.0.1 - - [03/Sep/2026 16:14:11] "GET /docs/assets/js/geoportal-territories.js?v=0.10.49 HTTP/1.1" 200 -
[WebServer] ::ffff:127.0.0.1 - - [03/Sep/2026 16:14:11] "GET /docs/assets/js/geoportal-panels.js?v=0.10.49 HTTP/1.1" 200 -
[WebServer] ::ffff:127.0.0.1 - - [03/Sep/2026 16:14:11] "GET /docs/assets/js/geoportal-institutional.js?v=0.10.49 HTTP/1.1" 200 -
[WebServer] ::ffff:127.0.0.1 - - [03/Sep/2026 16:14:11] "GET /docs/assets/js/geoportal-tour.js?v=0.10.49 HTTP/1.1" 200 -
[WebServer] ::ffff:127.0.0.1 - - [03/Sep/2026 16:14:11] "GET /docs/assets/js/geoportal-catalogo.js?v=0.10.49 HTTP/1.1" 200 -
[WebServer] ::ffff:127.0.0.1 - - [03/Sep/2026 16:14:11] "GET /docs/assets/js/geoportal-app.js?v=0.10.49 HTTP/1.1" 200 -
[WebServer] ::ffff:127.0.0.1 - - [03/Sep/2026 16:14:11] "GET /docs/assets/img/redsa-isotipo-oficial.png HTTP/1.1" 200 -
[WebServer] ::ffff:127.0.0.1 - - [03/Sep/2026 16:14:11] "GET /docs/assets/img/loader-ecuador-contorno.svg HTTP/1.1" 200 -
[WebServer] ::ffff:127.0.0.1 - - [03/Sep/2026 16:14:12] "GET /docs/data/provincias_wgs84.geojson HTTP/1.1" 200 -
[WebServer] ::ffff:127.0.0.1 - - [03/Sep/2026 16:14:12] "GET /docs/data/cantones_indice.json HTTP/1.1" 200 -
[WebServer] ::ffff:127.0.0.1 - - [03/Sep/2026 16:14:12] "GET /docs/assets/img/loader-vias-principales.svg HTTP/1.1" 200 -
[WebServer] ::ffff:127.0.0.1 - - [03/Sep/2026 16:14:13] "GET /docs/data/parroquias_wgs84.geojson HTTP/1.1" 200 -
[WebServer] ::ffff:127.0.0.1 - - [03/Sep/2026 16:14:14] "GET /docs/data/hotspots_cantonales.json HTTP/1.1" 200 -
[WebServer] ::ffff:127.0.0.1 - - [03/Sep/2026 16:14:14] "GET /docs/data/cantones_wgs84.geojson HTTP/1.1" 200 -
[WebServer] ::ffff:127.0.0.1 - - [03/Sep/2026 16:14:16] "GET /docs/data/ciclovias_ecuador.geojson HTTP/1.1" 200 -
[WebServer] ::ffff:127.0.0.1 - - [03/Sep/2026 16:14:16] "GET /docs/ HTTP/1.1" 200 -
[WebServer] ::ffff:127.0.0.1 - - [03/Sep/2026 16:14:16] "GET /docs/assets/css/driver.css HTTP/1.1" 200 -
[WebServer] ::ffff:127.0.0.1 - - [03/Sep/2026 16:14:16] "GET /docs/assets/css/geoportal-experience.css?v=0.10.49 HTTP/1.1" 200 -
[WebServer] ::ffff:127.0.0.1 - - [03/Sep/2026 16:14:16] "GET /docs/assets/css/geoportal-core.css?v=0.10.49 HTTP/1.1" 200 -
[WebServer] ::ffff:127.0.0.1 - - [03/Sep/2026 16:14:16] "GET /docs/assets/css/geoportal-mobile.css?v=0.10.49 HTTP/1.1" 200 -
[WebServer] ::ffff:127.0.0.1 - - [03/Sep/2026 16:14:16] "GET /docs/assets/js/vendor/leaflet-heat.js HTTP/1.1" 200 -
[WebServer] ::ffff:127.0.0.1 - - [03/Sep/2026 16:14:16] "GET /docs/assets/js/vendor/simple-statistics.min.js HTTP/1.1" 200 -
[WebServer] ::ffff:127.0.0.1 - - [03/Sep/2026 16:14:16] "GET /docs/assets/js/vendor/driver.min.js HTTP/1.1" 200 -
[WebServer] ::ffff:127.0.0.1 - - [03/Sep/2026 16:14:16] "GET /docs/assets/js/vendor/html2canvas.min.js HTTP/1.1" 200 -
[WebServer] ::ffff:127.0.0.1 - - [03/Sep/2026 16:14:16] "GET /docs/assets/js/vendor/jspdf.umd.min.js HTTP/1.1" 200 -
[WebServer] ::ffff:127.0.0.1 - - [03/Sep/2026 16:14:16] "GET /docs/assets/js/geoportal-classification.js?v=0.10.49 HTTP/1.1" 200 -
[WebServer] ::ffff:127.0.0.1 - - [03/Sep/2026 16:14:16] "GET /docs/assets/js/geoportal-registry.js?v=0.10.49 HTTP/1.1" 200 -
[WebServer] ::ffff:127.0.0.1 - - [03/Sep/2026 16:14:16] "GET /docs/assets/js/geoportal-overlay-state.js?v=0.10.49 HTTP/1.1" 200 -
[WebServer] ::ffff:127.0.0.1 - - [03/Sep/2026 16:14:16] "GET /docs/assets/js/geoportal-ant-layer.js?v=0.10.49 HTTP/1.1" 200 -
[WebServer] ::ffff:127.0.0.1 - - [03/Sep/2026 16:14:16] "GET /docs/assets/js/geoportal-experience.js?v=0.10.49 HTTP/1.1" 200 -
[WebServer] ::ffff:127.0.0.1 - - [03/Sep/2026 16:14:16] "GET /docs/assets/js/geoportal-state.js?v=0.10.49 HTTP/1.1" 200 -
[WebServer] ::ffff:127.0.0.1 - - [03/Sep/2026 16:14:16] "GET /docs/assets/js/geoportal-territories.js?v=0.10.49 HTTP/1.1" 200 -
[WebServer] ::ffff:127.0.0.1 - - [03/Sep/2026 16:14:16] "GET /docs/assets/js/geoportal-panels.js?v=0.10.49 HTTP/1.1" 200 -
[WebServer] ::ffff:127.0.0.1 - - [03/Sep/2026 16:14:16] "GET /docs/assets/js/geoportal-institutional.js?v=0.10.49 HTTP/1.1" 200 -
[WebServer] ::ffff:127.0.0.1 - - [03/Sep/2026 16:14:16] "GET /docs/assets/js/geoportal-tour.js?v=0.10.49 HTTP/1.1" 200 -
[WebServer] ::ffff:127.0.0.1 - - [03/Sep/2026 16:14:16] "GET /docs/assets/js/geoportal-catalogo.js?v=0.10.49 HTTP/1.1" 200 -
[WebServer] ::ffff:127.0.0.1 - - [03/Sep/2026 16:14:16] "GET /docs/assets/img/redsa-isotipo-oficial.png HTTP/1.1" 200 -
[WebServer] ::ffff:127.0.0.1 - - [03/Sep/2026 16:14:16] "GET /docs/assets/img/loader-ecuador-contorno.svg HTTP/1.1" 200 -
[WebServer] ::ffff:127.0.0.1 - - [03/Sep/2026 16:14:16] "GET /docs/assets/img/loader-vias-principales.svg HTTP/1.1" 200 -
[WebServer] ::ffff:127.0.0.1 - - [03/Sep/2026 16:14:16] "GET /docs/assets/js/geoportal-app.js?v=0.10.49 HTTP/1.1" 200 -
[WebServer] ::ffff:127.0.0.1 - - [03/Sep/2026 16:14:17] "GET /docs/data/provincias_wgs84.geojson HTTP/1.1" 200 -
[WebServer] ::ffff:127.0.0.1 - - [03/Sep/2026 16:14:17] "GET /docs/data/cantones_indice.json HTTP/1.1" 200 -
[WebServer] ::ffff:127.0.0.1 - - [03/Sep/2026 16:14:18] "GET /docs/ HTTP/1.1" 200 -
[WebServer] ::ffff:127.0.0.1 - - [03/Sep/2026 16:14:18] "GET /docs/assets/css/driver.css HTTP/1.1" 200 -
[WebServer] ::ffff:127.0.0.1 - - [03/Sep/2026 16:14:18] "GET /docs/assets/css/geoportal-core.css?v=0.10.49 HTTP/1.1" 200 -
[WebServer] ::ffff:127.0.0.1 - - [03/Sep/2026 16:14:18] "GET /docs/assets/css/geoportal-experience.css?v=0.10.49 HTTP/1.1" 200 -
[WebServer] ::ffff:127.0.0.1 - - [03/Sep/2026 16:14:18] "GET /docs/assets/css/geoportal-mobile.css?v=0.10.49 HTTP/1.1" 200 -
[WebServer] ::ffff:127.0.0.1 - - [03/Sep/2026 16:14:18] "GET /docs/assets/js/vendor/leaflet-heat.js HTTP/1.1" 200 -
[WebServer] ::ffff:127.0.0.1 - - [03/Sep/2026 16:14:18] "GET /docs/assets/js/vendor/simple-statistics.min.js HTTP/1.1" 200 -
[WebServer] ::ffff:127.0.0.1 - - [03/Sep/2026 16:14:18] "GET /docs/assets/js/vendor/driver.min.js HTTP/1.1" 200 -
[WebServer] ::ffff:127.0.0.1 - - [03/Sep/2026 16:14:18] "GET /docs/assets/js/vendor/html2canvas.min.js HTTP/1.1" 200 -
[WebServer] ::ffff:127.0.0.1 - - [03/Sep/2026 16:14:18] "GET /docs/assets/js/vendor/jspdf.umd.min.js HTTP/1.1" 200 -
[WebServer] ::ffff:127.0.0.1 - - [03/Sep/2026 16:14:18] "GET /docs/assets/js/geoportal-classification.js?v=0.10.49 HTTP/1.1" 200 -
[WebServer] ::ffff:127.0.0.1 - - [03/Sep/2026 16:14:18] "GET /docs/assets/js/geoportal-registry.js?v=0.10.49 HTTP/1.1" 200 -
[WebServer] ::ffff:127.0.0.1 - - [03/Sep/2026 16:14:18] "GET /docs/assets/js/geoportal-overlay-state.js?v=0.10.49 HTTP/1.1" 200 -
[WebServer] ::ffff:127.0.0.1 - - [03/Sep/2026 16:14:18] "GET /docs/assets/js/geoportal-ant-layer.js?v=0.10.49 HTTP/1.1" 200 -
[WebServer] ::ffff:127.0.0.1 - - [03/Sep/2026 16:14:18] "GET /docs/assets/js/geoportal-experience.js?v=0.10.49 HTTP/1.1" 200 -
[WebServer] ::ffff:127.0.0.1 - - [03/Sep/2026 16:14:18] "GET /docs/assets/js/geoportal-state.js?v=0.10.49 HTTP/1.1" 200 -
[WebServer] ::ffff:127.0.0.1 - - [03/Sep/2026 16:14:18] "GET /docs/assets/js/geoportal-territories.js?v=0.10.49 HTTP/1.1" 200 -
[WebServer] ::ffff:127.0.0.1 - - [03/Sep/2026 16:14:18] "GET /docs/assets/js/geoportal-panels.js?v=0.10.49 HTTP/1.1" 200 -
[WebServer] ::ffff:127.0.0.1 - - [03/Sep/2026 16:14:18] "GET /docs/assets/js/geoportal-institutional.js?v=0.10.49 HTTP/1.1" 200 -
[WebServer] ::ffff:127.0.0.1 - - [03/Sep/2026 16:14:18] "GET /docs/assets/js/geoportal-tour.js?v=0.10.49 HTTP/1.1" 200 -
[WebServer] ::ffff:127.0.0.1 - - [03/Sep/2026 16:14:18] "GET /docs/assets/js/geoportal-catalogo.js?v=0.10.49 HTTP/1.1" 200 -
[WebServer] ::ffff:127.0.0.1 - - [03/Sep/2026 16:14:18] "GET /docs/assets/js/geoportal-app.js?v=0.10.49 HTTP/1.1" 200 -
[WebServer] ::ffff:127.0.0.1 - - [03/Sep/2026 16:14:18] "GET /docs/assets/img/redsa-isotipo-oficial.png HTTP/1.1" 200 -
[WebServer] ::ffff:127.0.0.1 - - [03/Sep/2026 16:14:18] "GET /docs/assets/img/loader-ecuador-contorno.svg HTTP/1.1" 200 -
[WebServer] ::ffff:127.0.0.1 - - [03/Sep/2026 16:14:18] "GET /docs/assets/img/loader-vias-principales.svg HTTP/1.1" 200 -
[WebServer] ::ffff:127.0.0.1 - - [03/Sep/2026 16:14:19] "GET /docs/data/provincias_wgs84.geojson HTTP/1.1" 200 -
[WebServer] ::ffff:127.0.0.1 - - [03/Sep/2026 16:14:19] "GET /docs/data/cantones_indice.json HTTP/1.1" 200 -
[WebServer] ::ffff:127.0.0.1 - - [03/Sep/2026 16:14:19] "GET /docs/ HTTP/1.1" 200 -
[WebServer] ::ffff:127.0.0.1 - - [03/Sep/2026 16:14:19] "GET /docs/assets/css/driver.css HTTP/1.1" 200 -
[WebServer] ::ffff:127.0.0.1 - - [03/Sep/2026 16:14:19] "GET /docs/assets/css/geoportal-core.css?v=0.10.49 HTTP/1.1" 200 -
[WebServer] ::ffff:127.0.0.1 - - [03/Sep/2026 16:14:19] "GET /docs/assets/css/geoportal-experience.css?v=0.10.49 HTTP/1.1" 200 -
[WebServer] ::ffff:127.0.0.1 - - [03/Sep/2026 16:14:19] "GET /docs/assets/css/geoportal-mobile.css?v=0.10.49 HTTP/1.1" 200 -
[WebServer] ::ffff:127.0.0.1 - - [03/Sep/2026 16:14:19] "GET /docs/assets/js/vendor/leaflet-heat.js HTTP/1.1" 200 -
[WebServer] ::ffff:127.0.0.1 - - [03/Sep/2026 16:14:19] "GET /docs/assets/js/vendor/simple-statistics.min.js HTTP/1.1" 200 -
[WebServer] ::ffff:127.0.0.1 - - [03/Sep/2026 16:14:19] "GET /docs/assets/js/vendor/driver.min.js HTTP/1.1" 200 -
[WebServer] ::ffff:127.0.0.1 - - [03/Sep/2026 16:14:19] "GET /docs/assets/js/vendor/html2canvas.min.js HTTP/1.1" 200 -
[WebServer] ::ffff:127.0.0.1 - - [03/Sep/2026 16:14:19] "GET /docs/assets/js/vendor/jspdf.umd.min.js HTTP/1.1" 200 -
[WebServer] ::ffff:127.0.0.1 - - [03/Sep/2026 16:14:19] "GET /docs/assets/js/geoportal-classification.js?v=0.10.49 HTTP/1.1" 200 -
[WebServer] ::ffff:127.0.0.1 - - [03/Sep/2026 16:14:19] "GET /docs/assets/js/geoportal-registry.js?v=0.10.49 HTTP/1.1" 200 -
[WebServer] ::ffff:127.0.0.1 - - [03/Sep/2026 16:14:19] "GET /docs/assets/js/geoportal-overlay-state.js?v=0.10.49 HTTP/1.1" 200 -
[WebServer] ::ffff:127.0.0.1 - - [03/Sep/2026 16:14:19] "GET /docs/assets/js/geoportal-ant-layer.js?v=0.10.49 HTTP/1.1" 200 -
[WebServer] ::ffff:127.0.0.1 - - [03/Sep/2026 16:14:19] "GET /docs/assets/js/geoportal-experience.js?v=0.10.49 HTTP/1.1" 200 -
[WebServer] ::ffff:127.0.0.1 - - [03/Sep/2026 16:14:19] "GET /docs/assets/js/geoportal-state.js?v=0.10.49 HTTP/1.1" 200 -
[WebServer] ::ffff:127.0.0.1 - - [03/Sep/2026 16:14:19] "GET /docs/assets/js/geoportal-territories.js?v=0.10.49 HTTP/1.1" 200 -
[WebServer] ::ffff:127.0.0.1 - - [03/Sep/2026 16:14:19] "GET /docs/assets/js/geoportal-panels.js?v=0.10.49 HTTP/1.1" 200 -
[WebServer] ::ffff:127.0.0.1 - - [03/Sep/2026 16:14:19] "GET /docs/assets/js/geoportal-institutional.js?v=0.10.49 HTTP/1.1" 200 -
[WebServer] ::ffff:127.0.0.1 - - [03/Sep/2026 16:14:19] "GET /docs/assets/js/geoportal-tour.js?v=0.10.49 HTTP/1.1" 200 -
[WebServer] ::ffff:127.0.0.1 - - [03/Sep/2026 16:14:19] "GET /docs/assets/js/geoportal-catalogo.js?v=0.10.49 HTTP/1.1" 200 -
[WebServer] ::ffff:127.0.0.1 - - [03/Sep/2026 16:14:19] "GET /docs/assets/js/geoportal-app.js?v=0.10.49 HTTP/1.1" 200 -
[WebServer] ::ffff:127.0.0.1 - - [03/Sep/2026 16:14:20] "GET /docs/assets/img/redsa-isotipo-oficial.png HTTP/1.1" 200 -
[WebServer] ::ffff:127.0.0.1 - - [03/Sep/2026 16:14:20] "GET /docs/assets/img/loader-ecuador-contorno.svg HTTP/1.1" 200 -
[WebServer] ::ffff:127.0.0.1 - - [03/Sep/2026 16:14:20] "GET /docs/assets/img/loader-vias-principales.svg HTTP/1.1" 200 -
[WebServer] ::ffff:127.0.0.1 - - [03/Sep/2026 16:14:20] "GET /docs/data/provincias_wgs84.geojson HTTP/1.1" 200 -
[WebServer] ::ffff:127.0.0.1 - - [03/Sep/2026 16:14:20] "GET /docs/data/cantones_indice.json HTTP/1.1" 200 -
[WebServer] ::ffff:127.0.0.1 - - [03/Sep/2026 16:14:22] "GET /docs/data/ciclovias_ecuador.geojson HTTP/1.1" 200 -
[WebServer] ::ffff:127.0.0.1 - - [03/Sep/2026 16:14:22] "GET /docs/data/cantones_wgs84.geojson HTTP/1.1" 200 -
[WebServer] ::ffff:127.0.0.1 - - [03/Sep/2026 16:14:22] "GET /docs/data/hotspots_cantonales.json HTTP/1.1" 200 -
[WebServer] ::ffff:127.0.0.1 - - [03/Sep/2026 16:14:23] "GET /docs/ HTTP/1.1" 200 -
[WebServer] ::ffff:127.0.0.1 - - [03/Sep/2026 16:14:23] "GET /docs/assets/css/driver.css HTTP/1.1" 200 -
[WebServer] ::ffff:127.0.0.1 - - [03/Sep/2026 16:14:23] "GET /docs/assets/css/geoportal-core.css?v=0.10.49 HTTP/1.1" 200 -
[WebServer] ::ffff:127.0.0.1 - - [03/Sep/2026 16:14:23] "GET /docs/assets/css/geoportal-experience.css?v=0.10.49 HTTP/1.1" 200 -
[WebServer] ::ffff:127.0.0.1 - - [03/Sep/2026 16:14:23] "GET /docs/assets/css/geoportal-mobile.css?v=0.10.49 HTTP/1.1" 200 -
[WebServer] ::ffff:127.0.0.1 - - [03/Sep/2026 16:14:23] "GET /docs/assets/js/vendor/leaflet-heat.js HTTP/1.1" 200 -
[WebServer] ::ffff:127.0.0.1 - - [03/Sep/2026 16:14:23] "GET /docs/assets/js/vendor/simple-statistics.min.js HTTP/1.1" 200 -
[WebServer] ::ffff:127.0.0.1 - - [03/Sep/2026 16:14:23] "GET /docs/assets/js/vendor/driver.min.js HTTP/1.1" 200 -
[WebServer] ::ffff:127.0.0.1 - - [03/Sep/2026 16:14:23] "GET /docs/assets/js/vendor/html2canvas.min.js HTTP/1.1" 200 -
[WebServer] ::ffff:127.0.0.1 - - [03/Sep/2026 16:14:23] "GET /docs/assets/js/vendor/jspdf.umd.min.js HTTP/1.1" 200 -
[WebServer] ::ffff:127.0.0.1 - - [03/Sep/2026 16:14:24] "GET /docs/assets/js/geoportal-classification.js?v=0.10.49 HTTP/1.1" 200 -
[WebServer] ::ffff:127.0.0.1 - - [03/Sep/2026 16:14:24] "GET /docs/assets/js/geoportal-registry.js?v=0.10.49 HTTP/1.1" 200 -
[WebServer] ::ffff:127.0.0.1 - - [03/Sep/2026 16:14:24] "GET /docs/assets/js/geoportal-overlay-state.js?v=0.10.49 HTTP/1.1" 200 -
[WebServer] ::ffff:127.0.0.1 - - [03/Sep/2026 16:14:24] "GET /docs/assets/js/geoportal-ant-layer.js?v=0.10.49 HTTP/1.1" 200 -
[WebServer] ::ffff:127.0.0.1 - - [03/Sep/2026 16:14:24] "GET /docs/assets/js/geoportal-experience.js?v=0.10.49 HTTP/1.1" 200 -
[WebServer] ::ffff:127.0.0.1 - - [03/Sep/2026 16:14:24] "GET /docs/assets/js/geoportal-state.js?v=0.10.49 HTTP/1.1" 200 -
[WebServer] ::ffff:127.0.0.1 - - [03/Sep/2026 16:14:24] "GET /docs/assets/js/geoportal-territories.js?v=0.10.49 HTTP/1.1" 200 -
[WebServer] ::ffff:127.0.0.1 - - [03/Sep/2026 16:14:24] "GET /docs/assets/js/geoportal-panels.js?v=0.10.49 HTTP/1.1" 200 -
[WebServer] ::ffff:127.0.0.1 - - [03/Sep/2026 16:14:24] "GET /docs/assets/js/geoportal-institutional.js?v=0.10.49 HTTP/1.1" 200 -
[WebServer] ::ffff:127.0.0.1 - - [03/Sep/2026 16:14:24] "GET /docs/assets/js/geoportal-tour.js?v=0.10.49 HTTP/1.1" 200 -
[WebServer] ::ffff:127.0.0.1 - - [03/Sep/2026 16:14:24] "GET /docs/assets/js/geoportal-catalogo.js?v=0.10.49 HTTP/1.1" 200 -
[WebServer] ::ffff:127.0.0.1 - - [03/Sep/2026 16:14:24] "GET /docs/assets/js/geoportal-app.js?v=0.10.49 HTTP/1.1" 200 -
[WebServer] ::ffff:127.0.0.1 - - [03/Sep/2026 16:14:24] "GET /docs/assets/img/redsa-isotipo-oficial.png HTTP/1.1" 200 -
[WebServer] ::ffff:127.0.0.1 - - [03/Sep/2026 16:14:24] "GET /docs/assets/img/loader-ecuador-contorno.svg HTTP/1.1" 200 -
[WebServer] ::ffff:127.0.0.1 - - [03/Sep/2026 16:14:24] "GET /docs/assets/img/loader-vias-principales.svg HTTP/1.1" 200 -
[WebServer] ::ffff:127.0.0.1 - - [03/Sep/2026 16:14:24] "GET /docs/data/aceras_ecuador.geojson HTTP/1.1" 200 -
[WebServer] ::ffff:127.0.0.1 - - [03/Sep/2026 16:14:24] "GET /docs/data/provincias_wgs84.geojson HTTP/1.1" 200 -
[WebServer] ::ffff:127.0.0.1 - - [03/Sep/2026 16:14:24] "GET /docs/data/cantones_indice.json HTTP/1.1" 200 -
[WebServer] ::ffff:127.0.0.1 - - [03/Sep/2026 16:14:26] "GET /docs/data/cantones_wgs84.geojson HTTP/1.1" 200 -
[WebServer] ::ffff:127.0.0.1 - - [03/Sep/2026 16:14:26] "GET /docs/data/hotspots_cantonales.json HTTP/1.1" 200 -
[WebServer] ::ffff:127.0.0.1 - - [03/Sep/2026 16:14:29] "GET /docs/ HTTP/1.1" 200 -
[WebServer] ::ffff:127.0.0.1 - - [03/Sep/2026 16:14:29] "GET /docs/assets/css/driver.css HTTP/1.1" 200 -
[WebServer] ::ffff:127.0.0.1 - - [03/Sep/2026 16:14:29] "GET /docs/assets/css/geoportal-core.css?v=0.10.49 HTTP/1.1" 200 -
[WebServer] ::ffff:127.0.0.1 - - [03/Sep/2026 16:14:29] "GET /docs/assets/css/geoportal-experience.css?v=0.10.49 HTTP/1.1" 200 -
[WebServer] ::ffff:127.0.0.1 - - [03/Sep/2026 16:14:29] "GET /docs/assets/css/geoportal-mobile.css?v=0.10.49 HTTP/1.1" 200 -
[WebServer] ::ffff:127.0.0.1 - - [03/Sep/2026 16:14:29] "GET /docs/assets/js/vendor/leaflet-heat.js HTTP/1.1" 200 -
[WebServer] ::ffff:127.0.0.1 - - [03/Sep/2026 16:14:30] "GET /docs/assets/js/vendor/simple-statistics.min.js HTTP/1.1" 200 -
[WebServer] ::ffff:127.0.0.1 - - [03/Sep/2026 16:14:30] "GET /docs/assets/js/vendor/driver.min.js HTTP/1.1" 200 -
[WebServer] ::ffff:127.0.0.1 - - [03/Sep/2026 16:14:30] "GET /docs/assets/js/vendor/html2canvas.min.js HTTP/1.1" 200 -
[WebServer] ::ffff:127.0.0.1 - - [03/Sep/2026 16:14:30] "GET /docs/ HTTP/1.1" 200 -
[WebServer] ::ffff:127.0.0.1 - - [03/Sep/2026 16:14:30] "GET /docs/assets/js/vendor/jspdf.umd.min.js HTTP/1.1" 200 -
[WebServer] ::ffff:127.0.0.1 - - [03/Sep/2026 16:14:30] "GET /docs/assets/css/driver.css HTTP/1.1" 200 -
[WebServer] ::ffff:127.0.0.1 - - [03/Sep/2026 16:14:30] "GET /docs/assets/css/geoportal-core.css?v=0.10.49 HTTP/1.1" 200 -
[WebServer] ::ffff:127.0.0.1 - - [03/Sep/2026 16:14:30] "GET /docs/assets/css/geoportal-experience.css?v=0.10.49 HTTP/1.1" 200 -
[WebServer] ::ffff:127.0.0.1 - - [03/Sep/2026 16:14:30] "GET /docs/assets/css/geoportal-mobile.css?v=0.10.49 HTTP/1.1" 200 -
[WebServer] ::ffff:127.0.0.1 - - [03/Sep/2026 16:14:30] "GET /docs/assets/js/vendor/leaflet-heat.js HTTP/1.1" 200 -
[WebServer] ::ffff:127.0.0.1 - - [03/Sep/2026 16:14:30] "GET /docs/assets/js/geoportal-classification.js?v=0.10.49 HTTP/1.1" 200 -
[WebServer] ::ffff:127.0.0.1 - - [03/Sep/2026 16:14:30] "GET /docs/assets/js/vendor/simple-statistics.min.js HTTP/1.1" 200 -
[WebServer] ::ffff:127.0.0.1 - - [03/Sep/2026 16:14:30] "GET /docs/assets/js/geoportal-registry.js?v=0.10.49 HTTP/1.1" 200 -
[WebServer] ::ffff:127.0.0.1 - - [03/Sep/2026 16:14:30] "GET /docs/assets/js/vendor/driver.min.js HTTP/1.1" 200 -
[WebServer] ::ffff:127.0.0.1 - - [03/Sep/2026 16:14:30] "GET /docs/assets/js/geoportal-overlay-state.js?v=0.10.49 HTTP/1.1" 200 -
[WebServer] ::ffff:127.0.0.1 - - [03/Sep/2026 16:14:30] "GET /docs/assets/js/vendor/html2canvas.min.js HTTP/1.1" 200 -
[WebServer] ::ffff:127.0.0.1 - - [03/Sep/2026 16:14:30] "GET /docs/assets/img/redsa-isotipo-oficial.png HTTP/1.1" 200 -
[WebServer] ::ffff:127.0.0.1 - - [03/Sep/2026 16:14:30] "GET /docs/assets/js/vendor/jspdf.umd.min.js HTTP/1.1" 200 -
[WebServer] ::ffff:127.0.0.1 - - [03/Sep/2026 16:14:31] "GET /docs/assets/js/geoportal-ant-layer.js?v=0.10.49 HTTP/1.1" 200 -
[WebServer] ::ffff:127.0.0.1 - - [03/Sep/2026 16:14:31] "GET /docs/assets/js/geoportal-classification.js?v=0.10.49 HTTP/1.1" 200 -
[WebServer] ::ffff:127.0.0.1 - - [03/Sep/2026 16:14:31] "GET /docs/assets/js/geoportal-registry.js?v=0.10.49 HTTP/1.1" 200 -
[WebServer] ::ffff:127.0.0.1 - - [03/Sep/2026 16:14:31] "GET /docs/assets/js/geoportal-overlay-state.js?v=0.10.49 HTTP/1.1" 200 -
[WebServer] ::ffff:127.0.0.1 - - [03/Sep/2026 16:14:31] "GET /docs/assets/js/geoportal-ant-layer.js?v=0.10.49 HTTP/1.1" 200 -
[WebServer] ::ffff:127.0.0.1 - - [03/Sep/2026 16:14:31] "GET /docs/assets/js/geoportal-experience.js?v=0.10.49 HTTP/1.1" 200 -
[WebServer] ::ffff:127.0.0.1 - - [03/Sep/2026 16:14:31] "GET /docs/assets/js/geoportal-state.js?v=0.10.49 HTTP/1.1" 200 -
[WebServer] ::ffff:127.0.0.1 - - [03/Sep/2026 16:14:32] "GET /docs/assets/img/redsa-isotipo-oficial.png HTTP/1.1" 200 -
[WebServer] ::ffff:127.0.0.1 - - [03/Sep/2026 16:14:32] "GET /docs/assets/js/geoportal-experience.js?v=0.10.49 HTTP/1.1" 200 -
[WebServer] ::ffff:127.0.0.1 - - [03/Sep/2026 16:14:32] "GET /docs/assets/js/geoportal-state.js?v=0.10.49 HTTP/1.1" 200 -
[WebServer] ::ffff:127.0.0.1 - - [03/Sep/2026 16:14:32] "GET /docs/assets/js/geoportal-territories.js?v=0.10.49 HTTP/1.1" 200 -
[WebServer] ::ffff:127.0.0.1 - - [03/Sep/2026 16:14:32] "GET /docs/assets/js/geoportal-territories.js?v=0.10.49 HTTP/1.1" 200 -
[WebServer] ::ffff:127.0.0.1 - - [03/Sep/2026 16:14:32] "GET /docs/assets/js/geoportal-panels.js?v=0.10.49 HTTP/1.1" 200 -
[WebServer] ::ffff:127.0.0.1 - - [03/Sep/2026 16:14:32] "GET /docs/assets/js/geoportal-institutional.js?v=0.10.49 HTTP/1.1" 200 -
[WebServer] ::ffff:127.0.0.1 - - [03/Sep/2026 16:14:32] "GET /docs/assets/js/geoportal-panels.js?v=0.10.49 HTTP/1.1" 200 -
[WebServer] ::ffff:127.0.0.1 - - [03/Sep/2026 16:14:32] "GET /docs/assets/js/geoportal-institutional.js?v=0.10.49 HTTP/1.1" 200 -
[WebServer] ::ffff:127.0.0.1 - - [03/Sep/2026 16:14:33] "GET /docs/assets/js/geoportal-tour.js?v=0.10.49 HTTP/1.1" 200 -
[WebServer] ::ffff:127.0.0.1 - - [03/Sep/2026 16:14:33] "GET /docs/assets/js/geoportal-app.js?v=0.10.49 HTTP/1.1" 200 -
[WebServer] ::ffff:127.0.0.1 - - [03/Sep/2026 16:14:33] "GET /docs/assets/js/geoportal-catalogo.js?v=0.10.49 HTTP/1.1" 200 -
[WebServer] ::ffff:127.0.0.1 - - [03/Sep/2026 16:14:33] "GET /docs/assets/js/geoportal-app.js?v=0.10.49 HTTP/1.1" 200 -
[WebServer] ::ffff:127.0.0.1 - - [03/Sep/2026 16:14:33] "GET /docs/assets/img/loader-ecuador-contorno.svg HTTP/1.1" 200 -
[WebServer] ::ffff:127.0.0.1 - - [03/Sep/2026 16:14:33] "GET /docs/assets/img/loader-ecuador-contorno.svg HTTP/1.1" 200 -
[WebServer] ::ffff:127.0.0.1 - - [03/Sep/2026 16:14:33] "GET /docs/assets/img/loader-vias-principales.svg HTTP/1.1" 200 -
[WebServer] ::ffff:127.0.0.1 - - [03/Sep/2026 16:14:33] "GET /docs/data/provincias_wgs84.geojson HTTP/1.1" 200 -
[WebServer] ::ffff:127.0.0.1 - - [03/Sep/2026 16:14:33] "GET /docs/data/provincias_wgs84.geojson HTTP/1.1" 200 -
[WebServer] ::ffff:127.0.0.1 - - [03/Sep/2026 16:14:34] "GET /docs/data/cantones_indice.json HTTP/1.1" 200 -
[WebServer] ::ffff:127.0.0.1 - - [03/Sep/2026 16:14:34] "GET /docs/data/cantones_indice.json HTTP/1.1" 200 -
[WebServer] ::ffff:127.0.0.1 - - [03/Sep/2026 16:14:34] "GET /docs/assets/img/loader-vias-principales.svg HTTP/1.1" 200 -
[WebServer] ::ffff:127.0.0.1 - - [03/Sep/2026 16:14:35] "GET /docs/data/cantones_wgs84.geojson HTTP/1.1" 200 -
[WebServer] ::ffff:127.0.0.1 - - [03/Sep/2026 16:14:35] "GET /docs/data/hotspots_cantonales.json HTTP/1.1" 200 -
[WebServer] ::ffff:127.0.0.1 - - [03/Sep/2026 16:14:36] "GET /docs/data/hotspots_cantonales.json HTTP/1.1" 200 -
[WebServer] ::ffff:127.0.0.1 - - [03/Sep/2026 16:14:36] "GET /docs/data/cantones_wgs84.geojson HTTP/1.1" 200 -
[WebServer] ::ffff:127.0.0.1 - - [03/Sep/2026 16:14:38] "GET /docs/ HTTP/1.1" 200 -
[WebServer] ::ffff:127.0.0.1 - - [03/Sep/2026 16:14:38] "GET /docs/assets/css/driver.css HTTP/1.1" 200 -
[WebServer] ::ffff:127.0.0.1 - - [03/Sep/2026 16:14:38] "GET /docs/assets/css/geoportal-core.css?v=0.10.49 HTTP/1.1" 200 -
[WebServer] ::ffff:127.0.0.1 - - [03/Sep/2026 16:14:38] "GET /docs/assets/css/geoportal-experience.css?v=0.10.49 HTTP/1.1" 200 -
[WebServer] ::ffff:127.0.0.1 - - [03/Sep/2026 16:14:38] "GET /docs/assets/css/geoportal-mobile.css?v=0.10.49 HTTP/1.1" 200 -
[WebServer] ::ffff:127.0.0.1 - - [03/Sep/2026 16:14:38] "GET /docs/assets/js/vendor/leaflet-heat.js HTTP/1.1" 200 -
[WebServer] ::ffff:127.0.0.1 - - [03/Sep/2026 16:14:38] "GET /docs/assets/js/vendor/simple-statistics.min.js HTTP/1.1" 200 -
[WebServer] ::ffff:127.0.0.1 - - [03/Sep/2026 16:14:38] "GET /docs/assets/js/vendor/driver.min.js HTTP/1.1" 200 -
[WebServer] ::ffff:127.0.0.1 - - [03/Sep/2026 16:14:38] "GET /docs/assets/js/vendor/html2canvas.min.js HTTP/1.1" 200 -
[WebServer] ::ffff:127.0.0.1 - - [03/Sep/2026 16:14:38] "GET /docs/assets/js/vendor/jspdf.umd.min.js HTTP/1.1" 200 -
[WebServer] ::ffff:127.0.0.1 - - [03/Sep/2026 16:14:39] "GET /docs/assets/js/geoportal-classification.js?v=0.10.49 HTTP/1.1" 200 -
[WebServer] ::ffff:127.0.0.1 - - [03/Sep/2026 16:14:39] "GET /docs/assets/js/geoportal-registry.js?v=0.10.49 HTTP/1.1" 200 -
[WebServer] ::ffff:127.0.0.1 - - [03/Sep/2026 16:14:39] "GET /docs/assets/js/geoportal-overlay-state.js?v=0.10.49 HTTP/1.1" 200 -
[WebServer] ::ffff:127.0.0.1 - - [03/Sep/2026 16:14:39] "GET /docs/assets/js/geoportal-ant-layer.js?v=0.10.49 HTTP/1.1" 200 -
[WebServer] ::ffff:127.0.0.1 - - [03/Sep/2026 16:14:39] "GET /docs/assets/js/geoportal-experience.js?v=0.10.49 HTTP/1.1" 200 -
[WebServer] ::ffff:127.0.0.1 - - [03/Sep/2026 16:14:39] "GET /docs/assets/js/geoportal-state.js?v=0.10.49 HTTP/1.1" 200 -
[WebServer] ::ffff:127.0.0.1 - - [03/Sep/2026 16:14:39] "GET /docs/assets/js/geoportal-territories.js?v=0.10.49 HTTP/1.1" 200 -
[WebServer] ::ffff:127.0.0.1 - - [03/Sep/2026 16:14:39] "GET /docs/assets/js/geoportal-panels.js?v=0.10.49 HTTP/1.1" 200 -
[WebServer] ::ffff:127.0.0.1 - - [03/Sep/2026 16:14:39] "GET /docs/assets/js/geoportal-institutional.js?v=0.10.49 HTTP/1.1" 200 -
[WebServer] ::ffff:127.0.0.1 - - [03/Sep/2026 16:14:39] "GET /docs/assets/js/geoportal-tour.js?v=0.10.49 HTTP/1.1" 200 -
[WebServer] ::ffff:127.0.0.1 - - [03/Sep/2026 16:14:39] "GET /docs/assets/js/geoportal-catalogo.js?v=0.10.49 HTTP/1.1" 200 -
[WebServer] ::ffff:127.0.0.1 - - [03/Sep/2026 16:14:39] "GET /docs/assets/js/geoportal-app.js?v=0.10.49 HTTP/1.1" 200 -
[WebServer] ::ffff:127.0.0.1 - - [03/Sep/2026 16:14:39] "GET /docs/assets/img/redsa-isotipo-oficial.png HTTP/1.1" 200 -
[WebServer] ::ffff:127.0.0.1 - - [03/Sep/2026 16:14:39] "GET /docs/assets/img/loader-vias-principales.svg HTTP/1.1" 200 -
[WebServer] ::ffff:127.0.0.1 - - [03/Sep/2026 16:14:39] "GET /docs/assets/img/loader-ecuador-contorno.svg HTTP/1.1" 200 -
[WebServer] ::ffff:127.0.0.1 - - [03/Sep/2026 16:14:39] "GET /docs/data/provincias_wgs84.geojson HTTP/1.1" 200 -
[WebServer] ::ffff:127.0.0.1 - - [03/Sep/2026 16:14:39] "GET /docs/data/cantones_indice.json HTTP/1.1" 200 -
[WebServer] ::ffff:127.0.0.1 - - [03/Sep/2026 16:14:40] "GET /docs/ HTTP/1.1" 200 -
[WebServer] ::ffff:127.0.0.1 - - [03/Sep/2026 16:14:40] "GET /docs/assets/css/driver.css HTTP/1.1" 200 -
[WebServer] ::ffff:127.0.0.1 - - [03/Sep/2026 16:14:40] "GET /docs/assets/css/geoportal-core.css?v=0.10.49 HTTP/1.1" 200 -
[WebServer] ::ffff:127.0.0.1 - - [03/Sep/2026 16:14:40] "GET /docs/assets/css/geoportal-experience.css?v=0.10.49 HTTP/1.1" 200 -
[WebServer] ::ffff:127.0.0.1 - - [03/Sep/2026 16:14:40] "GET /docs/assets/css/geoportal-mobile.css?v=0.10.49 HTTP/1.1" 200 -
[WebServer] ::ffff:127.0.0.1 - - [03/Sep/2026 16:14:40] "GET /docs/assets/js/vendor/leaflet-heat.js HTTP/1.1" 200 -
[WebServer] ::ffff:127.0.0.1 - - [03/Sep/2026 16:14:40] "GET /docs/assets/js/vendor/simple-statistics.min.js HTTP/1.1" 200 -
[WebServer] ::ffff:127.0.0.1 - - [03/Sep/2026 16:14:40] "GET /docs/assets/js/vendor/driver.min.js HTTP/1.1" 200 -
[WebServer] ::ffff:127.0.0.1 - - [03/Sep/2026 16:14:40] "GET /docs/assets/js/vendor/html2canvas.min.js HTTP/1.1" 200 -
[WebServer] ::ffff:127.0.0.1 - - [03/Sep/2026 16:14:40] "GET /docs/assets/js/vendor/jspdf.umd.min.js HTTP/1.1" 200 -
[WebServer] ::ffff:127.0.0.1 - - [03/Sep/2026 16:14:40] "GET /docs/assets/js/geoportal-classification.js?v=0.10.49 HTTP/1.1" 200 -
[WebServer] ::ffff:127.0.0.1 - - [03/Sep/2026 16:14:40] "GET /docs/assets/js/geoportal-registry.js?v=0.10.49 HTTP/1.1" 200 -
[WebServer] ::ffff:127.0.0.1 - - [03/Sep/2026 16:14:40] "GET /docs/assets/js/geoportal-overlay-state.js?v=0.10.49 HTTP/1.1" 200 -
[WebServer] ::ffff:127.0.0.1 - - [03/Sep/2026 16:14:40] "GET /docs/assets/js/geoportal-ant-layer.js?v=0.10.49 HTTP/1.1" 200 -
[WebServer] ::ffff:127.0.0.1 - - [03/Sep/2026 16:14:40] "GET /docs/assets/js/geoportal-territories.js?v=0.10.49 HTTP/1.1" 200 -
[WebServer] ::ffff:127.0.0.1 - - [03/Sep/2026 16:14:40] "GET /docs/assets/js/geoportal-state.js?v=0.10.49 HTTP/1.1" 200 -
[WebServer] ::ffff:127.0.0.1 - - [03/Sep/2026 16:14:40] "GET /docs/assets/js/geoportal-experience.js?v=0.10.49 HTTP/1.1" 200 -
[WebServer] ::ffff:127.0.0.1 - - [03/Sep/2026 16:14:41] "GET /docs/assets/js/geoportal-panels.js?v=0.10.49 HTTP/1.1" 200 -
[WebServer] ::ffff:127.0.0.1 - - [03/Sep/2026 16:14:41] "GET /docs/assets/js/geoportal-institutional.js?v=0.10.49 HTTP/1.1" 200 -
[WebServer] ::ffff:127.0.0.1 - - [03/Sep/2026 16:14:41] "GET /docs/assets/js/geoportal-tour.js?v=0.10.49 HTTP/1.1" 200 -
[WebServer] ::ffff:127.0.0.1 - - [03/Sep/2026 16:14:41] "GET /docs/assets/js/geoportal-catalogo.js?v=0.10.49 HTTP/1.1" 200 -
[WebServer] ::ffff:127.0.0.1 - - [03/Sep/2026 16:14:41] "GET /docs/assets/js/geoportal-app.js?v=0.10.49 HTTP/1.1" 200 -
[WebServer] ::ffff:127.0.0.1 - - [03/Sep/2026 16:14:41] "GET /docs/assets/img/redsa-isotipo-oficial.png HTTP/1.1" 200 -
[WebServer] ::ffff:127.0.0.1 - - [03/Sep/2026 16:14:41] "GET /docs/assets/img/loader-ecuador-contorno.svg HTTP/1.1" 200 -
[WebServer] ::ffff:127.0.0.1 - - [03/Sep/2026 16:14:41] "GET /docs/assets/img/loader-vias-principales.svg HTTP/1.1" 200 -
[WebServer] ::ffff:127.0.0.1 - - [03/Sep/2026 16:14:41] "GET /docs/data/parroquias_wgs84.geojson HTTP/1.1" 200 -
[WebServer] ::ffff:127.0.0.1 - - [03/Sep/2026 16:14:41] "GET /docs/data/provincias_wgs84.geojson HTTP/1.1" 200 -
[WebServer] ::ffff:127.0.0.1 - - [03/Sep/2026 16:14:41] "GET /docs/data/cantones_indice.json HTTP/1.1" 200 -
[WebServer] ::ffff:127.0.0.1 - - [03/Sep/2026 16:14:43] "GET /docs/data/cantones_wgs84.geojson HTTP/1.1" 200 -
[WebServer] ::ffff:127.0.0.1 - - [03/Sep/2026 16:14:43] "GET /docs/data/hotspots_cantonales.json HTTP/1.1" 200 -
[WebServer] ::ffff:127.0.0.1 - - [03/Sep/2026 16:14:46] "GET /docs/ HTTP/1.1" 200 -
[WebServer] ::ffff:127.0.0.1 - - [03/Sep/2026 16:14:46] "GET /docs/assets/css/geoportal-core.css?v=0.10.49 HTTP/1.1" 200 -
[WebServer] ::ffff:127.0.0.1 - - [03/Sep/2026 16:14:46] "GET /docs/assets/css/driver.css HTTP/1.1" 200 -
[WebServer] ::ffff:127.0.0.1 - - [03/Sep/2026 16:14:46] "GET /docs/assets/css/geoportal-experience.css?v=0.10.49 HTTP/1.1" 200 -
[WebServer] ::ffff:127.0.0.1 - - [03/Sep/2026 16:14:46] "GET /docs/assets/css/geoportal-mobile.css?v=0.10.49 HTTP/1.1" 200 -
[WebServer] ::ffff:127.0.0.1 - - [03/Sep/2026 16:14:46] "GET /docs/assets/js/vendor/leaflet-heat.js HTTP/1.1" 200 -
[WebServer] ::ffff:127.0.0.1 - - [03/Sep/2026 16:14:46] "GET /docs/assets/js/vendor/simple-statistics.min.js HTTP/1.1" 200 -
[WebServer] ::ffff:127.0.0.1 - - [03/Sep/2026 16:14:46] "GET /docs/assets/js/vendor/driver.min.js HTTP/1.1" 200 -
[WebServer] ::ffff:127.0.0.1 - - [03/Sep/2026 16:14:46] "GET /docs/assets/js/vendor/html2canvas.min.js HTTP/1.1" 200 -
[WebServer] ::ffff:127.0.0.1 - - [03/Sep/2026 16:14:46] "GET /docs/assets/js/vendor/jspdf.umd.min.js HTTP/1.1" 200 -
[WebServer] ::ffff:127.0.0.1 - - [03/Sep/2026 16:14:46] "GET /docs/assets/js/geoportal-classification.js?v=0.10.49 HTTP/1.1" 200 -
[WebServer] ::ffff:127.0.0.1 - - [03/Sep/2026 16:14:46] "GET /docs/assets/js/geoportal-registry.js?v=0.10.49 HTTP/1.1" 200 -
[WebServer] ::ffff:127.0.0.1 - - [03/Sep/2026 16:14:46] "GET /docs/assets/js/geoportal-overlay-state.js?v=0.10.49 HTTP/1.1" 200 -
[WebServer] ::ffff:127.0.0.1 - - [03/Sep/2026 16:14:46] "GET /docs/assets/js/geoportal-ant-layer.js?v=0.10.49 HTTP/1.1" 200 -
[WebServer] ::ffff:127.0.0.1 - - [03/Sep/2026 16:14:47] "GET /docs/assets/js/geoportal-experience.js?v=0.10.49 HTTP/1.1" 200 -
[WebServer] ::ffff:127.0.0.1 - - [03/Sep/2026 16:14:47] "GET /docs/assets/js/geoportal-state.js?v=0.10.49 HTTP/1.1" 200 -
[WebServer] ::ffff:127.0.0.1 - - [03/Sep/2026 16:14:47] "GET /docs/assets/js/geoportal-territories.js?v=0.10.49 HTTP/1.1" 200 -
[WebServer] ::ffff:127.0.0.1 - - [03/Sep/2026 16:14:47] "GET /docs/assets/js/geoportal-panels.js?v=0.10.49 HTTP/1.1" 200 -
[WebServer] ::ffff:127.0.0.1 - - [03/Sep/2026 16:14:47] "GET /docs/assets/js/geoportal-institutional.js?v=0.10.49 HTTP/1.1" 200 -
[WebServer] ::ffff:127.0.0.1 - - [03/Sep/2026 16:14:47] "GET /docs/assets/js/geoportal-tour.js?v=0.10.49 HTTP/1.1" 200 -
[WebServer] ::ffff:127.0.0.1 - - [03/Sep/2026 16:14:47] "GET /docs/assets/js/geoportal-catalogo.js?v=0.10.49 HTTP/1.1" 200 -
[WebServer] ::ffff:127.0.0.1 - - [03/Sep/2026 16:14:47] "GET /docs/assets/js/geoportal-app.js?v=0.10.49 HTTP/1.1" 200 -
[WebServer] ::ffff:127.0.0.1 - - [03/Sep/2026 16:14:47] "GET /docs/assets/img/redsa-isotipo-oficial.png HTTP/1.1" 200 -
[WebServer] ::ffff:127.0.0.1 - - [03/Sep/2026 16:14:47] "GET /docs/assets/img/loader-ecuador-contorno.svg HTTP/1.1" 200 -
[WebServer] ::ffff:127.0.0.1 - - [03/Sep/2026 16:14:47] "GET /docs/assets/img/loader-vias-principales.svg HTTP/1.1" 200 -
[WebServer] ::ffff:127.0.0.1 - - [03/Sep/2026 16:14:47] "GET /docs/ HTTP/1.1" 200 -
[WebServer] ::ffff:127.0.0.1 - - [03/Sep/2026 16:14:47] "GET /docs/assets/css/driver.css HTTP/1.1" 200 -
[WebServer] ::ffff:127.0.0.1 - - [03/Sep/2026 16:14:47] "GET /docs/assets/css/geoportal-mobile.css?v=0.10.49 HTTP/1.1" 200 -
[WebServer] ::ffff:127.0.0.1 - - [03/Sep/2026 16:14:47] "GET /docs/assets/css/geoportal-experience.css?v=0.10.49 HTTP/1.1" 200 -
[WebServer] ::ffff:127.0.0.1 - - [03/Sep/2026 16:14:47] "GET /docs/assets/css/geoportal-core.css?v=0.10.49 HTTP/1.1" 200 -
[WebServer] ::ffff:127.0.0.1 - - [03/Sep/2026 16:14:47] "GET /docs/assets/js/vendor/leaflet-heat.js HTTP/1.1" 200 -
[WebServer] ::ffff:127.0.0.1 - - [03/Sep/2026 16:14:47] "GET /docs/assets/js/vendor/simple-statistics.min.js HTTP/1.1" 200 -
[WebServer] ::ffff:127.0.0.1 - - [03/Sep/2026 16:14:47] "GET /docs/assets/js/vendor/driver.min.js HTTP/1.1" 200 -
[WebServer] ::ffff:127.0.0.1 - - [03/Sep/2026 16:14:47] "GET /docs/assets/js/vendor/html2canvas.min.js HTTP/1.1" 200 -
[WebServer] ::ffff:127.0.0.1 - - [03/Sep/2026 16:14:47] "GET /docs/assets/js/vendor/jspdf.umd.min.js HTTP/1.1" 200 -
[WebServer] ::ffff:127.0.0.1 - - [03/Sep/2026 16:14:47] "GET /docs/assets/js/geoportal-classification.js?v=0.10.49 HTTP/1.1" 200 -
[WebServer] ::ffff:127.0.0.1 - - [03/Sep/2026 16:14:47] "GET /docs/assets/js/geoportal-registry.js?v=0.10.49 HTTP/1.1" 200 -
[WebServer] ::ffff:127.0.0.1 - - [03/Sep/2026 16:14:47] "GET /docs/assets/js/geoportal-overlay-state.js?v=0.10.49 HTTP/1.1" 200 -
[WebServer] ::ffff:127.0.0.1 - - [03/Sep/2026 16:14:47] "GET /docs/assets/js/geoportal-ant-layer.js?v=0.10.49 HTTP/1.1" 200 -
[WebServer] ::ffff:127.0.0.1 - - [03/Sep/2026 16:14:47] "GET /docs/assets/js/geoportal-experience.js?v=0.10.49 HTTP/1.1" 200 -
[WebServer] ::ffff:127.0.0.1 - - [03/Sep/2026 16:14:47] "GET /docs/assets/js/geoportal-state.js?v=0.10.49 HTTP/1.1" 200 -
[WebServer] ::ffff:127.0.0.1 - - [03/Sep/2026 16:14:47] "GET /docs/assets/js/geoportal-territories.js?v=0.10.49 HTTP/1.1" 200 -
[WebServer] ::ffff:127.0.0.1 - - [03/Sep/2026 16:14:47] "GET /docs/assets/js/geoportal-panels.js?v=0.10.49 HTTP/1.1" 200 -
[WebServer] ::ffff:127.0.0.1 - - [03/Sep/2026 16:14:47] "GET /docs/assets/js/geoportal-institutional.js?v=0.10.49 HTTP/1.1" 200 -
[WebServer] ::ffff:127.0.0.1 - - [03/Sep/2026 16:14:47] "GET /docs/assets/js/geoportal-tour.js?v=0.10.49 HTTP/1.1" 200 -
[WebServer] ::ffff:127.0.0.1 - - [03/Sep/2026 16:14:47] "GET /docs/assets/js/geoportal-catalogo.js?v=0.10.49 HTTP/1.1" 200 -
[WebServer] ::ffff:127.0.0.1 - - [03/Sep/2026 16:14:47] "GET /docs/assets/js/geoportal-app.js?v=0.10.49 HTTP/1.1" 200 -
[WebServer] ::ffff:127.0.0.1 - - [03/Sep/2026 16:14:47] "GET /docs/assets/img/redsa-isotipo-oficial.png HTTP/1.1" 200 -
[WebServer] ::ffff:127.0.0.1 - - [03/Sep/2026 16:14:47] "GET /docs/assets/img/loader-ecuador-contorno.svg HTTP/1.1" 200 -
[WebServer] ::ffff:127.0.0.1 - - [03/Sep/2026 16:14:47] "GET /docs/assets/img/loader-vias-principales.svg HTTP/1.1" 200 -
[WebServer] ::ffff:127.0.0.1 - - [03/Sep/2026 16:14:47] "GET /docs/data/provincias_wgs84.geojson HTTP/1.1" 200 -
[WebServer] ::ffff:127.0.0.1 - - [03/Sep/2026 16:14:48] "GET /docs/data/cantones_indice.json HTTP/1.1" 200 -
[WebServer] ::ffff:127.0.0.1 - - [03/Sep/2026 16:14:48] "GET /docs/data/provincias_wgs84.geojson HTTP/1.1" 200 -
[WebServer] ::ffff:127.0.0.1 - - [03/Sep/2026 16:14:48] "GET /docs/data/cantones_indice.json HTTP/1.1" 200 -
[WebServer] ::ffff:127.0.0.1 - - [03/Sep/2026 16:14:51] "GET /docs/data/ciclovias_ecuador.geojson HTTP/1.1" 200 -
[WebServer] ::ffff:127.0.0.1 - - [03/Sep/2026 16:14:51] "GET /docs/data/cantones_wgs84.geojson HTTP/1.1" 200 -
[WebServer] ::ffff:127.0.0.1 - - [03/Sep/2026 16:14:51] "GET /docs/data/hotspots_cantonales.json HTTP/1.1" 200 -
[WebServer] ::ffff:127.0.0.1 - - [03/Sep/2026 16:14:51] "GET /docs/data/aceras_ecuador.geojson HTTP/1.1" 200 -
[WebServer] ::ffff:127.0.0.1 - - [03/Sep/2026 16:14:51] "GET /docs/ HTTP/1.1" 200 -
[WebServer] ::ffff:127.0.0.1 - - [03/Sep/2026 16:14:51] "GET /docs/assets/css/driver.css HTTP/1.1" 200 -
[WebServer] ::ffff:127.0.0.1 - - [03/Sep/2026 16:14:51] "GET /docs/assets/css/geoportal-core.css?v=0.10.49 HTTP/1.1" 200 -
[WebServer] ::ffff:127.0.0.1 - - [03/Sep/2026 16:14:51] "GET /docs/assets/css/geoportal-experience.css?v=0.10.49 HTTP/1.1" 200 -
[WebServer] ::ffff:127.0.0.1 - - [03/Sep/2026 16:14:51] "GET /docs/assets/css/geoportal-mobile.css?v=0.10.49 HTTP/1.1" 200 -
[WebServer] ::ffff:127.0.0.1 - - [03/Sep/2026 16:14:51] "GET /docs/assets/js/vendor/leaflet-heat.js HTTP/1.1" 200 -
[WebServer] ::ffff:127.0.0.1 - - [03/Sep/2026 16:14:51] "GET /docs/assets/js/vendor/simple-statistics.min.js HTTP/1.1" 200 -
[WebServer] ::ffff:127.0.0.1 - - [03/Sep/2026 16:14:51] "GET /docs/assets/js/vendor/driver.min.js HTTP/1.1" 200 -
[WebServer] ::ffff:127.0.0.1 - - [03/Sep/2026 16:14:51] "GET /docs/assets/js/vendor/html2canvas.min.js HTTP/1.1" 200 -
[WebServer] ::ffff:127.0.0.1 - - [03/Sep/2026 16:14:51] "GET /docs/assets/js/vendor/jspdf.umd.min.js HTTP/1.1" 200 -
[WebServer] ::ffff:127.0.0.1 - - [03/Sep/2026 16:14:52] "GET /docs/assets/js/geoportal-classification.js?v=0.10.49 HTTP/1.1" 200 -
[WebServer] ::ffff:127.0.0.1 - - [03/Sep/2026 16:14:52] "GET /docs/assets/js/geoportal-registry.js?v=0.10.49 HTTP/1.1" 200 -
[WebServer] ::ffff:127.0.0.1 - - [03/Sep/2026 16:14:52] "GET /docs/assets/js/geoportal-overlay-state.js?v=0.10.49 HTTP/1.1" 200 -
[WebServer] ::ffff:127.0.0.1 - - [03/Sep/2026 16:14:52] "GET /docs/assets/js/geoportal-ant-layer.js?v=0.10.49 HTTP/1.1" 200 -
[WebServer] ::ffff:127.0.0.1 - - [03/Sep/2026 16:14:52] "GET /docs/assets/js/geoportal-experience.js?v=0.10.49 HTTP/1.1" 200 -
[WebServer] ::ffff:127.0.0.1 - - [03/Sep/2026 16:14:52] "GET /docs/assets/js/geoportal-state.js?v=0.10.49 HTTP/1.1" 200 -
[WebServer] ::ffff:127.0.0.1 - - [03/Sep/2026 16:14:52] "GET /docs/assets/js/geoportal-territories.js?v=0.10.49 HTTP/1.1" 200 -
[WebServer] ::ffff:127.0.0.1 - - [03/Sep/2026 16:14:52] "GET /docs/assets/js/geoportal-panels.js?v=0.10.49 HTTP/1.1" 200 -
[WebServer] ::ffff:127.0.0.1 - - [03/Sep/2026 16:14:52] "GET /docs/assets/js/geoportal-institutional.js?v=0.10.49 HTTP/1.1" 200 -
[WebServer] ::ffff:127.0.0.1 - - [03/Sep/2026 16:14:52] "GET /docs/assets/js/geoportal-tour.js?v=0.10.49 HTTP/1.1" 200 -
[WebServer] ::ffff:127.0.0.1 - - [03/Sep/2026 16:14:52] "GET /docs/assets/js/geoportal-catalogo.js?v=0.10.49 HTTP/1.1" 200 -
[WebServer] ::ffff:127.0.0.1 - - [03/Sep/2026 16:14:52] "GET /docs/assets/js/geoportal-app.js?v=0.10.49 HTTP/1.1" 200 -
[WebServer] ::ffff:127.0.0.1 - - [03/Sep/2026 16:14:52] "GET /docs/assets/img/redsa-isotipo-oficial.png HTTP/1.1" 200 -
[WebServer] ::ffff:127.0.0.1 - - [03/Sep/2026 16:14:52] "GET /docs/assets/img/loader-ecuador-contorno.svg HTTP/1.1" 200 -
[WebServer] ::ffff:127.0.0.1 - - [03/Sep/2026 16:14:52] "GET /docs/assets/img/loader-vias-principales.svg HTTP/1.1" 200 -
[WebServer] ::ffff:127.0.0.1 - - [03/Sep/2026 16:14:52] "GET /docs/data/provincias_wgs84.geojson HTTP/1.1" 200 -
[WebServer] ::ffff:127.0.0.1 - - [03/Sep/2026 16:14:53] "GET /docs/data/cantones_indice.json HTTP/1.1" 200 -
[WebServer] ::ffff:127.0.0.1 - - [03/Sep/2026 16:14:54] "GET /docs/ HTTP/1.1" 200 -
[WebServer] ::ffff:127.0.0.1 - - [03/Sep/2026 16:14:54] "GET /docs/assets/css/driver.css HTTP/1.1" 200 -
[WebServer] ::ffff:127.0.0.1 - - [03/Sep/2026 16:14:54] "GET /docs/assets/css/geoportal-core.css?v=0.10.49 HTTP/1.1" 200 -
[WebServer] ::ffff:127.0.0.1 - - [03/Sep/2026 16:14:54] "GET /docs/assets/css/geoportal-experience.css?v=0.10.49 HTTP/1.1" 200 -
[WebServer] ::ffff:127.0.0.1 - - [03/Sep/2026 16:14:54] "GET /docs/assets/css/geoportal-mobile.css?v=0.10.49 HTTP/1.1" 200 -
[WebServer] ::ffff:127.0.0.1 - - [03/Sep/2026 16:14:55] "GET /docs/assets/js/vendor/leaflet-heat.js HTTP/1.1" 200 -
[WebServer] ::ffff:127.0.0.1 - - [03/Sep/2026 16:14:55] "GET /docs/data/hotspots_cantonales.json HTTP/1.1" 200 -
[WebServer] ::ffff:127.0.0.1 - - [03/Sep/2026 16:14:55] "GET /docs/data/cantones_wgs84.geojson HTTP/1.1" 200 -
[WebServer] ::ffff:127.0.0.1 - - [03/Sep/2026 16:14:55] "GET /docs/data/ciclovias_ecuador.geojson HTTP/1.1" 200 -
[WebServer] ::ffff:127.0.0.1 - - [03/Sep/2026 16:14:55] "GET /docs/assets/js/vendor/simple-statistics.min.js HTTP/1.1" 200 -
[WebServer] ::ffff:127.0.0.1 - - [03/Sep/2026 16:14:55] "GET /docs/assets/js/vendor/driver.min.js HTTP/1.1" 200 -
[WebServer] ::ffff:127.0.0.1 - - [03/Sep/2026 16:14:55] "GET /docs/assets/js/vendor/html2canvas.min.js HTTP/1.1" 200 -
[WebServer] ::ffff:127.0.0.1 - - [03/Sep/2026 16:14:55] "GET /docs/assets/js/vendor/jspdf.umd.min.js HTTP/1.1" 200 -
[WebServer] ::ffff:127.0.0.1 - - [03/Sep/2026 16:14:55] "GET /docs/assets/js/geoportal-classification.js?v=0.10.49 HTTP/1.1" 200 -
[WebServer] ::ffff:127.0.0.1 - - [03/Sep/2026 16:14:55] "GET /docs/assets/js/geoportal-registry.js?v=0.10.49 HTTP/1.1" 200 -
[WebServer] ::ffff:127.0.0.1 - - [03/Sep/2026 16:14:55] "GET /docs/assets/js/geoportal-overlay-state.js?v=0.10.49 HTTP/1.1" 200 -
[WebServer] ::ffff:127.0.0.1 - - [03/Sep/2026 16:14:55] "GET /docs/assets/js/geoportal-ant-layer.js?v=0.10.49 HTTP/1.1" 200 -
[WebServer] ::ffff:127.0.0.1 - - [03/Sep/2026 16:14:55] "GET /docs/assets/js/geoportal-experience.js?v=0.10.49 HTTP/1.1" 200 -
[WebServer] ::ffff:127.0.0.1 - - [03/Sep/2026 16:14:55] "GET /docs/assets/js/geoportal-state.js?v=0.10.49 HTTP/1.1" 200 -
[WebServer] ::ffff:127.0.0.1 - - [03/Sep/2026 16:14:55] "GET /docs/assets/js/geoportal-territories.js?v=0.10.49 HTTP/1.1" 200 -
[WebServer] ::ffff:127.0.0.1 - - [03/Sep/2026 16:14:55] "GET /docs/assets/js/geoportal-panels.js?v=0.10.49 HTTP/1.1" 200 -
[WebServer] ::ffff:127.0.0.1 - - [03/Sep/2026 16:14:55] "GET /docs/assets/js/geoportal-institutional.js?v=0.10.49 HTTP/1.1" 200 -
[WebServer] ::ffff:127.0.0.1 - - [03/Sep/2026 16:14:55] "GET /docs/assets/js/geoportal-tour.js?v=0.10.49 HTTP/1.1" 200 -
[WebServer] ::ffff:127.0.0.1 - - [03/Sep/2026 16:14:55] "GET /docs/assets/js/geoportal-catalogo.js?v=0.10.49 HTTP/1.1" 200 -
[WebServer] ::ffff:127.0.0.1 - - [03/Sep/2026 16:14:55] "GET /docs/assets/js/geoportal-app.js?v=0.10.49 HTTP/1.1" 200 -
[WebServer] ::ffff:127.0.0.1 - - [03/Sep/2026 16:14:55] "GET /docs/assets/img/redsa-isotipo-oficial.png HTTP/1.1" 200 -
[WebServer] ::ffff:127.0.0.1 - - [03/Sep/2026 16:14:55] "GET /docs/assets/img/loader-ecuador-contorno.svg HTTP/1.1" 200 -
[WebServer] ::ffff:127.0.0.1 - - [03/Sep/2026 16:14:55] "GET /docs/assets/img/loader-vias-principales.svg HTTP/1.1" 200 -
[WebServer] ::ffff:127.0.0.1 - - [03/Sep/2026 16:14:56] "GET /docs/data/cantones_indice.json HTTP/1.1" 200 -
[WebServer] ::ffff:127.0.0.1 - - [03/Sep/2026 16:14:56] "GET /docs/data/provincias_wgs84.geojson HTTP/1.1" 200 -
[WebServer] ::ffff:127.0.0.1 - - [03/Sep/2026 16:14:59] "GET /docs/ HTTP/1.1" 200 -
[WebServer] ::ffff:127.0.0.1 - - [03/Sep/2026 16:14:59] "GET /docs/assets/css/driver.css HTTP/1.1" 200 -
[WebServer] ::ffff:127.0.0.1 - - [03/Sep/2026 16:14:59] "GET /docs/assets/css/geoportal-core.css?v=0.10.49 HTTP/1.1" 200 -
[WebServer] ::ffff:127.0.0.1 - - [03/Sep/2026 16:14:59] "GET /docs/assets/css/geoportal-experience.css?v=0.10.49 HTTP/1.1" 200 -
[WebServer] ::ffff:127.0.0.1 - - [03/Sep/2026 16:14:59] "GET /docs/assets/css/geoportal-mobile.css?v=0.10.49 HTTP/1.1" 200 -
[WebServer] ::ffff:127.0.0.1 - - [03/Sep/2026 16:14:59] "GET /docs/assets/js/vendor/leaflet-heat.js HTTP/1.1" 200 -
[WebServer] ::ffff:127.0.0.1 - - [03/Sep/2026 16:14:59] "GET /docs/assets/js/vendor/simple-statistics.min.js HTTP/1.1" 200 -
[WebServer] ::ffff:127.0.0.1 - - [03/Sep/2026 16:14:59] "GET /docs/assets/js/vendor/driver.min.js HTTP/1.1" 200 -
[WebServer] ::ffff:127.0.0.1 - - [03/Sep/2026 16:14:59] "GET /docs/assets/js/vendor/html2canvas.min.js HTTP/1.1" 200 -
[WebServer] ::ffff:127.0.0.1 - - [03/Sep/2026 16:14:59] "GET /docs/assets/js/vendor/jspdf.umd.min.js HTTP/1.1" 200 -
[WebServer] ::ffff:127.0.0.1 - - [03/Sep/2026 16:14:59] "GET /docs/assets/js/geoportal-classification.js?v=0.10.49 HTTP/1.1" 200 -
[WebServer] ::ffff:127.0.0.1 - - [03/Sep/2026 16:14:59] "GET /docs/assets/js/geoportal-registry.js?v=0.10.49 HTTP/1.1" 200 -
[WebServer] ::ffff:127.0.0.1 - - [03/Sep/2026 16:14:59] "GET /docs/assets/js/geoportal-overlay-state.js?v=0.10.49 HTTP/1.1" 200 -
[WebServer] ::ffff:127.0.0.1 - - [03/Sep/2026 16:14:59] "GET /docs/assets/js/geoportal-ant-layer.js?v=0.10.49 HTTP/1.1" 200 -
[WebServer] ::ffff:127.0.0.1 - - [03/Sep/2026 16:14:59] "GET /docs/assets/js/geoportal-experience.js?v=0.10.49 HTTP/1.1" 200 -
[WebServer] ::ffff:127.0.0.1 - - [03/Sep/2026 16:14:59] "GET /docs/assets/js/geoportal-state.js?v=0.10.49 HTTP/1.1" 200 -
[WebServer] ::ffff:127.0.0.1 - - [03/Sep/2026 16:14:59] "GET /docs/assets/js/geoportal-territories.js?v=0.10.49 HTTP/1.1" 200 -
[WebServer] ::ffff:127.0.0.1 - - [03/Sep/2026 16:14:59] "GET /docs/assets/js/geoportal-panels.js?v=0.10.49 HTTP/1.1" 200 -
[WebServer] ::ffff:127.0.0.1 - - [03/Sep/2026 16:14:59] "GET /docs/assets/js/geoportal-institutional.js?v=0.10.49 HTTP/1.1" 200 -
[WebServer] ::ffff:127.0.0.1 - - [03/Sep/2026 16:14:59] "GET /docs/assets/js/geoportal-tour.js?v=0.10.49 HTTP/1.1" 200 -
[WebServer] ::ffff:127.0.0.1 - - [03/Sep/2026 16:14:59] "GET /docs/assets/js/geoportal-catalogo.js?v=0.10.49 HTTP/1.1" 200 -
[WebServer] ::ffff:127.0.0.1 - - [03/Sep/2026 16:14:59] "GET /docs/assets/js/geoportal-app.js?v=0.10.49 HTTP/1.1" 200 -
[WebServer] ::ffff:127.0.0.1 - - [03/Sep/2026 16:15:00] "GET /docs/assets/img/redsa-isotipo-oficial.png HTTP/1.1" 200 -
[WebServer] ::ffff:127.0.0.1 - - [03/Sep/2026 16:15:00] "GET /docs/assets/img/loader-ecuador-contorno.svg HTTP/1.1" 200 -
[WebServer] ::ffff:127.0.0.1 - - [03/Sep/2026 16:15:00] "GET /docs/assets/img/loader-vias-principales.svg HTTP/1.1" 200 -
[WebServer] ::ffff:127.0.0.1 - - [03/Sep/2026 16:15:00] "GET /docs/data/provincias_wgs84.geojson HTTP/1.1" 200 -
[WebServer] ::ffff:127.0.0.1 - - [03/Sep/2026 16:15:00] "GET /docs/data/cantones_indice.json HTTP/1.1" 200 -
[WebServer] ::ffff:127.0.0.1 - - [03/Sep/2026 16:15:01] "GET /docs/ HTTP/1.1" 200 -
[WebServer] ::ffff:127.0.0.1 - - [03/Sep/2026 16:15:01] "GET /docs/assets/css/driver.css HTTP/1.1" 200 -
[WebServer] ::ffff:127.0.0.1 - - [03/Sep/2026 16:15:01] "GET /docs/assets/css/geoportal-core.css?v=0.10.49 HTTP/1.1" 200 -
[WebServer] ::ffff:127.0.0.1 - - [03/Sep/2026 16:15:01] "GET /docs/assets/css/geoportal-experience.css?v=0.10.49 HTTP/1.1" 200 -
[WebServer] ::ffff:127.0.0.1 - - [03/Sep/2026 16:15:01] "GET /docs/assets/css/geoportal-mobile.css?v=0.10.49 HTTP/1.1" 200 -
[WebServer] ::ffff:127.0.0.1 - - [03/Sep/2026 16:15:01] "GET /docs/assets/js/vendor/leaflet-heat.js HTTP/1.1" 200 -
[WebServer] ::ffff:127.0.0.1 - - [03/Sep/2026 16:15:01] "GET /docs/assets/js/vendor/simple-statistics.min.js HTTP/1.1" 200 -
[WebServer] ::ffff:127.0.0.1 - - [03/Sep/2026 16:15:01] "GET /docs/assets/js/vendor/driver.min.js HTTP/1.1" 200 -
[WebServer] ::ffff:127.0.0.1 - - [03/Sep/2026 16:15:01] "GET /docs/assets/js/vendor/html2canvas.min.js HTTP/1.1" 200 -
[WebServer] ::ffff:127.0.0.1 - - [03/Sep/2026 16:15:01] "GET /docs/assets/js/vendor/jspdf.umd.min.js HTTP/1.1" 200 -
[WebServer] ::ffff:127.0.0.1 - - [03/Sep/2026 16:15:01] "GET /docs/assets/js/geoportal-classification.js?v=0.10.49 HTTP/1.1" 200 -
[WebServer] ::ffff:127.0.0.1 - - [03/Sep/2026 16:15:02] "GET /docs/assets/js/geoportal-registry.js?v=0.10.49 HTTP/1.1" 200 -
[WebServer] ::ffff:127.0.0.1 - - [03/Sep/2026 16:15:02] "GET /docs/assets/js/geoportal-overlay-state.js?v=0.10.49 HTTP/1.1" 200 -
[WebServer] ::ffff:127.0.0.1 - - [03/Sep/2026 16:15:02] "GET /docs/assets/js/geoportal-ant-layer.js?v=0.10.49 HTTP/1.1" 200 -
[WebServer] ::ffff:127.0.0.1 - - [03/Sep/2026 16:15:02] "GET /docs/assets/js/geoportal-experience.js?v=0.10.49 HTTP/1.1" 200 -
[WebServer] ::ffff:127.0.0.1 - - [03/Sep/2026 16:15:02] "GET /docs/assets/js/geoportal-state.js?v=0.10.49 HTTP/1.1" 200 -
[WebServer] ::ffff:127.0.0.1 - - [03/Sep/2026 16:15:02] "GET /docs/assets/js/geoportal-panels.js?v=0.10.49 HTTP/1.1" 200 -
[WebServer] ::ffff:127.0.0.1 - - [03/Sep/2026 16:15:02] "GET /docs/assets/js/geoportal-territories.js?v=0.10.49 HTTP/1.1" 200 -
[WebServer] ::ffff:127.0.0.1 - - [03/Sep/2026 16:15:02] "GET /docs/assets/js/geoportal-institutional.js?v=0.10.49 HTTP/1.1" 200 -
[WebServer] ::ffff:127.0.0.1 - - [03/Sep/2026 16:15:02] "GET /docs/assets/js/geoportal-tour.js?v=0.10.49 HTTP/1.1" 200 -
[WebServer] ::ffff:127.0.0.1 - - [03/Sep/2026 16:15:02] "GET /docs/assets/js/geoportal-catalogo.js?v=0.10.49 HTTP/1.1" 200 -
[WebServer] ::ffff:127.0.0.1 - - [03/Sep/2026 16:15:02] "GET /docs/assets/js/geoportal-app.js?v=0.10.49 HTTP/1.1" 200 -
[WebServer] ::ffff:127.0.0.1 - - [03/Sep/2026 16:15:02] "GET /docs/assets/img/redsa-isotipo-oficial.png HTTP/1.1" 200 -
[WebServer] ::ffff:127.0.0.1 - - [03/Sep/2026 16:15:02] "GET /docs/assets/img/loader-ecuador-contorno.svg HTTP/1.1" 200 -
[WebServer] ::ffff:127.0.0.1 - - [03/Sep/2026 16:15:02] "GET /docs/assets/img/loader-vias-principales.svg HTTP/1.1" 200 -
[WebServer] ::ffff:127.0.0.1 - - [03/Sep/2026 16:15:02] "GET /docs/ HTTP/1.1" 200 -
[WebServer] ::ffff:127.0.0.1 - - [03/Sep/2026 16:15:02] "GET /docs/assets/css/driver.css HTTP/1.1" 200 -
[WebServer] ::ffff:127.0.0.1 - - [03/Sep/2026 16:15:02] "GET /docs/assets/css/geoportal-core.css?v=0.10.49 HTTP/1.1" 200 -
[WebServer] ::ffff:127.0.0.1 - - [03/Sep/2026 16:15:02] "GET /docs/assets/css/geoportal-experience.css?v=0.10.49 HTTP/1.1" 200 -
[WebServer] ::ffff:127.0.0.1 - - [03/Sep/2026 16:15:02] "GET /docs/assets/css/geoportal-mobile.css?v=0.10.49 HTTP/1.1" 200 -
[WebServer] ::ffff:127.0.0.1 - - [03/Sep/2026 16:15:02] "GET /docs/assets/js/vendor/leaflet-heat.js HTTP/1.1" 200 -
[WebServer] ::ffff:127.0.0.1 - - [03/Sep/2026 16:15:02] "GET /docs/assets/js/vendor/simple-statistics.min.js HTTP/1.1" 200 -
[WebServer] ::ffff:127.0.0.1 - - [03/Sep/2026 16:15:02] "GET /docs/assets/js/vendor/driver.min.js HTTP/1.1" 200 -
[WebServer] ::ffff:127.0.0.1 - - [03/Sep/2026 16:15:03] "GET /docs/data/provincias_wgs84.geojson HTTP/1.1" 200 -
[WebServer] ::ffff:127.0.0.1 - - [03/Sep/2026 16:15:03] "GET /docs/data/cantones_indice.json HTTP/1.1" 200 -
[WebServer] ::ffff:127.0.0.1 - - [03/Sep/2026 16:15:03] "GET /docs/assets/js/vendor/html2canvas.min.js HTTP/1.1" 200 -
[WebServer] ::ffff:127.0.0.1 - - [03/Sep/2026 16:15:03] "GET /docs/assets/js/vendor/jspdf.umd.min.js HTTP/1.1" 200 -
[WebServer] ::ffff:127.0.0.1 - - [03/Sep/2026 16:15:03] "GET /docs/assets/js/geoportal-classification.js?v=0.10.49 HTTP/1.1" 200 -
[WebServer] ::ffff:127.0.0.1 - - [03/Sep/2026 16:15:03] "GET /docs/assets/js/geoportal-registry.js?v=0.10.49 HTTP/1.1" 200 -
[WebServer] ::ffff:127.0.0.1 - - [03/Sep/2026 16:15:03] "GET /docs/assets/js/geoportal-overlay-state.js?v=0.10.49 HTTP/1.1" 200 -
[WebServer] ::ffff:127.0.0.1 - - [03/Sep/2026 16:15:03] "GET /docs/assets/js/geoportal-ant-layer.js?v=0.10.49 HTTP/1.1" 200 -
[WebServer] ::ffff:127.0.0.1 - - [03/Sep/2026 16:15:03] "GET /docs/assets/js/geoportal-experience.js?v=0.10.49 HTTP/1.1" 200 -
[WebServer] ::ffff:127.0.0.1 - - [03/Sep/2026 16:15:03] "GET /docs/assets/js/geoportal-state.js?v=0.10.49 HTTP/1.1" 200 -
[WebServer] ::ffff:127.0.0.1 - - [03/Sep/2026 16:15:03] "GET /docs/assets/js/geoportal-territories.js?v=0.10.49 HTTP/1.1" 200 -
[WebServer] ::ffff:127.0.0.1 - - [03/Sep/2026 16:15:03] "GET /docs/assets/js/geoportal-panels.js?v=0.10.49 HTTP/1.1" 200 -
[WebServer] ::ffff:127.0.0.1 - - [03/Sep/2026 16:15:03] "GET /docs/assets/js/geoportal-institutional.js?v=0.10.49 HTTP/1.1" 200 -
[WebServer] ::ffff:127.0.0.1 - - [03/Sep/2026 16:15:03] "GET /docs/assets/js/geoportal-tour.js?v=0.10.49 HTTP/1.1" 200 -
[WebServer] ::ffff:127.0.0.1 - - [03/Sep/2026 16:15:03] "GET /docs/assets/js/geoportal-catalogo.js?v=0.10.49 HTTP/1.1" 200 -
[WebServer] ::ffff:127.0.0.1 - - [03/Sep/2026 16:15:03] "GET /docs/assets/img/redsa-isotipo-oficial.png HTTP/1.1" 200 -
[WebServer] ::ffff:127.0.0.1 - - [03/Sep/2026 16:15:03] "GET /docs/assets/js/geoportal-app.js?v=0.10.49 HTTP/1.1" 200 -
[WebServer] ::ffff:127.0.0.1 - - [03/Sep/2026 16:15:03] "GET /docs/assets/img/loader-ecuador-contorno.svg HTTP/1.1" 200 -
[WebServer] ::ffff:127.0.0.1 - - [03/Sep/2026 16:15:04] "GET /docs/assets/img/loader-vias-principales.svg HTTP/1.1" 200 -
[WebServer] ::ffff:127.0.0.1 - - [03/Sep/2026 16:15:04] "GET /docs/data/cantones_indice.json HTTP/1.1" 200 -
[WebServer] ::ffff:127.0.0.1 - - [03/Sep/2026 16:15:04] "GET /docs/data/provincias_wgs84.geojson HTTP/1.1" 200 -
[WebServer] ::ffff:127.0.0.1 - - [03/Sep/2026 16:15:04] "GET /docs/data/cantones_wgs84.geojson HTTP/1.1" 200 -
[WebServer] ::ffff:127.0.0.1 - - [03/Sep/2026 16:15:04] "GET /docs/data/hotspots_cantonales.json HTTP/1.1" 200 -
[WebServer] ::ffff:127.0.0.1 - - [03/Sep/2026 16:15:05] "GET /docs/data/parroquias_wgs84.geojson HTTP/1.1" 200 -
[WebServer] ::ffff:127.0.0.1 - - [03/Sep/2026 16:15:06] "GET /docs/ HTTP/1.1" 200 -
[WebServer] ::ffff:127.0.0.1 - - [03/Sep/2026 16:15:06] "GET /docs/assets/css/driver.css HTTP/1.1" 200 -
[WebServer] ::ffff:127.0.0.1 - - [03/Sep/2026 16:15:06] "GET /docs/assets/css/geoportal-core.css?v=0.10.49 HTTP/1.1" 200 -
[WebServer] ::ffff:127.0.0.1 - - [03/Sep/2026 16:15:06] "GET /docs/assets/css/geoportal-experience.css?v=0.10.49 HTTP/1.1" 200 -
[WebServer] ::ffff:127.0.0.1 - - [03/Sep/2026 16:15:06] "GET /docs/assets/css/geoportal-mobile.css?v=0.10.49 HTTP/1.1" 200 -
[WebServer] ::ffff:127.0.0.1 - - [03/Sep/2026 16:15:06] "GET /docs/assets/js/vendor/leaflet-heat.js HTTP/1.1" 200 -
[WebServer] ::ffff:127.0.0.1 - - [03/Sep/2026 16:15:06] "GET /docs/assets/js/vendor/simple-statistics.min.js HTTP/1.1" 200 -
[WebServer] ::ffff:127.0.0.1 - - [03/Sep/2026 16:15:06] "GET /docs/assets/js/vendor/driver.min.js HTTP/1.1" 200 -
[WebServer] ::ffff:127.0.0.1 - - [03/Sep/2026 16:15:06] "GET /docs/assets/js/vendor/html2canvas.min.js HTTP/1.1" 200 -
[WebServer] ::ffff:127.0.0.1 - - [03/Sep/2026 16:15:06] "GET /docs/assets/js/vendor/jspdf.umd.min.js HTTP/1.1" 200 -
[WebServer] ::ffff:127.0.0.1 - - [03/Sep/2026 16:15:06] "GET /docs/assets/js/geoportal-classification.js?v=0.10.49 HTTP/1.1" 200 -
[WebServer] ::ffff:127.0.0.1 - - [03/Sep/2026 16:15:06] "GET /docs/assets/js/geoportal-registry.js?v=0.10.49 HTTP/1.1" 200 -
[WebServer] ::ffff:127.0.0.1 - - [03/Sep/2026 16:15:06] "GET /docs/assets/js/geoportal-overlay-state.js?v=0.10.49 HTTP/1.1" 200 -
[WebServer] ::ffff:127.0.0.1 - - [03/Sep/2026 16:15:06] "GET /docs/assets/js/geoportal-ant-layer.js?v=0.10.49 HTTP/1.1" 200 -
[WebServer] ::ffff:127.0.0.1 - - [03/Sep/2026 16:15:06] "GET /docs/assets/js/geoportal-experience.js?v=0.10.49 HTTP/1.1" 200 -
[WebServer] ::ffff:127.0.0.1 - - [03/Sep/2026 16:15:06] "GET /docs/assets/js/geoportal-state.js?v=0.10.49 HTTP/1.1" 200 -
[WebServer] ::ffff:127.0.0.1 - - [03/Sep/2026 16:15:07] "GET /docs/assets/js/geoportal-panels.js?v=0.10.49 HTTP/1.1" 200 -
[WebServer] ::ffff:127.0.0.1 - - [03/Sep/2026 16:15:07] "GET /docs/assets/js/geoportal-territories.js?v=0.10.49 HTTP/1.1" 200 -
[WebServer] ::ffff:127.0.0.1 - - [03/Sep/2026 16:15:07] "GET /docs/assets/js/geoportal-app.js?v=0.10.49 HTTP/1.1" 200 -
[WebServer] ::ffff:127.0.0.1 - - [03/Sep/2026 16:15:07] "GET /docs/assets/js/geoportal-catalogo.js?v=0.10.49 HTTP/1.1" 200 -
[WebServer] ::ffff:127.0.0.1 - - [03/Sep/2026 16:15:07] "GET /docs/assets/js/geoportal-institutional.js?v=0.10.49 HTTP/1.1" 200 -
[WebServer] ::ffff:127.0.0.1 - - [03/Sep/2026 16:15:07] "GET /docs/assets/js/geoportal-tour.js?v=0.10.49 HTTP/1.1" 200 -
[WebServer] ::ffff:127.0.0.1 - - [03/Sep/2026 16:15:07] "GET /docs/assets/img/redsa-isotipo-oficial.png HTTP/1.1" 200 -
[WebServer] ::ffff:127.0.0.1 - - [03/Sep/2026 16:15:07] "GET /docs/assets/img/loader-ecuador-contorno.svg HTTP/1.1" 200 -
[WebServer] ::ffff:127.0.0.1 - - [03/Sep/2026 16:15:07] "GET /docs/assets/img/loader-vias-principales.svg HTTP/1.1" 200 -
[WebServer] ::ffff:127.0.0.1 - - [03/Sep/2026 16:15:07] "GET /docs/data/provincias_wgs84.geojson HTTP/1.1" 200 -
[WebServer] ::ffff:127.0.0.1 - - [03/Sep/2026 16:15:07] "GET /docs/data/cantones_indice.json HTTP/1.1" 200 -
[WebServer] ::ffff:127.0.0.1 - - [03/Sep/2026 16:15:08] "GET /docs/data/vias_ecuador.geojson HTTP/1.1" 200 -
[WebServer] ::ffff:127.0.0.1 - - [03/Sep/2026 16:15:09] "GET /docs/data/hotspots_cantonales.json HTTP/1.1" 200 -
[WebServer] ::ffff:127.0.0.1 - - [03/Sep/2026 16:15:09] "GET /docs/data/cantones_wgs84.geojson HTTP/1.1" 200 -
[WebServer] ::ffff:127.0.0.1 - - [03/Sep/2026 16:15:09] "GET /docs/data/ciclovias_ecuador.geojson HTTP/1.1" 200 -
[WebServer] ::ffff:127.0.0.1 - - [03/Sep/2026 16:15:14] "GET /docs/ HTTP/1.1" 200 -
[WebServer] ::ffff:127.0.0.1 - - [03/Sep/2026 16:15:14] "GET /docs/assets/css/driver.css HTTP/1.1" 200 -
[WebServer] ::ffff:127.0.0.1 - - [03/Sep/2026 16:15:14] "GET /docs/assets/css/geoportal-core.css?v=0.10.49 HTTP/1.1" 200 -
[WebServer] ::ffff:127.0.0.1 - - [03/Sep/2026 16:15:14] "GET /docs/assets/css/geoportal-mobile.css?v=0.10.49 HTTP/1.1" 200 -
[WebServer] ::ffff:127.0.0.1 - - [03/Sep/2026 16:15:14] "GET /docs/assets/css/geoportal-experience.css?v=0.10.49 HTTP/1.1" 200 -
[WebServer] ::ffff:127.0.0.1 - - [03/Sep/2026 16:15:14] "GET /docs/assets/js/vendor/leaflet-heat.js HTTP/1.1" 200 -
[WebServer] ::ffff:127.0.0.1 - - [03/Sep/2026 16:15:14] "GET /docs/assets/js/vendor/simple-statistics.min.js HTTP/1.1" 200 -
[WebServer] ::ffff:127.0.0.1 - - [03/Sep/2026 16:15:14] "GET /docs/assets/js/vendor/driver.min.js HTTP/1.1" 200 -
[WebServer] ::ffff:127.0.0.1 - - [03/Sep/2026 16:15:14] "GET /docs/assets/js/vendor/html2canvas.min.js HTTP/1.1" 200 -
[WebServer] ::ffff:127.0.0.1 - - [03/Sep/2026 16:15:14] "GET /docs/assets/js/vendor/jspdf.umd.min.js HTTP/1.1" 200 -
[WebServer] ::ffff:127.0.0.1 - - [03/Sep/2026 16:15:14] "GET /docs/assets/js/geoportal-classification.js?v=0.10.49 HTTP/1.1" 200 -
[WebServer] ::ffff:127.0.0.1 - - [03/Sep/2026 16:15:14] "GET /docs/assets/js/geoportal-registry.js?v=0.10.49 HTTP/1.1" 200 -
[WebServer] ::ffff:127.0.0.1 - - [03/Sep/2026 16:15:14] "GET /docs/assets/js/geoportal-overlay-state.js?v=0.10.49 HTTP/1.1" 200 -
[WebServer] ::ffff:127.0.0.1 - - [03/Sep/2026 16:15:14] "GET /docs/assets/js/geoportal-ant-layer.js?v=0.10.49 HTTP/1.1" 200 -
[WebServer] ::ffff:127.0.0.1 - - [03/Sep/2026 16:15:14] "GET /docs/assets/js/geoportal-experience.js?v=0.10.49 HTTP/1.1" 200 -
[WebServer] ::ffff:127.0.0.1 - - [03/Sep/2026 16:15:14] "GET /docs/assets/js/geoportal-state.js?v=0.10.49 HTTP/1.1" 200 -
[WebServer] ::ffff:127.0.0.1 - - [03/Sep/2026 16:15:14] "GET /docs/assets/js/geoportal-territories.js?v=0.10.49 HTTP/1.1" 200 -
[WebServer] ::ffff:127.0.0.1 - - [03/Sep/2026 16:15:14] "GET /docs/assets/js/geoportal-panels.js?v=0.10.49 HTTP/1.1" 200 -
[WebServer] ::ffff:127.0.0.1 - - [03/Sep/2026 16:15:14] "GET /docs/assets/js/geoportal-institutional.js?v=0.10.49 HTTP/1.1" 200 -
[WebServer] ::ffff:127.0.0.1 - - [03/Sep/2026 16:15:14] "GET /docs/assets/js/geoportal-tour.js?v=0.10.49 HTTP/1.1" 200 -
[WebServer] ::ffff:127.0.0.1 - - [03/Sep/2026 16:15:14] "GET /docs/assets/js/geoportal-catalogo.js?v=0.10.49 HTTP/1.1" 200 -
[WebServer] ::ffff:127.0.0.1 - - [03/Sep/2026 16:15:14] "GET /docs/assets/js/geoportal-app.js?v=0.10.49 HTTP/1.1" 200 -
[WebServer] ::ffff:127.0.0.1 - - [03/Sep/2026 16:15:14] "GET /docs/assets/img/redsa-isotipo-oficial.png HTTP/1.1" 200 -
[WebServer] ::ffff:127.0.0.1 - - [03/Sep/2026 16:15:14] "GET /docs/assets/img/loader-ecuador-contorno.svg HTTP/1.1" 200 -
[WebServer] ::ffff:127.0.0.1 - - [03/Sep/2026 16:15:14] "GET /docs/assets/img/loader-vias-principales.svg HTTP/1.1" 200 -
[WebServer] ::ffff:127.0.0.1 - - [03/Sep/2026 16:15:15] "GET /docs/data/provincias_wgs84.geojson HTTP/1.1" 200 -
[WebServer] ::ffff:127.0.0.1 - - [03/Sep/2026 16:15:15] "GET /docs/data/cantones_indice.json HTTP/1.1" 200 -
[WebServer] ::ffff:127.0.0.1 - - [03/Sep/2026 16:15:17] "GET /docs/ HTTP/1.1" 200 -
[WebServer] ::ffff:127.0.0.1 - - [03/Sep/2026 16:15:17] "GET /docs/assets/css/driver.css HTTP/1.1" 200 -
[WebServer] ::ffff:127.0.0.1 - - [03/Sep/2026 16:15:17] "GET /docs/assets/css/geoportal-core.css?v=0.10.49 HTTP/1.1" 200 -
[WebServer] ::ffff:127.0.0.1 - - [03/Sep/2026 16:15:17] "GET /docs/assets/css/geoportal-experience.css?v=0.10.49 HTTP/1.1" 200 -
[WebServer] ::ffff:127.0.0.1 - - [03/Sep/2026 16:15:17] "GET /docs/assets/css/geoportal-mobile.css?v=0.10.49 HTTP/1.1" 200 -
[WebServer] ::ffff:127.0.0.1 - - [03/Sep/2026 16:15:17] "GET /docs/assets/js/vendor/leaflet-heat.js HTTP/1.1" 200 -
[WebServer] ::ffff:127.0.0.1 - - [03/Sep/2026 16:15:18] "GET /docs/assets/js/vendor/simple-statistics.min.js HTTP/1.1" 200 -
[WebServer] ::ffff:127.0.0.1 - - [03/Sep/2026 16:15:18] "GET /docs/assets/js/vendor/driver.min.js HTTP/1.1" 200 -
[WebServer] ::ffff:127.0.0.1 - - [03/Sep/2026 16:15:18] "GET /docs/assets/js/vendor/html2canvas.min.js HTTP/1.1" 200 -
[WebServer] ::ffff:127.0.0.1 - - [03/Sep/2026 16:15:18] "GET /docs/assets/js/vendor/jspdf.umd.min.js HTTP/1.1" 200 -
[WebServer] ::ffff:127.0.0.1 - - [03/Sep/2026 16:15:18] "GET /docs/assets/js/geoportal-classification.js?v=0.10.49 HTTP/1.1" 200 -
[WebServer] ::ffff:127.0.0.1 - - [03/Sep/2026 16:15:18] "GET /docs/assets/js/geoportal-registry.js?v=0.10.49 HTTP/1.1" 200 -
[WebServer] ::ffff:127.0.0.1 - - [03/Sep/2026 16:15:18] "GET /docs/assets/js/geoportal-overlay-state.js?v=0.10.49 HTTP/1.1" 200 -
[WebServer] ::ffff:127.0.0.1 - - [03/Sep/2026 16:15:18] "GET /docs/assets/js/geoportal-ant-layer.js?v=0.10.49 HTTP/1.1" 200 -
[WebServer] ::ffff:127.0.0.1 - - [03/Sep/2026 16:15:18] "GET /docs/assets/js/geoportal-experience.js?v=0.10.49 HTTP/1.1" 200 -
[WebServer] ::ffff:127.0.0.1 - - [03/Sep/2026 16:15:18] "GET /docs/assets/js/geoportal-state.js?v=0.10.49 HTTP/1.1" 200 -
[WebServer] ::ffff:127.0.0.1 - - [03/Sep/2026 16:15:18] "GET /docs/assets/js/geoportal-territories.js?v=0.10.49 HTTP/1.1" 200 -
[WebServer] ::ffff:127.0.0.1 - - [03/Sep/2026 16:15:18] "GET /docs/assets/js/geoportal-panels.js?v=0.10.49 HTTP/1.1" 200 -
[WebServer] ::ffff:127.0.0.1 - - [03/Sep/2026 16:15:18] "GET /docs/assets/js/geoportal-institutional.js?v=0.10.49 HTTP/1.1" 200 -
[WebServer] ::ffff:127.0.0.1 - - [03/Sep/2026 16:15:18] "GET /docs/assets/img/redsa-isotipo-oficial.png HTTP/1.1" 200 -
[WebServer] ::ffff:127.0.0.1 - - [03/Sep/2026 16:15:18] "GET /docs/assets/js/geoportal-app.js?v=0.10.49 HTTP/1.1" 200 -
[WebServer] ::ffff:127.0.0.1 - - [03/Sep/2026 16:15:18] "GET /docs/assets/js/geoportal-catalogo.js?v=0.10.49 HTTP/1.1" 200 -
[WebServer] ::ffff:127.0.0.1 - - [03/Sep/2026 16:15:18] "GET /docs/assets/js/geoportal-tour.js?v=0.10.49 HTTP/1.1" 200 -
[WebServer] ::ffff:127.0.0.1 - - [03/Sep/2026 16:15:18] "GET /docs/assets/img/loader-ecuador-contorno.svg HTTP/1.1" 200 -
[WebServer] ::ffff:127.0.0.1 - - [03/Sep/2026 16:15:18] "GET /docs/assets/img/loader-vias-principales.svg HTTP/1.1" 200 -
[WebServer] ::ffff:127.0.0.1 - - [03/Sep/2026 16:15:19] "GET /docs/data/provincias_wgs84.geojson HTTP/1.1" 200 -
[WebServer] ::ffff:127.0.0.1 - - [03/Sep/2026 16:15:19] "GET /docs/data/cantones_indice.json HTTP/1.1" 200 -
[WebServer] ::ffff:127.0.0.1 - - [03/Sep/2026 16:15:22] "GET /docs/ HTTP/1.1" 200 -
[WebServer] ::ffff:127.0.0.1 - - [03/Sep/2026 16:15:23] "GET /docs/assets/css/driver.css HTTP/1.1" 200 -
[WebServer] ::ffff:127.0.0.1 - - [03/Sep/2026 16:15:23] "GET /docs/assets/css/geoportal-core.css?v=0.10.49 HTTP/1.1" 200 -
[WebServer] ::ffff:127.0.0.1 - - [03/Sep/2026 16:15:23] "GET /docs/assets/css/geoportal-experience.css?v=0.10.49 HTTP/1.1" 200 -
[WebServer] ::ffff:127.0.0.1 - - [03/Sep/2026 16:15:23] "GET /docs/assets/css/geoportal-mobile.css?v=0.10.49 HTTP/1.1" 200 -
[WebServer] ::ffff:127.0.0.1 - - [03/Sep/2026 16:15:23] "GET /docs/assets/js/vendor/leaflet-heat.js HTTP/1.1" 200 -
[WebServer] ::ffff:127.0.0.1 - - [03/Sep/2026 16:15:23] "GET /docs/assets/js/vendor/simple-statistics.min.js HTTP/1.1" 200 -
[WebServer] ::ffff:127.0.0.1 - - [03/Sep/2026 16:15:23] "GET /docs/assets/js/vendor/driver.min.js HTTP/1.1" 200 -
[WebServer] ::ffff:127.0.0.1 - - [03/Sep/2026 16:15:23] "GET /docs/assets/js/vendor/html2canvas.min.js HTTP/1.1" 200 -
[WebServer] ::ffff:127.0.0.1 - - [03/Sep/2026 16:15:23] "GET /docs/assets/js/vendor/jspdf.umd.min.js HTTP/1.1" 200 -
[WebServer] ::ffff:127.0.0.1 - - [03/Sep/2026 16:15:23] "GET /docs/assets/js/geoportal-classification.js?v=0.10.49 HTTP/1.1" 200 -
[WebServer] ::ffff:127.0.0.1 - - [03/Sep/2026 16:15:23] "GET /docs/assets/js/geoportal-registry.js?v=0.10.49 HTTP/1.1" 200 -
[WebServer] ::ffff:127.0.0.1 - - [03/Sep/2026 16:15:23] "GET /docs/assets/js/geoportal-overlay-state.js?v=0.10.49 HTTP/1.1" 200 -
[WebServer] ::ffff:127.0.0.1 - - [03/Sep/2026 16:15:23] "GET /docs/assets/js/geoportal-ant-layer.js?v=0.10.49 HTTP/1.1" 200 -
[WebServer] ::ffff:127.0.0.1 - - [03/Sep/2026 16:15:23] "GET /docs/assets/js/geoportal-experience.js?v=0.10.49 HTTP/1.1" 200 -
[WebServer] ::ffff:127.0.0.1 - - [03/Sep/2026 16:15:23] "GET /docs/assets/js/geoportal-territories.js?v=0.10.49 HTTP/1.1" 200 -
[WebServer] ::ffff:127.0.0.1 - - [03/Sep/2026 16:15:23] "GET /docs/assets/js/geoportal-state.js?v=0.10.49 HTTP/1.1" 200 -
[WebServer] ::ffff:127.0.0.1 - - [03/Sep/2026 16:15:23] "GET /docs/assets/js/geoportal-panels.js?v=0.10.49 HTTP/1.1" 200 -
[WebServer] ::ffff:127.0.0.1 - - [03/Sep/2026 16:15:23] "GET /docs/assets/js/geoportal-institutional.js?v=0.10.49 HTTP/1.1" 200 -
[WebServer] ::ffff:127.0.0.1 - - [03/Sep/2026 16:15:23] "GET /docs/assets/js/geoportal-tour.js?v=0.10.49 HTTP/1.1" 200 -
[WebServer] ::ffff:127.0.0.1 - - [03/Sep/2026 16:15:23] "GET /docs/assets/js/geoportal-catalogo.js?v=0.10.49 HTTP/1.1" 200 -
[WebServer] ::ffff:127.0.0.1 - - [03/Sep/2026 16:15:23] "GET /docs/assets/js/geoportal-app.js?v=0.10.49 HTTP/1.1" 200 -
[WebServer] ::ffff:127.0.0.1 - - [03/Sep/2026 16:15:23] "GET /docs/assets/img/redsa-isotipo-oficial.png HTTP/1.1" 200 -
[WebServer] ::ffff:127.0.0.1 - - [03/Sep/2026 16:15:23] "GET /docs/assets/img/loader-vias-principales.svg HTTP/1.1" 200 -
[WebServer] ::ffff:127.0.0.1 - - [03/Sep/2026 16:15:23] "GET /docs/assets/img/loader-ecuador-contorno.svg HTTP/1.1" 200 -
[WebServer] ::ffff:127.0.0.1 - - [03/Sep/2026 16:15:23] "GET /docs/data/provincias_wgs84.geojson HTTP/1.1" 200 -
[WebServer] ::ffff:127.0.0.1 - - [03/Sep/2026 16:15:24] "GET /docs/data/cantones_indice.json HTTP/1.1" 200 -
[WebServer] ::ffff:127.0.0.1 - - [03/Sep/2026 16:15:27] "GET /docs/ HTTP/1.1" 200 -
[WebServer] ::ffff:127.0.0.1 - - [03/Sep/2026 16:15:27] "GET /docs/assets/css/driver.css HTTP/1.1" 200 -
[WebServer] ::ffff:127.0.0.1 - - [03/Sep/2026 16:15:27] "GET /docs/assets/css/geoportal-core.css?v=0.10.49 HTTP/1.1" 200 -
[WebServer] ::ffff:127.0.0.1 - - [03/Sep/2026 16:15:27] "GET /docs/assets/css/geoportal-experience.css?v=0.10.49 HTTP/1.1" 200 -
[WebServer] ::ffff:127.0.0.1 - - [03/Sep/2026 16:15:27] "GET /docs/assets/js/vendor/leaflet-heat.js HTTP/1.1" 200 -
[WebServer] ::ffff:127.0.0.1 - - [03/Sep/2026 16:15:27] "GET /docs/assets/css/geoportal-mobile.css?v=0.10.49 HTTP/1.1" 200 -
[WebServer] ::ffff:127.0.0.1 - - [03/Sep/2026 16:15:27] "GET /docs/assets/js/vendor/simple-statistics.min.js HTTP/1.1" 200 -
[WebServer] ::ffff:127.0.0.1 - - [03/Sep/2026 16:15:27] "GET /docs/assets/js/vendor/driver.min.js HTTP/1.1" 200 -
[WebServer] ::ffff:127.0.0.1 - - [03/Sep/2026 16:15:27] "GET /docs/assets/js/vendor/html2canvas.min.js HTTP/1.1" 200 -
[WebServer] ::ffff:127.0.0.1 - - [03/Sep/2026 16:15:27] "GET /docs/assets/js/vendor/jspdf.umd.min.js HTTP/1.1" 200 -
[WebServer] ::ffff:127.0.0.1 - - [03/Sep/2026 16:15:27] "GET /docs/assets/js/geoportal-classification.js?v=0.10.49 HTTP/1.1" 200 -
[WebServer] ::ffff:127.0.0.1 - - [03/Sep/2026 16:15:27] "GET /docs/assets/js/geoportal-registry.js?v=0.10.49 HTTP/1.1" 200 -
[WebServer] ::ffff:127.0.0.1 - - [03/Sep/2026 16:15:27] "GET /docs/assets/js/geoportal-overlay-state.js?v=0.10.49 HTTP/1.1" 200 -
[WebServer] ::ffff:127.0.0.1 - - [03/Sep/2026 16:15:27] "GET /docs/assets/js/geoportal-ant-layer.js?v=0.10.49 HTTP/1.1" 200 -
[WebServer] ::ffff:127.0.0.1 - - [03/Sep/2026 16:15:27] "GET /docs/assets/js/geoportal-experience.js?v=0.10.49 HTTP/1.1" 200 -
[WebServer] ::ffff:127.0.0.1 - - [03/Sep/2026 16:15:27] "GET /docs/assets/js/geoportal-state.js?v=0.10.49 HTTP/1.1" 200 -
[WebServer] ::ffff:127.0.0.1 - - [03/Sep/2026 16:15:27] "GET /docs/assets/js/geoportal-territories.js?v=0.10.49 HTTP/1.1" 200 -
[WebServer] ::ffff:127.0.0.1 - - [03/Sep/2026 16:15:27] "GET /docs/assets/js/geoportal-panels.js?v=0.10.49 HTTP/1.1" 200 -
[WebServer] ::ffff:127.0.0.1 - - [03/Sep/2026 16:15:27] "GET /docs/assets/js/geoportal-institutional.js?v=0.10.49 HTTP/1.1" 200 -
[WebServer] ::ffff:127.0.0.1 - - [03/Sep/2026 16:15:27] "GET /docs/assets/js/geoportal-tour.js?v=0.10.49 HTTP/1.1" 200 -
[WebServer] ::ffff:127.0.0.1 - - [03/Sep/2026 16:15:27] "GET /docs/assets/js/geoportal-catalogo.js?v=0.10.49 HTTP/1.1" 200 -
[WebServer] ::ffff:127.0.0.1 - - [03/Sep/2026 16:15:27] "GET /docs/assets/js/geoportal-app.js?v=0.10.49 HTTP/1.1" 200 -
[WebServer] ::ffff:127.0.0.1 - - [03/Sep/2026 16:15:27] "GET /docs/assets/img/redsa-isotipo-oficial.png HTTP/1.1" 200 -
[WebServer] ::ffff:127.0.0.1 - - [03/Sep/2026 16:15:27] "GET /docs/assets/img/loader-ecuador-contorno.svg HTTP/1.1" 200 -
[WebServer] ::ffff:127.0.0.1 - - [03/Sep/2026 16:15:27] "GET /docs/assets/img/loader-vias-principales.svg HTTP/1.1" 200 -
[WebServer] ::ffff:127.0.0.1 - - [03/Sep/2026 16:15:28] "GET /docs/data/provincias_wgs84.geojson HTTP/1.1" 200 -
[WebServer] ::ffff:127.0.0.1 - - [03/Sep/2026 16:15:28] "GET /docs/data/cantones_indice.json HTTP/1.1" 200 -
[WebServer] ::ffff:127.0.0.1 - - [03/Sep/2026 16:15:29] "GET /docs/data/hotspots_cantonales.json HTTP/1.1" 200 -
[WebServer] ::ffff:127.0.0.1 - - [03/Sep/2026 16:15:29] "GET /docs/data/cantones_wgs84.geojson HTTP/1.1" 200 -
[WebServer] ::ffff:127.0.0.1 - - [03/Sep/2026 16:15:32] "GET /docs/data/parroquias_wgs84.geojson HTTP/1.1" 200 -
[WebServer] ::ffff:127.0.0.1 - - [03/Sep/2026 16:15:36] "GET /docs/ HTTP/1.1" 200 -
[WebServer] ::ffff:127.0.0.1 - - [03/Sep/2026 16:15:36] "GET /docs/assets/css/driver.css HTTP/1.1" 200 -
[WebServer] ::ffff:127.0.0.1 - - [03/Sep/2026 16:15:36] "GET /docs/assets/css/geoportal-core.css?v=0.10.49 HTTP/1.1" 200 -
[WebServer] ::ffff:127.0.0.1 - - [03/Sep/2026 16:15:36] "GET /docs/assets/css/geoportal-experience.css?v=0.10.49 HTTP/1.1" 200 -
[WebServer] ::ffff:127.0.0.1 - - [03/Sep/2026 16:15:36] "GET /docs/assets/css/geoportal-mobile.css?v=0.10.49 HTTP/1.1" 200 -
[WebServer] ::ffff:127.0.0.1 - - [03/Sep/2026 16:15:36] "GET /docs/assets/js/vendor/leaflet-heat.js HTTP/1.1" 200 -
[WebServer] ::ffff:127.0.0.1 - - [03/Sep/2026 16:15:36] "GET /docs/assets/js/vendor/simple-statistics.min.js HTTP/1.1" 200 -
[WebServer] ::ffff:127.0.0.1 - - [03/Sep/2026 16:15:36] "GET /docs/assets/js/vendor/driver.min.js HTTP/1.1" 200 -
[WebServer] ::ffff:127.0.0.1 - - [03/Sep/2026 16:15:36] "GET /docs/assets/js/vendor/html2canvas.min.js HTTP/1.1" 200 -
[WebServer] ::ffff:127.0.0.1 - - [03/Sep/2026 16:15:36] "GET /docs/assets/js/vendor/jspdf.umd.min.js HTTP/1.1" 200 -
[WebServer] ::ffff:127.0.0.1 - - [03/Sep/2026 16:15:36] "GET /docs/assets/js/geoportal-classification.js?v=0.10.49 HTTP/1.1" 200 -
[WebServer] ::ffff:127.0.0.1 - - [03/Sep/2026 16:15:36] "GET /docs/assets/js/geoportal-registry.js?v=0.10.49 HTTP/1.1" 200 -
[WebServer] ::ffff:127.0.0.1 - - [03/Sep/2026 16:15:36] "GET /docs/ HTTP/1.1" 200 -
[WebServer] ::ffff:127.0.0.1 - - [03/Sep/2026 16:15:36] "GET /docs/assets/js/geoportal-overlay-state.js?v=0.10.49 HTTP/1.1" 200 -
[WebServer] ::ffff:127.0.0.1 - - [03/Sep/2026 16:15:36] "GET /docs/assets/js/geoportal-ant-layer.js?v=0.10.49 HTTP/1.1" 200 -
[WebServer] ::ffff:127.0.0.1 - - [03/Sep/2026 16:15:36] "GET /docs/assets/js/geoportal-experience.js?v=0.10.49 HTTP/1.1" 200 -
[WebServer] ::ffff:127.0.0.1 - - [03/Sep/2026 16:15:36] "GET /docs/assets/js/geoportal-state.js?v=0.10.49 HTTP/1.1" 200 -
[WebServer] ::ffff:127.0.0.1 - - [03/Sep/2026 16:15:36] "GET /docs/assets/js/geoportal-territories.js?v=0.10.49 HTTP/1.1" 200 -
[WebServer] ::ffff:127.0.0.1 - - [03/Sep/2026 16:15:36] "GET /docs/assets/css/driver.css HTTP/1.1" 200 -
[WebServer] ::ffff:127.0.0.1 - - [03/Sep/2026 16:15:36] "GET /docs/assets/js/geoportal-panels.js?v=0.10.49 HTTP/1.1" 200 -
[WebServer] ::ffff:127.0.0.1 - - [03/Sep/2026 16:15:36] "GET /docs/assets/js/geoportal-institutional.js?v=0.10.49 HTTP/1.1" 200 -
[WebServer] ::ffff:127.0.0.1 - - [03/Sep/2026 16:15:36] "GET /docs/assets/js/geoportal-tour.js?v=0.10.49 HTTP/1.1" 200 -
[WebServer] ::ffff:127.0.0.1 - - [03/Sep/2026 16:15:36] "GET /docs/assets/js/geoportal-catalogo.js?v=0.10.49 HTTP/1.1" 200 -
[WebServer] ::ffff:127.0.0.1 - - [03/Sep/2026 16:15:36] "GET /docs/assets/js/geoportal-app.js?v=0.10.49 HTTP/1.1" 200 -
[WebServer] ::ffff:127.0.0.1 - - [03/Sep/2026 16:15:36] "GET /docs/assets/img/redsa-isotipo-oficial.png HTTP/1.1" 200 -
[WebServer] ::ffff:127.0.0.1 - - [03/Sep/2026 16:15:36] "GET /docs/assets/img/loader-ecuador-contorno.svg HTTP/1.1" 200 -
[WebServer] ::ffff:127.0.0.1 - - [03/Sep/2026 16:15:37] "GET /docs/assets/css/geoportal-core.css?v=0.10.49 HTTP/1.1" 200 -
[WebServer] ::ffff:127.0.0.1 - - [03/Sep/2026 16:15:37] "GET /docs/assets/img/loader-vias-principales.svg HTTP/1.1" 200 -
[WebServer] ::ffff:127.0.0.1 - - [03/Sep/2026 16:15:37] "GET /docs/assets/css/geoportal-experience.css?v=0.10.49 HTTP/1.1" 200 -
[WebServer] ::ffff:127.0.0.1 - - [03/Sep/2026 16:15:37] "GET /docs/assets/js/vendor/leaflet-heat.js HTTP/1.1" 200 -
[WebServer] ::ffff:127.0.0.1 - - [03/Sep/2026 16:15:37] "GET /docs/assets/css/geoportal-mobile.css?v=0.10.49 HTTP/1.1" 200 -
[WebServer] ::ffff:127.0.0.1 - - [03/Sep/2026 16:15:37] "GET /docs/assets/js/vendor/simple-statistics.min.js HTTP/1.1" 200 -
[WebServer] ::ffff:127.0.0.1 - - [03/Sep/2026 16:15:37] "GET /docs/assets/js/vendor/driver.min.js HTTP/1.1" 200 -
[WebServer] ::ffff:127.0.0.1 - - [03/Sep/2026 16:15:37] "GET /docs/assets/js/vendor/html2canvas.min.js HTTP/1.1" 200 -
[WebServer] ::ffff:127.0.0.1 - - [03/Sep/2026 16:15:37] "GET /docs/assets/js/vendor/jspdf.umd.min.js HTTP/1.1" 200 -
[WebServer] ::ffff:127.0.0.1 - - [03/Sep/2026 16:15:37] "GET /docs/assets/js/geoportal-classification.js?v=0.10.49 HTTP/1.1" 200 -
[WebServer] ::ffff:127.0.0.1 - - [03/Sep/2026 16:15:37] "GET /docs/assets/js/geoportal-registry.js?v=0.10.49 HTTP/1.1" 200 -
[WebServer] ::ffff:127.0.0.1 - - [03/Sep/2026 16:15:37] "GET /docs/assets/js/geoportal-overlay-state.js?v=0.10.49 HTTP/1.1" 200 -
[WebServer] ::ffff:127.0.0.1 - - [03/Sep/2026 16:15:37] "GET /docs/assets/js/geoportal-ant-layer.js?v=0.10.49 HTTP/1.1" 200 -
[WebServer] ::ffff:127.0.0.1 - - [03/Sep/2026 16:15:37] "GET /docs/assets/js/geoportal-experience.js?v=0.10.49 HTTP/1.1" 200 -
[WebServer] ::ffff:127.0.0.1 - - [03/Sep/2026 16:15:37] "GET /docs/assets/js/geoportal-state.js?v=0.10.49 HTTP/1.1" 200 -
[WebServer] ::ffff:127.0.0.1 - - [03/Sep/2026 16:15:37] "GET /docs/assets/js/geoportal-territories.js?v=0.10.49 HTTP/1.1" 200 -
[WebServer] ::ffff:127.0.0.1 - - [03/Sep/2026 16:15:37] "GET /docs/assets/js/geoportal-panels.js?v=0.10.49 HTTP/1.1" 200 -
[WebServer] ::ffff:127.0.0.1 - - [03/Sep/2026 16:15:37] "GET /docs/data/provincias_wgs84.geojson HTTP/1.1" 200 -
[WebServer] ::ffff:127.0.0.1 - - [03/Sep/2026 16:15:37] "GET /docs/assets/img/redsa-isotipo-oficial.png HTTP/1.1" 200 -
[WebServer] ::ffff:127.0.0.1 - - [03/Sep/2026 16:15:38] "GET /docs/assets/js/geoportal-institutional.js?v=0.10.49 HTTP/1.1" 200 -
[WebServer] ::ffff:127.0.0.1 - - [03/Sep/2026 16:15:38] "GET /docs/assets/js/geoportal-tour.js?v=0.10.49 HTTP/1.1" 200 -
[WebServer] ::ffff:127.0.0.1 - - [03/Sep/2026 16:15:38] "GET /docs/assets/js/geoportal-catalogo.js?v=0.10.49 HTTP/1.1" 200 -
[WebServer] ::ffff:127.0.0.1 - - [03/Sep/2026 16:15:38] "GET /docs/assets/js/geoportal-app.js?v=0.10.49 HTTP/1.1" 200 -
[WebServer] ::ffff:127.0.0.1 - - [03/Sep/2026 16:15:38] "GET /docs/data/cantones_indice.json HTTP/1.1" 200 -
[WebServer] ::ffff:127.0.0.1 - - [03/Sep/2026 16:15:38] "GET /docs/assets/img/loader-vias-principales.svg HTTP/1.1" 200 -
[WebServer] ::ffff:127.0.0.1 - - [03/Sep/2026 16:15:38] "GET /docs/assets/img/loader-ecuador-contorno.svg HTTP/1.1" 200 -
[WebServer] ::ffff:127.0.0.1 - - [03/Sep/2026 16:15:38] "GET /docs/data/provincias_wgs84.geojson HTTP/1.1" 200 -
[WebServer] ::ffff:127.0.0.1 - - [03/Sep/2026 16:15:39] "GET /docs/data/cantones_indice.json HTTP/1.1" 200 -
[WebServer] ::ffff:127.0.0.1 - - [03/Sep/2026 16:15:40] "GET /docs/data/parroquias_wgs84.geojson HTTP/1.1" 200 -
[WebServer] ::ffff:127.0.0.1 - - [03/Sep/2026 16:15:40] "GET /docs/ HTTP/1.1" 200 -
[WebServer] ::ffff:127.0.0.1 - - [03/Sep/2026 16:15:41] "GET /docs/assets/css/driver.css HTTP/1.1" 200 -
[WebServer] ::ffff:127.0.0.1 - - [03/Sep/2026 16:15:41] "GET /docs/assets/css/geoportal-core.css?v=0.10.49 HTTP/1.1" 200 -
[WebServer] ::ffff:127.0.0.1 - - [03/Sep/2026 16:15:41] "GET /docs/assets/css/geoportal-experience.css?v=0.10.49 HTTP/1.1" 200 -
[WebServer] ::ffff:127.0.0.1 - - [03/Sep/2026 16:15:41] "GET /docs/assets/css/geoportal-mobile.css?v=0.10.49 HTTP/1.1" 200 -
[WebServer] ::ffff:127.0.0.1 - - [03/Sep/2026 16:15:41] "GET /docs/assets/js/vendor/leaflet-heat.js HTTP/1.1" 200 -
[WebServer] ::ffff:127.0.0.1 - - [03/Sep/2026 16:15:41] "GET /docs/assets/js/vendor/simple-statistics.min.js HTTP/1.1" 200 -
[WebServer] ::ffff:127.0.0.1 - - [03/Sep/2026 16:15:41] "GET /docs/assets/js/vendor/driver.min.js HTTP/1.1" 200 -
[WebServer] ::ffff:127.0.0.1 - - [03/Sep/2026 16:15:41] "GET /docs/assets/js/vendor/html2canvas.min.js HTTP/1.1" 200 -
[WebServer] ::ffff:127.0.0.1 - - [03/Sep/2026 16:15:41] "GET /docs/assets/js/vendor/jspdf.umd.min.js HTTP/1.1" 200 -
[WebServer] ::ffff:127.0.0.1 - - [03/Sep/2026 16:15:41] "GET /docs/assets/js/geoportal-classification.js?v=0.10.49 HTTP/1.1" 200 -
[WebServer] ::ffff:127.0.0.1 - - [03/Sep/2026 16:15:41] "GET /docs/assets/js/geoportal-registry.js?v=0.10.49 HTTP/1.1" 200 -
[WebServer] ::ffff:127.0.0.1 - - [03/Sep/2026 16:15:41] "GET /docs/assets/js/geoportal-overlay-state.js?v=0.10.49 HTTP/1.1" 200 -
[WebServer] ::ffff:127.0.0.1 - - [03/Sep/2026 16:15:41] "GET /docs/assets/js/geoportal-ant-layer.js?v=0.10.49 HTTP/1.1" 200 -
[WebServer] ::ffff:127.0.0.1 - - [03/Sep/2026 16:15:41] "GET /docs/assets/js/geoportal-state.js?v=0.10.49 HTTP/1.1" 200 -
[WebServer] ::ffff:127.0.0.1 - - [03/Sep/2026 16:15:41] "GET /docs/assets/js/geoportal-experience.js?v=0.10.49 HTTP/1.1" 200 -
[WebServer] ::ffff:127.0.0.1 - - [03/Sep/2026 16:15:41] "GET /docs/assets/js/geoportal-territories.js?v=0.10.49 HTTP/1.1" 200 -
[WebServer] ::ffff:127.0.0.1 - - [03/Sep/2026 16:15:41] "GET /docs/assets/js/geoportal-panels.js?v=0.10.49 HTTP/1.1" 200 -
[WebServer] ::ffff:127.0.0.1 - - [03/Sep/2026 16:15:41] "GET /docs/assets/js/geoportal-tour.js?v=0.10.49 HTTP/1.1" 200 -
[WebServer] ::ffff:127.0.0.1 - - [03/Sep/2026 16:15:41] "GET /docs/assets/js/geoportal-catalogo.js?v=0.10.49 HTTP/1.1" 200 -
[WebServer] ::ffff:127.0.0.1 - - [03/Sep/2026 16:15:41] "GET /docs/assets/js/geoportal-institutional.js?v=0.10.49 HTTP/1.1" 200 -
[WebServer] ::ffff:127.0.0.1 - - [03/Sep/2026 16:15:41] "GET /docs/assets/js/geoportal-app.js?v=0.10.49 HTTP/1.1" 200 -
[WebServer] ::ffff:127.0.0.1 - - [03/Sep/2026 16:15:41] "GET /docs/assets/img/redsa-isotipo-oficial.png HTTP/1.1" 200 -
[WebServer] ::ffff:127.0.0.1 - - [03/Sep/2026 16:15:41] "GET /docs/assets/img/loader-ecuador-contorno.svg HTTP/1.1" 200 -
[WebServer] ::ffff:127.0.0.1 - - [03/Sep/2026 16:15:41] "GET /docs/assets/img/loader-vias-principales.svg HTTP/1.1" 200 -
[WebServer] ::ffff:127.0.0.1 - - [03/Sep/2026 16:15:42] "GET /docs/data/provincias_wgs84.geojson HTTP/1.1" 200 -
[WebServer] ::ffff:127.0.0.1 - - [03/Sep/2026 16:15:42] "GET /docs/data/cantones_indice.json HTTP/1.1" 200 -
[WebServer] ::ffff:127.0.0.1 - - [03/Sep/2026 16:15:43] "GET /docs/ HTTP/1.1" 200 -
[WebServer] ::ffff:127.0.0.1 - - [03/Sep/2026 16:15:43] "GET /docs/assets/css/driver.css HTTP/1.1" 200 -
[WebServer] ::ffff:127.0.0.1 - - [03/Sep/2026 16:15:43] "GET /docs/assets/css/geoportal-core.css?v=0.10.49 HTTP/1.1" 200 -
[WebServer] ::ffff:127.0.0.1 - - [03/Sep/2026 16:15:43] "GET /docs/assets/css/geoportal-experience.css?v=0.10.49 HTTP/1.1" 200 -
[WebServer] ::ffff:127.0.0.1 - - [03/Sep/2026 16:15:43] "GET /docs/assets/css/geoportal-mobile.css?v=0.10.49 HTTP/1.1" 200 -
[WebServer] ::ffff:127.0.0.1 - - [03/Sep/2026 16:15:43] "GET /docs/assets/js/vendor/leaflet-heat.js HTTP/1.1" 200 -
[WebServer] ::ffff:127.0.0.1 - - [03/Sep/2026 16:15:43] "GET /docs/assets/js/vendor/simple-statistics.min.js HTTP/1.1" 200 -
[WebServer] ::ffff:127.0.0.1 - - [03/Sep/2026 16:15:43] "GET /docs/assets/js/vendor/driver.min.js HTTP/1.1" 200 -
[WebServer] ::ffff:127.0.0.1 - - [03/Sep/2026 16:15:43] "GET /docs/assets/js/vendor/html2canvas.min.js HTTP/1.1" 200 -
[WebServer] ::ffff:127.0.0.1 - - [03/Sep/2026 16:15:43] "GET /docs/assets/js/vendor/jspdf.umd.min.js HTTP/1.1" 200 -
[WebServer] ::ffff:127.0.0.1 - - [03/Sep/2026 16:15:43] "GET /docs/assets/js/geoportal-classification.js?v=0.10.49 HTTP/1.1" 200 -
[WebServer] ::ffff:127.0.0.1 - - [03/Sep/2026 16:15:43] "GET /docs/assets/js/geoportal-registry.js?v=0.10.49 HTTP/1.1" 200 -
[WebServer] ::ffff:127.0.0.1 - - [03/Sep/2026 16:15:43] "GET /docs/assets/js/geoportal-ant-layer.js?v=0.10.49 HTTP/1.1" 200 -
[WebServer] ::ffff:127.0.0.1 - - [03/Sep/2026 16:15:43] "GET /docs/assets/js/geoportal-overlay-state.js?v=0.10.49 HTTP/1.1" 200 -
[WebServer] ::ffff:127.0.0.1 - - [03/Sep/2026 16:15:43] "GET /docs/assets/js/geoportal-experience.js?v=0.10.49 HTTP/1.1" 200 -
[WebServer] ::ffff:127.0.0.1 - - [03/Sep/2026 16:15:43] "GET /docs/assets/js/geoportal-state.js?v=0.10.49 HTTP/1.1" 200 -
[WebServer] ::ffff:127.0.0.1 - - [03/Sep/2026 16:15:44] "GET /docs/assets/js/geoportal-territories.js?v=0.10.49 HTTP/1.1" 200 -
[WebServer] ::ffff:127.0.0.1 - - [03/Sep/2026 16:15:44] "GET /docs/assets/img/redsa-isotipo-oficial.png HTTP/1.1" 200 -
[WebServer] ::ffff:127.0.0.1 - - [03/Sep/2026 16:15:44] "GET /docs/assets/js/geoportal-panels.js?v=0.10.49 HTTP/1.1" 200 -
[WebServer] ::ffff:127.0.0.1 - - [03/Sep/2026 16:15:44] "GET /docs/assets/js/geoportal-institutional.js?v=0.10.49 HTTP/1.1" 200 -
[WebServer] ::ffff:127.0.0.1 - - [03/Sep/2026 16:15:44] "GET /docs/assets/js/geoportal-tour.js?v=0.10.49 HTTP/1.1" 200 -
[WebServer] ::ffff:127.0.0.1 - - [03/Sep/2026 16:15:44] "GET /docs/assets/js/geoportal-catalogo.js?v=0.10.49 HTTP/1.1" 200 -
[WebServer] ::ffff:127.0.0.1 - - [03/Sep/2026 16:15:44] "GET /docs/assets/js/geoportal-app.js?v=0.10.49 HTTP/1.1" 200 -
[WebServer] ::ffff:127.0.0.1 - - [03/Sep/2026 16:15:44] "GET /docs/assets/img/loader-ecuador-contorno.svg HTTP/1.1" 200 -
[WebServer] ::ffff:127.0.0.1 - - [03/Sep/2026 16:15:44] "GET /docs/assets/img/loader-vias-principales.svg HTTP/1.1" 200 -
[WebServer] ::ffff:127.0.0.1 - - [03/Sep/2026 16:15:44] "GET /docs/data/catalogo_metadatos.json HTTP/1.1" 200 -
[WebServer] ::ffff:127.0.0.1 - - [03/Sep/2026 16:15:44] "GET /docs/data/cantones_indice.json HTTP/1.1" 200 -
[WebServer] ::ffff:127.0.0.1 - - [03/Sep/2026 16:15:45] "GET /docs/data/provincias_wgs84.geojson HTTP/1.1" 200 -
[WebServer] ::ffff:127.0.0.1 - - [03/Sep/2026 16:15:46] "GET /docs/ HTTP/1.1" 200 -
[WebServer] ::ffff:127.0.0.1 - - [03/Sep/2026 16:15:46] "GET /docs/assets/css/driver.css HTTP/1.1" 200 -
[WebServer] ::ffff:127.0.0.1 - - [03/Sep/2026 16:15:46] "GET /docs/assets/css/geoportal-core.css?v=0.10.49 HTTP/1.1" 200 -
[WebServer] ::ffff:127.0.0.1 - - [03/Sep/2026 16:15:46] "GET /docs/assets/css/geoportal-experience.css?v=0.10.49 HTTP/1.1" 200 -
[WebServer] ::ffff:127.0.0.1 - - [03/Sep/2026 16:15:46] "GET /docs/assets/css/geoportal-mobile.css?v=0.10.49 HTTP/1.1" 200 -
[WebServer] ::ffff:127.0.0.1 - - [03/Sep/2026 16:15:46] "GET /docs/assets/js/vendor/leaflet-heat.js HTTP/1.1" 200 -
[WebServer] ::ffff:127.0.0.1 - - [03/Sep/2026 16:15:46] "GET /docs/assets/js/vendor/simple-statistics.min.js HTTP/1.1" 200 -
[WebServer] ::ffff:127.0.0.1 - - [03/Sep/2026 16:15:46] "GET /docs/assets/js/vendor/driver.min.js HTTP/1.1" 200 -
[WebServer] ::ffff:127.0.0.1 - - [03/Sep/2026 16:15:46] "GET /docs/assets/js/vendor/html2canvas.min.js HTTP/1.1" 200 -
[WebServer] ::ffff:127.0.0.1 - - [03/Sep/2026 16:15:46] "GET /docs/assets/js/vendor/jspdf.umd.min.js HTTP/1.1" 200 -
[WebServer] ::ffff:127.0.0.1 - - [03/Sep/2026 16:15:46] "GET /docs/assets/js/geoportal-classification.js?v=0.10.49 HTTP/1.1" 200 -
[WebServer] ::ffff:127.0.0.1 - - [03/Sep/2026 16:15:46] "GET /docs/assets/js/geoportal-registry.js?v=0.10.49 HTTP/1.1" 200 -
[WebServer] ::ffff:127.0.0.1 - - [03/Sep/2026 16:15:46] "GET /docs/assets/js/geoportal-overlay-state.js?v=0.10.49 HTTP/1.1" 200 -
[WebServer] ::ffff:127.0.0.1 - - [03/Sep/2026 16:15:46] "GET /docs/assets/js/geoportal-ant-layer.js?v=0.10.49 HTTP/1.1" 200 -
[WebServer] ::ffff:127.0.0.1 - - [03/Sep/2026 16:15:46] "GET /docs/assets/js/geoportal-experience.js?v=0.10.49 HTTP/1.1" 200 -
[WebServer] ::ffff:127.0.0.1 - - [03/Sep/2026 16:15:46] "GET /docs/assets/js/geoportal-state.js?v=0.10.49 HTTP/1.1" 200 -
[WebServer] ::ffff:127.0.0.1 - - [03/Sep/2026 16:15:46] "GET /docs/assets/js/geoportal-territories.js?v=0.10.49 HTTP/1.1" 200 -
[WebServer] ::ffff:127.0.0.1 - - [03/Sep/2026 16:15:46] "GET /docs/assets/js/geoportal-panels.js?v=0.10.49 HTTP/1.1" 200 -
[WebServer] ::ffff:127.0.0.1 - - [03/Sep/2026 16:15:46] "GET /docs/assets/js/geoportal-app.js?v=0.10.49 HTTP/1.1" 200 -
[WebServer] ::ffff:127.0.0.1 - - [03/Sep/2026 16:15:46] "GET /docs/assets/js/geoportal-catalogo.js?v=0.10.49 HTTP/1.1" 200 -
[WebServer] ::ffff:127.0.0.1 - - [03/Sep/2026 16:15:46] "GET /docs/assets/js/geoportal-tour.js?v=0.10.49 HTTP/1.1" 200 -
[WebServer] ::ffff:127.0.0.1 - - [03/Sep/2026 16:15:46] "GET /docs/assets/js/geoportal-institutional.js?v=0.10.49 HTTP/1.1" 200 -
[WebServer] ::ffff:127.0.0.1 - - [03/Sep/2026 16:15:46] "GET /docs/assets/img/redsa-isotipo-oficial.png HTTP/1.1" 200 -
[WebServer] ::ffff:127.0.0.1 - - [03/Sep/2026 16:15:47] "GET /docs/assets/img/loader-ecuador-contorno.svg HTTP/1.1" 200 -
[WebServer] ::ffff:127.0.0.1 - - [03/Sep/2026 16:15:47] "GET /docs/assets/img/loader-vias-principales.svg HTTP/1.1" 200 -
[WebServer] ::ffff:127.0.0.1 - - [03/Sep/2026 16:15:47] "GET /docs/data/provincias_wgs84.geojson HTTP/1.1" 200 -
[WebServer] ::ffff:127.0.0.1 - - [03/Sep/2026 16:15:47] "GET /docs/data/cantones_indice.json HTTP/1.1" 200 -
[WebServer] ::ffff:127.0.0.1 - - [03/Sep/2026 16:15:47] "GET /docs/ HTTP/1.1" 200 -
[WebServer] ::ffff:127.0.0.1 - - [03/Sep/2026 16:15:47] "GET /docs/assets/css/driver.css HTTP/1.1" 200 -
[WebServer] ::ffff:127.0.0.1 - - [03/Sep/2026 16:15:47] "GET /docs/assets/css/geoportal-core.css?v=0.10.49 HTTP/1.1" 200 -
[WebServer] ::ffff:127.0.0.1 - - [03/Sep/2026 16:15:47] "GET /docs/assets/css/geoportal-experience.css?v=0.10.49 HTTP/1.1" 200 -
[WebServer] ::ffff:127.0.0.1 - - [03/Sep/2026 16:15:47] "GET /docs/assets/css/geoportal-mobile.css?v=0.10.49 HTTP/1.1" 200 -
[WebServer] ::ffff:127.0.0.1 - - [03/Sep/2026 16:15:47] "GET /docs/assets/js/vendor/leaflet-heat.js HTTP/1.1" 200 -
[WebServer] ::ffff:127.0.0.1 - - [03/Sep/2026 16:15:47] "GET /docs/assets/js/vendor/simple-statistics.min.js HTTP/1.1" 200 -
[WebServer] ::ffff:127.0.0.1 - - [03/Sep/2026 16:15:48] "GET /docs/assets/js/vendor/driver.min.js HTTP/1.1" 200 -
[WebServer] ::ffff:127.0.0.1 - - [03/Sep/2026 16:15:48] "GET /docs/assets/js/vendor/html2canvas.min.js HTTP/1.1" 200 -
[WebServer] ::ffff:127.0.0.1 - - [03/Sep/2026 16:15:48] "GET /docs/assets/js/vendor/jspdf.umd.min.js HTTP/1.1" 200 -
[WebServer] ::ffff:127.0.0.1 - - [03/Sep/2026 16:15:48] "GET /docs/assets/js/geoportal-classification.js?v=0.10.49 HTTP/1.1" 200 -
[WebServer] ::ffff:127.0.0.1 - - [03/Sep/2026 16:15:48] "GET /docs/assets/js/geoportal-registry.js?v=0.10.49 HTTP/1.1" 200 -
[WebServer] ::ffff:127.0.0.1 - - [03/Sep/2026 16:15:48] "GET /docs/assets/js/geoportal-overlay-state.js?v=0.10.49 HTTP/1.1" 200 -
[WebServer] ::ffff:127.0.0.1 - - [03/Sep/2026 16:15:48] "GET /docs/assets/js/geoportal-ant-layer.js?v=0.10.49 HTTP/1.1" 200 -
[WebServer] ::ffff:127.0.0.1 - - [03/Sep/2026 16:15:48] "GET /docs/assets/img/redsa-isotipo-oficial.png HTTP/1.1" 200 -
[WebServer] ::ffff:127.0.0.1 - - [03/Sep/2026 16:15:49] "GET /docs/assets/js/geoportal-experience.js?v=0.10.49 HTTP/1.1" 200 -
[WebServer] ::ffff:127.0.0.1 - - [03/Sep/2026 16:15:49] "GET /docs/assets/js/geoportal-state.js?v=0.10.49 HTTP/1.1" 200 -
[WebServer] ::ffff:127.0.0.1 - - [03/Sep/2026 16:15:49] "GET /docs/assets/js/geoportal-territories.js?v=0.10.49 HTTP/1.1" 200 -
[WebServer] ::ffff:127.0.0.1 - - [03/Sep/2026 16:15:49] "GET /docs/assets/js/geoportal-panels.js?v=0.10.49 HTTP/1.1" 200 -
[WebServer] ::ffff:127.0.0.1 - - [03/Sep/2026 16:15:49] "GET /docs/assets/js/geoportal-institutional.js?v=0.10.49 HTTP/1.1" 200 -
[WebServer] ::ffff:127.0.0.1 - - [03/Sep/2026 16:15:49] "GET /docs/assets/js/geoportal-tour.js?v=0.10.49 HTTP/1.1" 200 -
[WebServer] ::ffff:127.0.0.1 - - [03/Sep/2026 16:15:50] "GET /docs/assets/js/geoportal-catalogo.js?v=0.10.49 HTTP/1.1" 200 -
[WebServer] ::ffff:127.0.0.1 - - [03/Sep/2026 16:15:50] "GET /docs/assets/js/geoportal-app.js?v=0.10.49 HTTP/1.1" 200 -
[WebServer] ::ffff:127.0.0.1 - - [03/Sep/2026 16:15:50] "GET /docs/assets/img/loader-ecuador-contorno.svg HTTP/1.1" 200 -
[WebServer] ::ffff:127.0.0.1 - - [03/Sep/2026 16:15:50] "GET /docs/assets/img/loader-vias-principales.svg HTTP/1.1" 200 -
[WebServer] ::ffff:127.0.0.1 - - [03/Sep/2026 16:15:50] "GET /docs/data/provincias_wgs84.geojson HTTP/1.1" 200 -
[WebServer] ::ffff:127.0.0.1 - - [03/Sep/2026 16:15:50] "GET /docs/data/cantones_indice.json HTTP/1.1" 200 -
[WebServer] ::ffff:127.0.0.1 - - [03/Sep/2026 16:15:52] "GET /docs/data/cantones_wgs84.geojson HTTP/1.1" 200 -
[WebServer] ::ffff:127.0.0.1 - - [03/Sep/2026 16:15:52] "GET /docs/data/hotspots_cantonales.json HTTP/1.1" 200 -
[WebServer] ::ffff:127.0.0.1 - - [03/Sep/2026 16:15:52] "GET /docs/ HTTP/1.1" 200 -
[WebServer] ::ffff:127.0.0.1 - - [03/Sep/2026 16:15:52] "GET /docs/assets/css/driver.css HTTP/1.1" 200 -
[WebServer] ::ffff:127.0.0.1 - - [03/Sep/2026 16:15:52] "GET /docs/assets/css/geoportal-core.css?v=0.10.49 HTTP/1.1" 200 -
[WebServer] ::ffff:127.0.0.1 - - [03/Sep/2026 16:15:52] "GET /docs/assets/css/geoportal-experience.css?v=0.10.49 HTTP/1.1" 200 -
[WebServer] ::ffff:127.0.0.1 - - [03/Sep/2026 16:15:52] "GET /docs/assets/css/geoportal-mobile.css?v=0.10.49 HTTP/1.1" 200 -
[WebServer] ::ffff:127.0.0.1 - - [03/Sep/2026 16:15:52] "GET /docs/assets/js/vendor/leaflet-heat.js HTTP/1.1" 200 -
[WebServer] ::ffff:127.0.0.1 - - [03/Sep/2026 16:15:52] "GET /docs/assets/js/vendor/simple-statistics.min.js HTTP/1.1" 200 -
[WebServer] ::ffff:127.0.0.1 - - [03/Sep/2026 16:15:52] "GET /docs/assets/js/vendor/driver.min.js HTTP/1.1" 200 -
[WebServer] ::ffff:127.0.0.1 - - [03/Sep/2026 16:15:52] "GET /docs/assets/js/vendor/html2canvas.min.js HTTP/1.1" 200 -
[WebServer] ::ffff:127.0.0.1 - - [03/Sep/2026 16:15:52] "GET /docs/assets/js/vendor/jspdf.umd.min.js HTTP/1.1" 200 -
[WebServer] ::ffff:127.0.0.1 - - [03/Sep/2026 16:15:52] "GET /docs/assets/js/geoportal-classification.js?v=0.10.49 HTTP/1.1" 200 -
[WebServer] ::ffff:127.0.0.1 - - [03/Sep/2026 16:15:52] "GET /docs/assets/js/geoportal-registry.js?v=0.10.49 HTTP/1.1" 200 -
[WebServer] ::ffff:127.0.0.1 - - [03/Sep/2026 16:15:52] "GET /docs/assets/js/geoportal-overlay-state.js?v=0.10.49 HTTP/1.1" 200 -
[WebServer] ::ffff:127.0.0.1 - - [03/Sep/2026 16:15:52] "GET /docs/assets/js/geoportal-ant-layer.js?v=0.10.49 HTTP/1.1" 200 -
[WebServer] ::ffff:127.0.0.1 - - [03/Sep/2026 16:15:52] "GET /docs/assets/js/geoportal-experience.js?v=0.10.49 HTTP/1.1" 200 -
[WebServer] ::ffff:127.0.0.1 - - [03/Sep/2026 16:15:52] "GET /docs/assets/js/geoportal-state.js?v=0.10.49 HTTP/1.1" 200 -
[WebServer] ::ffff:127.0.0.1 - - [03/Sep/2026 16:15:52] "GET /docs/assets/js/geoportal-territories.js?v=0.10.49 HTTP/1.1" 200 -
[WebServer] ::ffff:127.0.0.1 - - [03/Sep/2026 16:15:52] "GET /docs/assets/js/geoportal-panels.js?v=0.10.49 HTTP/1.1" 200 -
[WebServer] ::ffff:127.0.0.1 - - [03/Sep/2026 16:15:52] "GET /docs/assets/js/geoportal-institutional.js?v=0.10.49 HTTP/1.1" 200 -
[WebServer] ::ffff:127.0.0.1 - - [03/Sep/2026 16:15:52] "GET /docs/assets/js/geoportal-tour.js?v=0.10.49 HTTP/1.1" 200 -
[WebServer] ::ffff:127.0.0.1 - - [03/Sep/2026 16:15:52] "GET /docs/assets/js/geoportal-catalogo.js?v=0.10.49 HTTP/1.1" 200 -
[WebServer] ::ffff:127.0.0.1 - - [03/Sep/2026 16:15:52] "GET /docs/assets/js/geoportal-app.js?v=0.10.49 HTTP/1.1" 200 -
[WebServer] ::ffff:127.0.0.1 - - [03/Sep/2026 16:15:52] "GET /docs/assets/img/redsa-isotipo-oficial.png HTTP/1.1" 200 -
[WebServer] ::ffff:127.0.0.1 - - [03/Sep/2026 16:15:52] "GET /docs/assets/img/loader-ecuador-contorno.svg HTTP/1.1" 200 -
[WebServer] ::ffff:127.0.0.1 - - [03/Sep/2026 16:15:52] "GET /docs/assets/img/loader-vias-principales.svg HTTP/1.1" 200 -
[WebServer] ::ffff:127.0.0.1 - - [03/Sep/2026 16:15:53] "GET /docs/data/cantones_indice.json HTTP/1.1" 200 -
[WebServer] ::ffff:127.0.0.1 - - [03/Sep/2026 16:15:53] "GET /docs/data/provincias_wgs84.geojson HTTP/1.1" 200 -
[WebServer] ::ffff:127.0.0.1 - - [03/Sep/2026 16:15:54] "GET /docs/data/parroquias_wgs84.geojson HTTP/1.1" 200 -
[WebServer] ::ffff:127.0.0.1 - - [03/Sep/2026 16:15:55] "GET /docs/ HTTP/1.1" 200 -
[WebServer] ::ffff:127.0.0.1 - - [03/Sep/2026 16:15:55] "GET /docs/assets/css/driver.css HTTP/1.1" 200 -
[WebServer] ::ffff:127.0.0.1 - - [03/Sep/2026 16:15:55] "GET /docs/assets/css/geoportal-core.css?v=0.10.49 HTTP/1.1" 200 -
[WebServer] ::ffff:127.0.0.1 - - [03/Sep/2026 16:15:55] "GET /docs/assets/css/geoportal-experience.css?v=0.10.49 HTTP/1.1" 200 -
[WebServer] ::ffff:127.0.0.1 - - [03/Sep/2026 16:15:55] "GET /docs/assets/css/geoportal-mobile.css?v=0.10.49 HTTP/1.1" 200 -
[WebServer] ::ffff:127.0.0.1 - - [03/Sep/2026 16:15:55] "GET /docs/assets/js/vendor/leaflet-heat.js HTTP/1.1" 200 -
[WebServer] ::ffff:127.0.0.1 - - [03/Sep/2026 16:15:55] "GET /docs/assets/js/vendor/simple-statistics.min.js HTTP/1.1" 200 -
[WebServer] ::ffff:127.0.0.1 - - [03/Sep/2026 16:15:55] "GET /docs/assets/js/vendor/driver.min.js HTTP/1.1" 200 -
[WebServer] ::ffff:127.0.0.1 - - [03/Sep/2026 16:15:55] "GET /docs/assets/js/vendor/html2canvas.min.js HTTP/1.1" 200 -
[WebServer] ::ffff:127.0.0.1 - - [03/Sep/2026 16:15:55] "GET /docs/assets/js/vendor/jspdf.umd.min.js HTTP/1.1" 200 -
[WebServer] ::ffff:127.0.0.1 - - [03/Sep/2026 16:15:55] "GET /docs/assets/js/geoportal-classification.js?v=0.10.49 HTTP/1.1" 200 -
[WebServer] ::ffff:127.0.0.1 - - [03/Sep/2026 16:15:55] "GET /docs/assets/js/geoportal-registry.js?v=0.10.49 HTTP/1.1" 200 -
[WebServer] ::ffff:127.0.0.1 - - [03/Sep/2026 16:15:55] "GET /docs/assets/js/geoportal-overlay-state.js?v=0.10.49 HTTP/1.1" 200 -
[WebServer] ::ffff:127.0.0.1 - - [03/Sep/2026 16:15:55] "GET /docs/assets/js/geoportal-ant-layer.js?v=0.10.49 HTTP/1.1" 200 -
[WebServer] ::ffff:127.0.0.1 - - [03/Sep/2026 16:15:55] "GET /docs/assets/js/geoportal-experience.js?v=0.10.49 HTTP/1.1" 200 -
[WebServer] ::ffff:127.0.0.1 - - [03/Sep/2026 16:15:55] "GET /docs/assets/js/geoportal-state.js?v=0.10.49 HTTP/1.1" 200 -
[WebServer] ::ffff:127.0.0.1 - - [03/Sep/2026 16:15:55] "GET /docs/assets/js/geoportal-territories.js?v=0.10.49 HTTP/1.1" 200 -
[WebServer] ::ffff:127.0.0.1 - - [03/Sep/2026 16:15:55] "GET /docs/assets/js/geoportal-panels.js?v=0.10.49 HTTP/1.1" 200 -
[WebServer] ::ffff:127.0.0.1 - - [03/Sep/2026 16:15:55] "GET /docs/assets/js/geoportal-institutional.js?v=0.10.49 HTTP/1.1" 200 -
[WebServer] ::ffff:127.0.0.1 - - [03/Sep/2026 16:15:55] "GET /docs/assets/js/geoportal-catalogo.js?v=0.10.49 HTTP/1.1" 200 -
[WebServer] ::ffff:127.0.0.1 - - [03/Sep/2026 16:15:55] "GET /docs/assets/js/geoportal-tour.js?v=0.10.49 HTTP/1.1" 200 -
[WebServer] ::ffff:127.0.0.1 - - [03/Sep/2026 16:15:55] "GET /docs/assets/js/geoportal-app.js?v=0.10.49 HTTP/1.1" 200 -
[WebServer] ::ffff:127.0.0.1 - - [03/Sep/2026 16:15:55] "GET /docs/assets/img/redsa-isotipo-oficial.png HTTP/1.1" 200 -
[WebServer] ::ffff:127.0.0.1 - - [03/Sep/2026 16:15:55] "GET /docs/assets/img/loader-ecuador-contorno.svg HTTP/1.1" 200 -
[WebServer] ::ffff:127.0.0.1 - - [03/Sep/2026 16:15:55] "GET /docs/assets/img/loader-vias-principales.svg HTTP/1.1" 200 -
[WebServer] ::ffff:127.0.0.1 - - [03/Sep/2026 16:15:56] "GET /docs/data/provincias_wgs84.geojson HTTP/1.1" 200 -
[WebServer] ::ffff:127.0.0.1 - - [03/Sep/2026 16:15:56] "GET /docs/data/cantones_indice.json HTTP/1.1" 200 -
[WebServer] ::ffff:127.0.0.1 - - [03/Sep/2026 16:15:59] "GET /docs/data/hotspots_cantonales.json HTTP/1.1" 200 -
[WebServer] ::ffff:127.0.0.1 - - [03/Sep/2026 16:15:59] "GET /docs/data/cantones_wgs84.geojson HTTP/1.1" 200 -
[WebServer] ::ffff:127.0.0.1 - - [03/Sep/2026 16:16:02] "GET /docs/data/parroquias_wgs84.geojson HTTP/1.1" 200 -
[WebServer] ::ffff:127.0.0.1 - - [03/Sep/2026 16:16:06] "GET /docs/ HTTP/1.1" 200 -
[WebServer] ::ffff:127.0.0.1 - - [03/Sep/2026 16:16:07] "GET /docs/assets/css/geoportal-core.css?v=0.10.49 HTTP/1.1" 200 -
[WebServer] ::ffff:127.0.0.1 - - [03/Sep/2026 16:16:07] "GET /docs/assets/css/driver.css HTTP/1.1" 200 -
[WebServer] ::ffff:127.0.0.1 - - [03/Sep/2026 16:16:07] "GET /docs/assets/css/geoportal-experience.css?v=0.10.49 HTTP/1.1" 200 -
[WebServer] ::ffff:127.0.0.1 - - [03/Sep/2026 16:16:07] "GET /docs/assets/css/geoportal-mobile.css?v=0.10.49 HTTP/1.1" 200 -
[WebServer] ::ffff:127.0.0.1 - - [03/Sep/2026 16:16:07] "GET /docs/assets/js/vendor/leaflet-heat.js HTTP/1.1" 200 -
[WebServer] ::ffff:127.0.0.1 - - [03/Sep/2026 16:16:07] "GET /docs/assets/js/vendor/simple-statistics.min.js HTTP/1.1" 200 -
[WebServer] ::ffff:127.0.0.1 - - [03/Sep/2026 16:16:07] "GET /docs/assets/js/vendor/driver.min.js HTTP/1.1" 200 -
[WebServer] ::ffff:127.0.0.1 - - [03/Sep/2026 16:16:07] "GET /docs/assets/js/vendor/html2canvas.min.js HTTP/1.1" 200 -
[WebServer] ::ffff:127.0.0.1 - - [03/Sep/2026 16:16:07] "GET /docs/assets/js/vendor/jspdf.umd.min.js HTTP/1.1" 200 -
[WebServer] ::ffff:127.0.0.1 - - [03/Sep/2026 16:16:07] "GET /docs/assets/js/geoportal-classification.js?v=0.10.49 HTTP/1.1" 200 -
[WebServer] ::ffff:127.0.0.1 - - [03/Sep/2026 16:16:07] "GET /docs/assets/js/geoportal-registry.js?v=0.10.49 HTTP/1.1" 200 -
[WebServer] ::ffff:127.0.0.1 - - [03/Sep/2026 16:16:07] "GET /docs/assets/js/geoportal-overlay-state.js?v=0.10.49 HTTP/1.1" 200 -
[WebServer] ::ffff:127.0.0.1 - - [03/Sep/2026 16:16:07] "GET /docs/assets/js/geoportal-ant-layer.js?v=0.10.49 HTTP/1.1" 200 -
[WebServer] ::ffff:127.0.0.1 - - [03/Sep/2026 16:16:07] "GET /docs/assets/js/geoportal-experience.js?v=0.10.49 HTTP/1.1" 200 -
[WebServer] ::ffff:127.0.0.1 - - [03/Sep/2026 16:16:07] "GET /docs/assets/js/geoportal-state.js?v=0.10.49 HTTP/1.1" 200 -
[WebServer] ::ffff:127.0.0.1 - - [03/Sep/2026 16:16:07] "GET /docs/assets/js/geoportal-territories.js?v=0.10.49 HTTP/1.1" 200 -
[WebServer] ::ffff:127.0.0.1 - - [03/Sep/2026 16:16:07] "GET /docs/assets/js/geoportal-panels.js?v=0.10.49 HTTP/1.1" 200 -
[WebServer] ::ffff:127.0.0.1 - - [03/Sep/2026 16:16:07] "GET /docs/assets/js/geoportal-institutional.js?v=0.10.49 HTTP/1.1" 200 -
[WebServer] ::ffff:127.0.0.1 - - [03/Sep/2026 16:16:07] "GET /docs/assets/js/geoportal-tour.js?v=0.10.49 HTTP/1.1" 200 -
[WebServer] ::ffff:127.0.0.1 - - [03/Sep/2026 16:16:07] "GET /docs/assets/js/geoportal-catalogo.js?v=0.10.49 HTTP/1.1" 200 -
[WebServer] ::ffff:127.0.0.1 - - [03/Sep/2026 16:16:07] "GET /docs/assets/img/redsa-isotipo-oficial.png HTTP/1.1" 200 -
[WebServer] ::ffff:127.0.0.1 - - [03/Sep/2026 16:16:07] "GET /docs/assets/img/loader-ecuador-contorno.svg HTTP/1.1" 200 -
[WebServer] ::ffff:127.0.0.1 - - [03/Sep/2026 16:16:07] "GET /docs/assets/js/geoportal-app.js?v=0.10.49 HTTP/1.1" 200 -
[WebServer] ::ffff:127.0.0.1 - - [03/Sep/2026 16:16:08] "GET /docs/assets/img/loader-vias-principales.svg HTTP/1.1" 200 -
[WebServer] ::ffff:127.0.0.1 - - [03/Sep/2026 16:16:08] "GET /docs/data/provincias_wgs84.geojson HTTP/1.1" 200 -
[WebServer] ::ffff:127.0.0.1 - - [03/Sep/2026 16:16:08] "GET /docs/data/cantones_indice.json HTTP/1.1" 200 -
[WebServer] ::ffff:127.0.0.1 - - [03/Sep/2026 16:16:10] "GET /docs/data/cantones_wgs84.geojson HTTP/1.1" 200 -
[WebServer] ::ffff:127.0.0.1 - - [03/Sep/2026 16:16:10] "GET /docs/data/hotspots_cantonales.json HTTP/1.1" 200 -
[WebServer] ::ffff:127.0.0.1 - - [03/Sep/2026 16:16:15] "GET /docs/ HTTP/1.1" 200 -
[WebServer] ::ffff:127.0.0.1 - - [03/Sep/2026 16:16:15] "GET /docs/assets/css/driver.css HTTP/1.1" 200 -
[WebServer] ::ffff:127.0.0.1 - - [03/Sep/2026 16:16:15] "GET /docs/assets/css/geoportal-core.css?v=0.10.49 HTTP/1.1" 200 -
[WebServer] ::ffff:127.0.0.1 - - [03/Sep/2026 16:16:15] "GET /docs/assets/css/geoportal-experience.css?v=0.10.49 HTTP/1.1" 200 -
[WebServer] ::ffff:127.0.0.1 - - [03/Sep/2026 16:16:15] "GET /docs/assets/css/geoportal-mobile.css?v=0.10.49 HTTP/1.1" 200 -
[WebServer] ::ffff:127.0.0.1 - - [03/Sep/2026 16:16:15] "GET /docs/assets/js/vendor/leaflet-heat.js HTTP/1.1" 200 -
[WebServer] ::ffff:127.0.0.1 - - [03/Sep/2026 16:16:15] "GET /docs/assets/js/vendor/simple-statistics.min.js HTTP/1.1" 200 -
[WebServer] ::ffff:127.0.0.1 - - [03/Sep/2026 16:16:15] "GET /docs/assets/js/vendor/driver.min.js HTTP/1.1" 200 -
[WebServer] ::ffff:127.0.0.1 - - [03/Sep/2026 16:16:15] "GET /docs/assets/js/vendor/html2canvas.min.js HTTP/1.1" 200 -
[WebServer] ::ffff:127.0.0.1 - - [03/Sep/2026 16:16:15] "GET /docs/assets/js/vendor/jspdf.umd.min.js HTTP/1.1" 200 -
[WebServer] ::ffff:127.0.0.1 - - [03/Sep/2026 16:16:15] "GET /docs/assets/js/geoportal-classification.js?v=0.10.49 HTTP/1.1" 200 -
[WebServer] ::ffff:127.0.0.1 - - [03/Sep/2026 16:16:15] "GET /docs/assets/js/geoportal-registry.js?v=0.10.49 HTTP/1.1" 200 -
[WebServer] ::ffff:127.0.0.1 - - [03/Sep/2026 16:16:15] "GET /docs/assets/js/geoportal-overlay-state.js?v=0.10.49 HTTP/1.1" 200 -
[WebServer] ::ffff:127.0.0.1 - - [03/Sep/2026 16:16:15] "GET /docs/assets/js/geoportal-ant-layer.js?v=0.10.49 HTTP/1.1" 200 -
[WebServer] ::ffff:127.0.0.1 - - [03/Sep/2026 16:16:15] "GET /docs/assets/js/geoportal-experience.js?v=0.10.49 HTTP/1.1" 200 -
[WebServer] ::ffff:127.0.0.1 - - [03/Sep/2026 16:16:15] "GET /docs/assets/js/geoportal-state.js?v=0.10.49 HTTP/1.1" 200 -
[WebServer] ::ffff:127.0.0.1 - - [03/Sep/2026 16:16:15] "GET /docs/assets/js/geoportal-territories.js?v=0.10.49 HTTP/1.1" 200 -
[WebServer] ::ffff:127.0.0.1 - - [03/Sep/2026 16:16:15] "GET /docs/assets/js/geoportal-panels.js?v=0.10.49 HTTP/1.1" 200 -
[WebServer] ::ffff:127.0.0.1 - - [03/Sep/2026 16:16:15] "GET /docs/assets/js/geoportal-institutional.js?v=0.10.49 HTTP/1.1" 200 -
[WebServer] ::ffff:127.0.0.1 - - [03/Sep/2026 16:16:15] "GET /docs/assets/js/geoportal-tour.js?v=0.10.49 HTTP/1.1" 200 -
[WebServer] ::ffff:127.0.0.1 - - [03/Sep/2026 16:16:15] "GET /docs/assets/js/geoportal-catalogo.js?v=0.10.49 HTTP/1.1" 200 -
[WebServer] ::ffff:127.0.0.1 - - [03/Sep/2026 16:16:15] "GET /docs/assets/js/geoportal-app.js?v=0.10.49 HTTP/1.1" 200 -
[WebServer] ::ffff:127.0.0.1 - - [03/Sep/2026 16:16:15] "GET /docs/assets/img/redsa-isotipo-oficial.png HTTP/1.1" 200 -
[WebServer] ::ffff:127.0.0.1 - - [03/Sep/2026 16:16:16] "GET /docs/assets/img/loader-ecuador-contorno.svg HTTP/1.1" 200 -
[WebServer] ::ffff:127.0.0.1 - - [03/Sep/2026 16:16:16] "GET /docs/assets/img/loader-vias-principales.svg HTTP/1.1" 200 -
[WebServer] ::ffff:127.0.0.1 - - [03/Sep/2026 16:16:16] "GET /docs/data/provincias_wgs84.geojson HTTP/1.1" 200 -
[WebServer] ::ffff:127.0.0.1 - - [03/Sep/2026 16:16:17] "GET /docs/data/cantones_indice.json HTTP/1.1" 200 -
[WebServer] ::ffff:127.0.0.1 - - [03/Sep/2026 16:16:19] "GET /docs/data/cantones_wgs84.geojson HTTP/1.1" 200 -
[WebServer] ::ffff:127.0.0.1 - - [03/Sep/2026 16:16:19] "GET /docs/data/hotspots_cantonales.json HTTP/1.1" 200 -
[WebServer] ::ffff:127.0.0.1 - - [03/Sep/2026 16:16:23] "GET /docs/ HTTP/1.1" 200 -
[WebServer] ::ffff:127.0.0.1 - - [03/Sep/2026 16:16:23] "GET /docs/assets/css/driver.css HTTP/1.1" 200 -
[WebServer] ::ffff:127.0.0.1 - - [03/Sep/2026 16:16:23] "GET /docs/assets/css/geoportal-core.css?v=0.10.49 HTTP/1.1" 200 -
[WebServer] ::ffff:127.0.0.1 - - [03/Sep/2026 16:16:24] "GET /docs/assets/css/geoportal-experience.css?v=0.10.49 HTTP/1.1" 200 -
[WebServer] ::ffff:127.0.0.1 - - [03/Sep/2026 16:16:24] "GET /docs/assets/css/geoportal-mobile.css?v=0.10.49 HTTP/1.1" 200 -
[WebServer] ::ffff:127.0.0.1 - - [03/Sep/2026 16:16:24] "GET /docs/assets/js/vendor/leaflet-heat.js HTTP/1.1" 200 -
[WebServer] ::ffff:127.0.0.1 - - [03/Sep/2026 16:16:24] "GET /docs/assets/js/vendor/simple-statistics.min.js HTTP/1.1" 200 -
[WebServer] ::ffff:127.0.0.1 - - [03/Sep/2026 16:16:24] "GET /docs/assets/js/vendor/driver.min.js HTTP/1.1" 200 -
[WebServer] ::ffff:127.0.0.1 - - [03/Sep/2026 16:16:24] "GET /docs/assets/js/vendor/html2canvas.min.js HTTP/1.1" 200 -
[WebServer] ::ffff:127.0.0.1 - - [03/Sep/2026 16:16:24] "GET /docs/assets/js/vendor/jspdf.umd.min.js HTTP/1.1" 200 -
[WebServer] ::ffff:127.0.0.1 - - [03/Sep/2026 16:16:24] "GET /docs/assets/js/geoportal-classification.js?v=0.10.49 HTTP/1.1" 200 -
[WebServer] ::ffff:127.0.0.1 - - [03/Sep/2026 16:16:25] "GET /docs/assets/js/geoportal-registry.js?v=0.10.49 HTTP/1.1" 200 -
[WebServer] ::ffff:127.0.0.1 - - [03/Sep/2026 16:16:25] "GET /docs/assets/js/geoportal-overlay-state.js?v=0.10.49 HTTP/1.1" 200 -
[WebServer] ::ffff:127.0.0.1 - - [03/Sep/2026 16:16:25] "GET /docs/assets/img/redsa-isotipo-oficial.png HTTP/1.1" 200 -
[WebServer] ::ffff:127.0.0.1 - - [03/Sep/2026 16:16:25] "GET /docs/assets/js/geoportal-ant-layer.js?v=0.10.49 HTTP/1.1" 200 -
[WebServer] ::ffff:127.0.0.1 - - [03/Sep/2026 16:16:25] "GET /docs/assets/js/geoportal-state.js?v=0.10.49 HTTP/1.1" 200 -
[WebServer] ::ffff:127.0.0.1 - - [03/Sep/2026 16:16:25] "GET /docs/assets/js/geoportal-experience.js?v=0.10.49 HTTP/1.1" 200 -
[WebServer] ::ffff:127.0.0.1 - - [03/Sep/2026 16:16:25] "GET /docs/assets/js/geoportal-territories.js?v=0.10.49 HTTP/1.1" 200 -
[WebServer] ::ffff:127.0.0.1 - - [03/Sep/2026 16:16:25] "GET /docs/assets/js/geoportal-panels.js?v=0.10.49 HTTP/1.1" 200 -
[WebServer] ::ffff:127.0.0.1 - - [03/Sep/2026 16:16:25] "GET /docs/assets/js/geoportal-tour.js?v=0.10.49 HTTP/1.1" 200 -
[WebServer] ::ffff:127.0.0.1 - - [03/Sep/2026 16:16:25] "GET /docs/assets/js/geoportal-institutional.js?v=0.10.49 HTTP/1.1" 200 -
[WebServer] ::ffff:127.0.0.1 - - [03/Sep/2026 16:16:25] "GET /docs/assets/js/geoportal-catalogo.js?v=0.10.49 HTTP/1.1" 200 -
[WebServer] ::ffff:127.0.0.1 - - [03/Sep/2026 16:16:26] "GET /docs/assets/js/geoportal-app.js?v=0.10.49 HTTP/1.1" 200 -
[WebServer] ::ffff:127.0.0.1 - - [03/Sep/2026 16:16:26] "GET /docs/assets/img/loader-ecuador-contorno.svg HTTP/1.1" 200 -
[WebServer] ::ffff:127.0.0.1 - - [03/Sep/2026 16:16:26] "GET /docs/data/provincias_wgs84.geojson HTTP/1.1" 200 -
[WebServer] ::ffff:127.0.0.1 - - [03/Sep/2026 16:16:26] "GET /docs/data/cantones_indice.json HTTP/1.1" 200 -
[WebServer] ::ffff:127.0.0.1 - - [03/Sep/2026 16:16:26] "GET /docs/assets/img/loader-vias-principales.svg HTTP/1.1" 200 -
[WebServer] ::ffff:127.0.0.1 - - [03/Sep/2026 16:16:28] "GET /docs/data/cantones_wgs84.geojson HTTP/1.1" 200 -
[WebServer] ::ffff:127.0.0.1 - - [03/Sep/2026 16:16:28] "GET /docs/data/hotspots_cantonales.json HTTP/1.1" 200 -
[WebServer] ::ffff:127.0.0.1 - - [03/Sep/2026 16:16:32] "GET /docs/ HTTP/1.1" 200 -
[WebServer] ::ffff:127.0.0.1 - - [03/Sep/2026 16:16:32] "GET /docs/assets/css/driver.css HTTP/1.1" 200 -
[WebServer] ::ffff:127.0.0.1 - - [03/Sep/2026 16:16:32] "GET /docs/assets/css/geoportal-core.css?v=0.10.49 HTTP/1.1" 200 -
[WebServer] ::ffff:127.0.0.1 - - [03/Sep/2026 16:16:32] "GET /docs/assets/css/geoportal-experience.css?v=0.10.49 HTTP/1.1" 200 -
[WebServer] ::ffff:127.0.0.1 - - [03/Sep/2026 16:16:32] "GET /docs/assets/css/geoportal-mobile.css?v=0.10.49 HTTP/1.1" 200 -
[WebServer] ::ffff:127.0.0.1 - - [03/Sep/2026 16:16:32] "GET /docs/assets/js/vendor/leaflet-heat.js HTTP/1.1" 200 -
[WebServer] ::ffff:127.0.0.1 - - [03/Sep/2026 16:16:32] "GET /docs/assets/js/vendor/simple-statistics.min.js HTTP/1.1" 200 -
[WebServer] ::ffff:127.0.0.1 - - [03/Sep/2026 16:16:32] "GET /docs/assets/js/vendor/driver.min.js HTTP/1.1" 200 -
[WebServer] ::ffff:127.0.0.1 - - [03/Sep/2026 16:16:32] "GET /docs/assets/js/vendor/html2canvas.min.js HTTP/1.1" 200 -
[WebServer] ::ffff:127.0.0.1 - - [03/Sep/2026 16:16:32] "GET /docs/assets/js/vendor/jspdf.umd.min.js HTTP/1.1" 200 -
[WebServer] ::ffff:127.0.0.1 - - [03/Sep/2026 16:16:32] "GET /docs/assets/js/geoportal-classification.js?v=0.10.49 HTTP/1.1" 200 -
[WebServer] ::ffff:127.0.0.1 - - [03/Sep/2026 16:16:32] "GET /docs/assets/js/geoportal-registry.js?v=0.10.49 HTTP/1.1" 200 -
[WebServer] ::ffff:127.0.0.1 - - [03/Sep/2026 16:16:32] "GET /docs/assets/js/geoportal-overlay-state.js?v=0.10.49 HTTP/1.1" 200 -
[WebServer] ::ffff:127.0.0.1 - - [03/Sep/2026 16:16:33] "GET /docs/assets/js/geoportal-ant-layer.js?v=0.10.49 HTTP/1.1" 200 -
[WebServer] ::ffff:127.0.0.1 - - [03/Sep/2026 16:16:33] "GET /docs/assets/js/geoportal-experience.js?v=0.10.49 HTTP/1.1" 200 -
[WebServer] ::ffff:127.0.0.1 - - [03/Sep/2026 16:16:33] "GET /docs/assets/js/geoportal-state.js?v=0.10.49 HTTP/1.1" 200 -
[WebServer] ::ffff:127.0.0.1 - - [03/Sep/2026 16:16:33] "GET /docs/assets/js/geoportal-territories.js?v=0.10.49 HTTP/1.1" 200 -
[WebServer] ::ffff:127.0.0.1 - - [03/Sep/2026 16:16:33] "GET /docs/assets/js/geoportal-panels.js?v=0.10.49 HTTP/1.1" 200 -
[WebServer] ::ffff:127.0.0.1 - - [03/Sep/2026 16:16:33] "GET /docs/assets/js/geoportal-tour.js?v=0.10.49 HTTP/1.1" 200 -
[WebServer] ::ffff:127.0.0.1 - - [03/Sep/2026 16:16:33] "GET /docs/assets/js/geoportal-catalogo.js?v=0.10.49 HTTP/1.1" 200 -
[WebServer] ::ffff:127.0.0.1 - - [03/Sep/2026 16:16:33] "GET /docs/assets/js/geoportal-institutional.js?v=0.10.49 HTTP/1.1" 200 -
[WebServer] ::ffff:127.0.0.1 - - [03/Sep/2026 16:16:33] "GET /docs/assets/js/geoportal-app.js?v=0.10.49 HTTP/1.1" 200 -
[WebServer] ::ffff:127.0.0.1 - - [03/Sep/2026 16:16:33] "GET /docs/assets/img/redsa-isotipo-oficial.png HTTP/1.1" 200 -
[WebServer] ::ffff:127.0.0.1 - - [03/Sep/2026 16:16:34] "GET /docs/assets/img/loader-ecuador-contorno.svg HTTP/1.1" 200 -
[WebServer] ::ffff:127.0.0.1 - - [03/Sep/2026 16:16:34] "GET /docs/assets/img/loader-vias-principales.svg HTTP/1.1" 200 -
[WebServer] ::ffff:127.0.0.1 - - [03/Sep/2026 16:16:34] "GET /docs/data/cantones_indice.json HTTP/1.1" 200 -
[WebServer] ::ffff:127.0.0.1 - - [03/Sep/2026 16:16:34] "GET /docs/data/provincias_wgs84.geojson HTTP/1.1" 200 -
[WebServer] ::ffff:127.0.0.1 - - [03/Sep/2026 16:16:36] "GET /docs/data/cantones_wgs84.geojson HTTP/1.1" 200 -
[WebServer] ::ffff:127.0.0.1 - - [03/Sep/2026 16:16:36] "GET /docs/data/hotspots_cantonales.json HTTP/1.1" 200 -
[WebServer] ::ffff:127.0.0.1 - - [03/Sep/2026 16:16:39] "GET /docs/data/parroquias_wgs84.geojson HTTP/1.1" 200 -
[WebServer] ::ffff:127.0.0.1 - - [03/Sep/2026 16:16:42] "GET /docs/ HTTP/1.1" 200 -
[WebServer] ::ffff:127.0.0.1 - - [03/Sep/2026 16:16:42] "GET /docs/assets/css/driver.css HTTP/1.1" 200 -
[WebServer] ::ffff:127.0.0.1 - - [03/Sep/2026 16:16:42] "GET /docs/assets/css/geoportal-core.css?v=0.10.49 HTTP/1.1" 200 -
[WebServer] ::ffff:127.0.0.1 - - [03/Sep/2026 16:16:43] "GET /docs/assets/css/geoportal-experience.css?v=0.10.49 HTTP/1.1" 200 -
[WebServer] ::ffff:127.0.0.1 - - [03/Sep/2026 16:16:43] "GET /docs/assets/css/geoportal-mobile.css?v=0.10.49 HTTP/1.1" 200 -
[WebServer] ::ffff:127.0.0.1 - - [03/Sep/2026 16:16:43] "GET /docs/assets/js/vendor/leaflet-heat.js HTTP/1.1" 200 -
[WebServer] ::ffff:127.0.0.1 - - [03/Sep/2026 16:16:43] "GET /docs/assets/js/vendor/simple-statistics.min.js HTTP/1.1" 200 -
[WebServer] ::ffff:127.0.0.1 - - [03/Sep/2026 16:16:43] "GET /docs/assets/js/vendor/driver.min.js HTTP/1.1" 200 -
[WebServer] ::ffff:127.0.0.1 - - [03/Sep/2026 16:16:43] "GET /docs/assets/js/geoportal-registry.js?v=0.10.49 HTTP/1.1" 200 -
[WebServer] ::ffff:127.0.0.1 - - [03/Sep/2026 16:16:43] "GET /docs/assets/js/geoportal-classification.js?v=0.10.49 HTTP/1.1" 200 -
[WebServer] ::ffff:127.0.0.1 - - [03/Sep/2026 16:16:43] "GET /docs/assets/js/vendor/jspdf.umd.min.js HTTP/1.1" 200 -
[WebServer] ::ffff:127.0.0.1 - - [03/Sep/2026 16:16:43] "GET /docs/assets/js/vendor/html2canvas.min.js HTTP/1.1" 200 -
[WebServer] ::ffff:127.0.0.1 - - [03/Sep/2026 16:16:43] "GET /docs/assets/js/geoportal-overlay-state.js?v=0.10.49 HTTP/1.1" 200 -
[WebServer] ::ffff:127.0.0.1 - - [03/Sep/2026 16:16:43] "GET /docs/assets/js/geoportal-ant-layer.js?v=0.10.49 HTTP/1.1" 200 -
[WebServer] ::ffff:127.0.0.1 - - [03/Sep/2026 16:16:43] "GET /docs/assets/js/geoportal-experience.js?v=0.10.49 HTTP/1.1" 200 -
[WebServer] ::ffff:127.0.0.1 - - [03/Sep/2026 16:16:43] "GET /docs/assets/js/geoportal-state.js?v=0.10.49 HTTP/1.1" 200 -
[WebServer] ::ffff:127.0.0.1 - - [03/Sep/2026 16:16:44] "GET /docs/assets/js/geoportal-territories.js?v=0.10.49 HTTP/1.1" 200 -
[WebServer] ::ffff:127.0.0.1 - - [03/Sep/2026 16:16:44] "GET /docs/assets/img/redsa-isotipo-oficial.png HTTP/1.1" 200 -
[WebServer] ::ffff:127.0.0.1 - - [03/Sep/2026 16:16:44] "GET /docs/assets/js/geoportal-panels.js?v=0.10.49 HTTP/1.1" 200 -
[WebServer] ::ffff:127.0.0.1 - - [03/Sep/2026 16:16:44] "GET /docs/assets/js/geoportal-institutional.js?v=0.10.49 HTTP/1.1" 200 -
[WebServer] ::ffff:127.0.0.1 - - [03/Sep/2026 16:16:45] "GET /docs/assets/js/geoportal-tour.js?v=0.10.49 HTTP/1.1" 200 -
[WebServer] ::ffff:127.0.0.1 - - [03/Sep/2026 16:16:45] "GET /docs/assets/js/geoportal-catalogo.js?v=0.10.49 HTTP/1.1" 200 -
[WebServer] ::ffff:127.0.0.1 - - [03/Sep/2026 16:16:45] "GET /docs/assets/js/geoportal-app.js?v=0.10.49 HTTP/1.1" 200 -
[WebServer] ::ffff:127.0.0.1 - - [03/Sep/2026 16:16:46] "GET /docs/assets/img/loader-ecuador-contorno.svg HTTP/1.1" 200 -
[WebServer] ::ffff:127.0.0.1 - - [03/Sep/2026 16:16:46] "GET /docs/assets/img/loader-vias-principales.svg HTTP/1.1" 200 -
[WebServer] ::ffff:127.0.0.1 - - [03/Sep/2026 16:16:47] "GET /docs/data/cantones_indice.json HTTP/1.1" 200 -
[WebServer] ::ffff:127.0.0.1 - - [03/Sep/2026 16:16:47] "GET /docs/data/provincias_wgs84.geojson HTTP/1.1" 200 -
[WebServer] ::ffff:127.0.0.1 - - [03/Sep/2026 16:16:50] "GET /docs/data/cantones_wgs84.geojson HTTP/1.1" 200 -
[WebServer] ::ffff:127.0.0.1 - - [03/Sep/2026 16:16:51] "GET /docs/data/hotspots_cantonales.json HTTP/1.1" 200 -
[WebServer] ::ffff:127.0.0.1 - - [03/Sep/2026 16:16:53] "GET /docs/data/parroquias_wgs84.geojson HTTP/1.1" 200 -
[WebServer] ::ffff:127.0.0.1 - - [03/Sep/2026 16:16:57] "GET /docs/ HTTP/1.1" 200 -
[WebServer] ::ffff:127.0.0.1 - - [03/Sep/2026 16:16:57] "GET /docs/assets/css/driver.css HTTP/1.1" 200 -
[WebServer] ::ffff:127.0.0.1 - - [03/Sep/2026 16:16:57] "GET /docs/assets/css/geoportal-core.css?v=0.10.49 HTTP/1.1" 200 -
[WebServer] ::ffff:127.0.0.1 - - [03/Sep/2026 16:16:57] "GET /docs/assets/css/geoportal-experience.css?v=0.10.49 HTTP/1.1" 200 -
[WebServer] ::ffff:127.0.0.1 - - [03/Sep/2026 16:16:57] "GET /docs/assets/css/geoportal-mobile.css?v=0.10.49 HTTP/1.1" 200 -
[WebServer] ::ffff:127.0.0.1 - - [03/Sep/2026 16:16:57] "GET /docs/assets/js/vendor/leaflet-heat.js HTTP/1.1" 200 -
[WebServer] ::ffff:127.0.0.1 - - [03/Sep/2026 16:16:57] "GET /docs/assets/js/vendor/simple-statistics.min.js HTTP/1.1" 200 -
[WebServer] ::ffff:127.0.0.1 - - [03/Sep/2026 16:16:57] "GET /docs/assets/js/vendor/driver.min.js HTTP/1.1" 200 -
[WebServer] ::ffff:127.0.0.1 - - [03/Sep/2026 16:16:57] "GET /docs/assets/js/vendor/html2canvas.min.js HTTP/1.1" 200 -
[WebServer] ::ffff:127.0.0.1 - - [03/Sep/2026 16:16:57] "GET /docs/assets/js/vendor/jspdf.umd.min.js HTTP/1.1" 200 -
[WebServer] ::ffff:127.0.0.1 - - [03/Sep/2026 16:16:57] "GET /docs/assets/js/geoportal-classification.js?v=0.10.49 HTTP/1.1" 200 -
[WebServer] ::ffff:127.0.0.1 - - [03/Sep/2026 16:16:57] "GET /docs/assets/js/geoportal-registry.js?v=0.10.49 HTTP/1.1" 200 -
[WebServer] ::ffff:127.0.0.1 - - [03/Sep/2026 16:16:57] "GET /docs/assets/js/geoportal-overlay-state.js?v=0.10.49 HTTP/1.1" 200 -
[WebServer] ::ffff:127.0.0.1 - - [03/Sep/2026 16:16:57] "GET /docs/assets/js/geoportal-ant-layer.js?v=0.10.49 HTTP/1.1" 200 -
[WebServer] ::ffff:127.0.0.1 - - [03/Sep/2026 16:16:57] "GET /docs/assets/js/geoportal-experience.js?v=0.10.49 HTTP/1.1" 200 -
[WebServer] ::ffff:127.0.0.1 - - [03/Sep/2026 16:16:57] "GET /docs/assets/js/geoportal-state.js?v=0.10.49 HTTP/1.1" 200 -
[WebServer] ::ffff:127.0.0.1 - - [03/Sep/2026 16:16:57] "GET /docs/assets/js/geoportal-territories.js?v=0.10.49 HTTP/1.1" 200 -
[WebServer] ::ffff:127.0.0.1 - - [03/Sep/2026 16:16:57] "GET /docs/assets/js/geoportal-panels.js?v=0.10.49 HTTP/1.1" 200 -
[WebServer] ::ffff:127.0.0.1 - - [03/Sep/2026 16:16:57] "GET /docs/assets/js/geoportal-institutional.js?v=0.10.49 HTTP/1.1" 200 -
[WebServer] ::ffff:127.0.0.1 - - [03/Sep/2026 16:16:57] "GET /docs/assets/js/geoportal-tour.js?v=0.10.49 HTTP/1.1" 200 -
[WebServer] ::ffff:127.0.0.1 - - [03/Sep/2026 16:16:57] "GET /docs/assets/js/geoportal-catalogo.js?v=0.10.49 HTTP/1.1" 200 -
[WebServer] ::ffff:127.0.0.1 - - [03/Sep/2026 16:16:57] "GET /docs/assets/js/geoportal-app.js?v=0.10.49 HTTP/1.1" 200 -
[WebServer] ::ffff:127.0.0.1 - - [03/Sep/2026 16:16:57] "GET /docs/assets/img/redsa-isotipo-oficial.png HTTP/1.1" 200 -
[WebServer] ::ffff:127.0.0.1 - - [03/Sep/2026 16:16:57] "GET /docs/assets/img/loader-ecuador-contorno.svg HTTP/1.1" 200 -
[WebServer] ::ffff:127.0.0.1 - - [03/Sep/2026 16:16:57] "GET /docs/assets/img/loader-vias-principales.svg HTTP/1.1" 200 -
[WebServer] ::ffff:127.0.0.1 - - [03/Sep/2026 16:16:58] "GET /docs/data/cantones_indice.json HTTP/1.1" 200 -
[WebServer] ::ffff:127.0.0.1 - - [03/Sep/2026 16:16:59] "GET /docs/data/provincias_wgs84.geojson HTTP/1.1" 200 -
[WebServer] ::ffff:127.0.0.1 - - [03/Sep/2026 16:17:01] "GET /docs/data/cantones_wgs84.geojson HTTP/1.1" 200 -
[WebServer] ::ffff:127.0.0.1 - - [03/Sep/2026 16:17:01] "GET /docs/data/hotspots_cantonales.json HTTP/1.1" 200 -
[WebServer] ::ffff:127.0.0.1 - - [03/Sep/2026 16:17:02] "GET /docs/ HTTP/1.1" 200 -
[WebServer] ::ffff:127.0.0.1 - - [03/Sep/2026 16:17:02] "GET /docs/assets/css/driver.css HTTP/1.1" 200 -
[WebServer] ::ffff:127.0.0.1 - - [03/Sep/2026 16:17:02] "GET /docs/assets/css/geoportal-core.css?v=0.10.49 HTTP/1.1" 200 -
[WebServer] ::ffff:127.0.0.1 - - [03/Sep/2026 16:17:02] "GET /docs/assets/css/geoportal-experience.css?v=0.10.49 HTTP/1.1" 200 -
[WebServer] ::ffff:127.0.0.1 - - [03/Sep/2026 16:17:02] "GET /docs/assets/css/geoportal-mobile.css?v=0.10.49 HTTP/1.1" 200 -
[WebServer] ::ffff:127.0.0.1 - - [03/Sep/2026 16:17:03] "GET /docs/assets/js/vendor/leaflet-heat.js HTTP/1.1" 200 -
[WebServer] ::ffff:127.0.0.1 - - [03/Sep/2026 16:17:03] "GET /docs/assets/js/vendor/simple-statistics.min.js HTTP/1.1" 200 -
[WebServer] ::ffff:127.0.0.1 - - [03/Sep/2026 16:17:03] "GET /docs/assets/js/vendor/driver.min.js HTTP/1.1" 200 -
[WebServer] ::ffff:127.0.0.1 - - [03/Sep/2026 16:17:04] "GET /docs/assets/js/vendor/html2canvas.min.js HTTP/1.1" 200 -
[WebServer] ::ffff:127.0.0.1 - - [03/Sep/2026 16:17:05] "GET /docs/assets/js/vendor/jspdf.umd.min.js HTTP/1.1" 200 -
[WebServer] ::ffff:127.0.0.1 - - [03/Sep/2026 16:17:05] "GET /docs/assets/js/geoportal-registry.js?v=0.10.49 HTTP/1.1" 200 -
[WebServer] ::ffff:127.0.0.1 - - [03/Sep/2026 16:17:05] "GET /docs/assets/js/geoportal-classification.js?v=0.10.49 HTTP/1.1" 200 -
[WebServer] ::ffff:127.0.0.1 - - [03/Sep/2026 16:17:06] "GET /docs/assets/js/geoportal-overlay-state.js?v=0.10.49 HTTP/1.1" 200 -
[WebServer] ::ffff:127.0.0.1 - - [03/Sep/2026 16:17:06] "GET /docs/assets/img/redsa-isotipo-oficial.png HTTP/1.1" 200 -
[WebServer] ::ffff:127.0.0.1 - - [03/Sep/2026 16:17:06] "GET /docs/assets/js/geoportal-ant-layer.js?v=0.10.49 HTTP/1.1" 200 -
[WebServer] ::ffff:127.0.0.1 - - [03/Sep/2026 16:17:06] "GET /docs/assets/js/geoportal-experience.js?v=0.10.49 HTTP/1.1" 200 -
[WebServer] ::ffff:127.0.0.1 - - [03/Sep/2026 16:17:07] "GET /docs/assets/js/geoportal-territories.js?v=0.10.49 HTTP/1.1" 200 -
[WebServer] ::ffff:127.0.0.1 - - [03/Sep/2026 16:17:07] "GET /docs/assets/js/geoportal-state.js?v=0.10.49 HTTP/1.1" 200 -
[WebServer] ::ffff:127.0.0.1 - - [03/Sep/2026 16:17:07] "GET /docs/assets/js/geoportal-panels.js?v=0.10.49 HTTP/1.1" 200 -
[WebServer] ::ffff:127.0.0.1 - - [03/Sep/2026 16:17:07] "GET /docs/assets/js/geoportal-institutional.js?v=0.10.49 HTTP/1.1" 200 -
[WebServer] ::ffff:127.0.0.1 - - [03/Sep/2026 16:17:07] "GET /docs/assets/js/geoportal-tour.js?v=0.10.49 HTTP/1.1" 200 -
[WebServer] ::ffff:127.0.0.1 - - [03/Sep/2026 16:17:08] "GET /docs/assets/js/geoportal-catalogo.js?v=0.10.49 HTTP/1.1" 200 -
[WebServer] ::ffff:127.0.0.1 - - [03/Sep/2026 16:17:08] "GET /docs/assets/js/geoportal-app.js?v=0.10.49 HTTP/1.1" 200 -
[WebServer] ::ffff:127.0.0.1 - - [03/Sep/2026 16:17:08] "GET /docs/assets/img/loader-ecuador-contorno.svg HTTP/1.1" 200 -
[WebServer] ::ffff:127.0.0.1 - - [03/Sep/2026 16:17:08] "GET /docs/assets/img/loader-vias-principales.svg HTTP/1.1" 200 -
[WebServer] ::ffff:127.0.0.1 - - [03/Sep/2026 16:17:08] "GET /docs/ HTTP/1.1" 200 -
[WebServer] ::ffff:127.0.0.1 - - [03/Sep/2026 16:17:09] "GET /docs/data/provincias_wgs84.geojson HTTP/1.1" 200 -
[WebServer] ::ffff:127.0.0.1 - - [03/Sep/2026 16:17:09] "GET /docs/data/cantones_indice.json HTTP/1.1" 200 -
[WebServer] ::ffff:127.0.0.1 - - [03/Sep/2026 16:17:09] "GET /docs/assets/css/driver.css HTTP/1.1" 200 -
[WebServer] ::ffff:127.0.0.1 - - [03/Sep/2026 16:17:10] "GET /docs/assets/css/geoportal-core.css?v=0.10.49 HTTP/1.1" 200 -
[WebServer] ::ffff:127.0.0.1 - - [03/Sep/2026 16:17:10] "GET /docs/assets/css/geoportal-experience.css?v=0.10.49 HTTP/1.1" 200 -
[WebServer] ::ffff:127.0.0.1 - - [03/Sep/2026 16:17:10] "GET /docs/assets/css/geoportal-mobile.css?v=0.10.49 HTTP/1.1" 200 -
[WebServer] ::ffff:127.0.0.1 - - [03/Sep/2026 16:17:10] "GET /docs/assets/js/vendor/leaflet-heat.js HTTP/1.1" 200 -
[WebServer] ::ffff:127.0.0.1 - - [03/Sep/2026 16:17:10] "GET /docs/assets/js/vendor/simple-statistics.min.js HTTP/1.1" 200 -
[WebServer] ::ffff:127.0.0.1 - - [03/Sep/2026 16:17:11] "GET /docs/assets/js/geoportal-classification.js?v=0.10.49 HTTP/1.1" 200 -
[WebServer] ::ffff:127.0.0.1 - - [03/Sep/2026 16:17:11] "GET /docs/assets/js/vendor/jspdf.umd.min.js HTTP/1.1" 200 -
[WebServer] ::ffff:127.0.0.1 - - [03/Sep/2026 16:17:11] "GET /docs/assets/js/vendor/html2canvas.min.js HTTP/1.1" 200 -
[WebServer] ::ffff:127.0.0.1 - - [03/Sep/2026 16:17:12] "GET /docs/assets/js/vendor/driver.min.js HTTP/1.1" 200 -
[WebServer] ::ffff:127.0.0.1 - - [03/Sep/2026 16:17:12] "GET /docs/assets/img/redsa-isotipo-oficial.png HTTP/1.1" 200 -
[WebServer] ::ffff:127.0.0.1 - - [03/Sep/2026 16:17:12] "GET /docs/assets/js/geoportal-registry.js?v=0.10.49 HTTP/1.1" 200 -
[WebServer] ::ffff:127.0.0.1 - - [03/Sep/2026 16:17:12] "GET /docs/assets/js/geoportal-overlay-state.js?v=0.10.49 HTTP/1.1" 200 -
[WebServer] ::ffff:127.0.0.1 - - [03/Sep/2026 16:17:12] "GET /docs/assets/js/geoportal-ant-layer.js?v=0.10.49 HTTP/1.1" 200 -
[WebServer] ::ffff:127.0.0.1 - - [03/Sep/2026 16:17:12] "GET /docs/assets/js/geoportal-experience.js?v=0.10.49 HTTP/1.1" 200 -
[WebServer] ::ffff:127.0.0.1 - - [03/Sep/2026 16:17:12] "GET /docs/assets/js/geoportal-state.js?v=0.10.49 HTTP/1.1" 200 -
[WebServer] ::ffff:127.0.0.1 - - [03/Sep/2026 16:17:12] "GET /docs/assets/js/geoportal-territories.js?v=0.10.49 HTTP/1.1" 200 -
[WebServer] ::ffff:127.0.0.1 - - [03/Sep/2026 16:17:13] "GET /docs/assets/js/geoportal-panels.js?v=0.10.49 HTTP/1.1" 200 -
[WebServer] ::ffff:127.0.0.1 - - [03/Sep/2026 16:17:13] "GET /docs/assets/js/geoportal-institutional.js?v=0.10.49 HTTP/1.1" 200 -
[WebServer] ::ffff:127.0.0.1 - - [03/Sep/2026 16:17:13] "GET /docs/assets/js/geoportal-tour.js?v=0.10.49 HTTP/1.1" 200 -
[WebServer] ::ffff:127.0.0.1 - - [03/Sep/2026 16:17:13] "GET /docs/assets/js/geoportal-catalogo.js?v=0.10.49 HTTP/1.1" 200 -
[WebServer] ::ffff:127.0.0.1 - - [03/Sep/2026 16:17:13] "GET /docs/assets/img/loader-ecuador-contorno.svg HTTP/1.1" 200 -
[WebServer] ::ffff:127.0.0.1 - - [03/Sep/2026 16:17:13] "GET /docs/assets/js/geoportal-app.js?v=0.10.49 HTTP/1.1" 200 -
[WebServer] ::ffff:127.0.0.1 - - [03/Sep/2026 16:17:13] "GET /docs/assets/img/loader-vias-principales.svg HTTP/1.1" 200 -
[WebServer] ::ffff:127.0.0.1 - - [03/Sep/2026 16:17:13] "GET /docs/data/provincias_wgs84.geojson HTTP/1.1" 200 -
[WebServer] ::ffff:127.0.0.1 - - [03/Sep/2026 16:17:13] "GET /docs/ HTTP/1.1" 200 -
[WebServer] ::ffff:127.0.0.1 - - [03/Sep/2026 16:17:13] "GET /docs/assets/css/driver.css HTTP/1.1" 200 -
[WebServer] ::ffff:127.0.0.1 - - [03/Sep/2026 16:17:13] "GET /docs/data/cantones_indice.json HTTP/1.1" 200 -
[WebServer] ::ffff:127.0.0.1 - - [03/Sep/2026 16:17:13] "GET /docs/assets/css/geoportal-core.css?v=0.10.49 HTTP/1.1" 200 -
[WebServer] ::ffff:127.0.0.1 - - [03/Sep/2026 16:17:13] "GET /docs/assets/css/geoportal-experience.css?v=0.10.49 HTTP/1.1" 200 -
[WebServer] ::ffff:127.0.0.1 - - [03/Sep/2026 16:17:13] "GET /docs/assets/css/geoportal-mobile.css?v=0.10.49 HTTP/1.1" 200 -
[WebServer] ::ffff:127.0.0.1 - - [03/Sep/2026 16:17:13] "GET /docs/assets/js/vendor/leaflet-heat.js HTTP/1.1" 200 -
[WebServer] ::ffff:127.0.0.1 - - [03/Sep/2026 16:17:14] "GET /docs/assets/js/vendor/simple-statistics.min.js HTTP/1.1" 200 -
[WebServer] ::ffff:127.0.0.1 - - [03/Sep/2026 16:17:14] "GET /docs/assets/js/vendor/driver.min.js HTTP/1.1" 200 -
[WebServer] ::ffff:127.0.0.1 - - [03/Sep/2026 16:17:14] "GET /docs/assets/js/vendor/html2canvas.min.js HTTP/1.1" 200 -
[WebServer] ::ffff:127.0.0.1 - - [03/Sep/2026 16:17:15] "GET /docs/assets/js/vendor/jspdf.umd.min.js HTTP/1.1" 200 -
[WebServer] ::ffff:127.0.0.1 - - [03/Sep/2026 16:17:15] "GET /docs/assets/js/geoportal-classification.js?v=0.10.49 HTTP/1.1" 200 -
[WebServer] ::ffff:127.0.0.1 - - [03/Sep/2026 16:17:15] "GET /docs/assets/js/geoportal-registry.js?v=0.10.49 HTTP/1.1" 200 -
[WebServer] ::ffff:127.0.0.1 - - [03/Sep/2026 16:17:15] "GET /docs/assets/js/geoportal-overlay-state.js?v=0.10.49 HTTP/1.1" 200 -
[WebServer] ::ffff:127.0.0.1 - - [03/Sep/2026 16:17:15] "GET /docs/assets/img/redsa-isotipo-oficial.png HTTP/1.1" 200 -
[WebServer] ::ffff:127.0.0.1 - - [03/Sep/2026 16:17:16] "GET /docs/assets/js/geoportal-ant-layer.js?v=0.10.49 HTTP/1.1" 200 -
[WebServer] ::ffff:127.0.0.1 - - [03/Sep/2026 16:17:16] "GET /docs/assets/js/geoportal-experience.js?v=0.10.49 HTTP/1.1" 200 -
[WebServer] ::ffff:127.0.0.1 - - [03/Sep/2026 16:17:16] "GET /docs/assets/js/geoportal-state.js?v=0.10.49 HTTP/1.1" 200 -
[WebServer] ::ffff:127.0.0.1 - - [03/Sep/2026 16:17:16] "GET /docs/assets/js/geoportal-territories.js?v=0.10.49 HTTP/1.1" 200 -
[WebServer] ::ffff:127.0.0.1 - - [03/Sep/2026 16:17:16] "GET /docs/assets/js/geoportal-panels.js?v=0.10.49 HTTP/1.1" 200 -
[WebServer] ::ffff:127.0.0.1 - - [03/Sep/2026 16:17:16] "GET /docs/assets/js/geoportal-institutional.js?v=0.10.49 HTTP/1.1" 200 -
[WebServer] ::ffff:127.0.0.1 - - [03/Sep/2026 16:17:16] "GET /docs/assets/js/geoportal-tour.js?v=0.10.49 HTTP/1.1" 200 -
[WebServer] ::ffff:127.0.0.1 - - [03/Sep/2026 16:17:16] "GET /docs/assets/img/loader-ecuador-contorno.svg HTTP/1.1" 200 -
[WebServer] ::ffff:127.0.0.1 - - [03/Sep/2026 16:17:16] "GET /docs/assets/js/geoportal-app.js?v=0.10.49 HTTP/1.1" 200 -
[WebServer] ::ffff:127.0.0.1 - - [03/Sep/2026 16:17:16] "GET /docs/assets/js/geoportal-catalogo.js?v=0.10.49 HTTP/1.1" 200 -
[WebServer] ::ffff:127.0.0.1 - - [03/Sep/2026 16:17:16] "GET /docs/assets/img/loader-vias-principales.svg HTTP/1.1" 200 -
[WebServer] ::ffff:127.0.0.1 - - [03/Sep/2026 16:17:16] "GET /docs/data/provincias_wgs84.geojson HTTP/1.1" 200 -
[WebServer] ::ffff:127.0.0.1 - - [03/Sep/2026 16:17:17] "GET /docs/data/cantones_indice.json HTTP/1.1" 200 -
[WebServer] ::ffff:127.0.0.1 - - [03/Sep/2026 16:17:17] "GET /docs/ HTTP/1.1" 200 -
[WebServer] ::ffff:127.0.0.1 - - [03/Sep/2026 16:17:17] "GET /docs/assets/css/driver.css HTTP/1.1" 200 -
[WebServer] ::ffff:127.0.0.1 - - [03/Sep/2026 16:17:17] "GET /docs/assets/css/geoportal-core.css?v=0.10.49 HTTP/1.1" 200 -
[WebServer] ::ffff:127.0.0.1 - - [03/Sep/2026 16:17:17] "GET /docs/assets/css/geoportal-experience.css?v=0.10.49 HTTP/1.1" 200 -
[WebServer] ::ffff:127.0.0.1 - - [03/Sep/2026 16:17:17] "GET /docs/assets/css/geoportal-mobile.css?v=0.10.49 HTTP/1.1" 200 -
[WebServer] ::ffff:127.0.0.1 - - [03/Sep/2026 16:17:17] "GET /docs/assets/js/vendor/leaflet-heat.js HTTP/1.1" 200 -
[WebServer] ::ffff:127.0.0.1 - - [03/Sep/2026 16:17:17] "GET /docs/assets/js/vendor/simple-statistics.min.js HTTP/1.1" 200 -
[WebServer] ::ffff:127.0.0.1 - - [03/Sep/2026 16:17:17] "GET /docs/assets/js/vendor/driver.min.js HTTP/1.1" 200 -
[WebServer] ::ffff:127.0.0.1 - - [03/Sep/2026 16:17:17] "GET /docs/assets/js/vendor/html2canvas.min.js HTTP/1.1" 200 -
[WebServer] ::ffff:127.0.0.1 - - [03/Sep/2026 16:17:18] "GET /docs/assets/js/vendor/jspdf.umd.min.js HTTP/1.1" 200 -
[WebServer] ::ffff:127.0.0.1 - - [03/Sep/2026 16:17:18] "GET /docs/assets/js/geoportal-classification.js?v=0.10.49 HTTP/1.1" 200 -
[WebServer] ::ffff:127.0.0.1 - - [03/Sep/2026 16:17:18] "GET /docs/assets/js/geoportal-registry.js?v=0.10.49 HTTP/1.1" 200 -
[WebServer] ::ffff:127.0.0.1 - - [03/Sep/2026 16:17:18] "GET /docs/assets/js/geoportal-ant-layer.js?v=0.10.49 HTTP/1.1" 200 -
[WebServer] ::ffff:127.0.0.1 - - [03/Sep/2026 16:17:18] "GET /docs/assets/js/geoportal-overlay-state.js?v=0.10.49 HTTP/1.1" 200 -
[WebServer] ::ffff:127.0.0.1 - - [03/Sep/2026 16:17:18] "GET /docs/assets/js/geoportal-experience.js?v=0.10.49 HTTP/1.1" 200 -
[WebServer] ::ffff:127.0.0.1 - - [03/Sep/2026 16:17:18] "GET /docs/assets/js/geoportal-state.js?v=0.10.49 HTTP/1.1" 200 -
[WebServer] ::ffff:127.0.0.1 - - [03/Sep/2026 16:17:18] "GET /docs/assets/js/geoportal-territories.js?v=0.10.49 HTTP/1.1" 200 -
[WebServer] ::ffff:127.0.0.1 - - [03/Sep/2026 16:17:18] "GET /docs/assets/js/geoportal-panels.js?v=0.10.49 HTTP/1.1" 200 -
[WebServer] ::ffff:127.0.0.1 - - [03/Sep/2026 16:17:18] "GET /docs/assets/img/redsa-isotipo-oficial.png HTTP/1.1" 200 -
[WebServer] ::ffff:127.0.0.1 - - [03/Sep/2026 16:17:18] "GET /docs/assets/js/geoportal-institutional.js?v=0.10.49 HTTP/1.1" 200 -
[WebServer] ::ffff:127.0.0.1 - - [03/Sep/2026 16:17:18] "GET /docs/assets/js/geoportal-tour.js?v=0.10.49 HTTP/1.1" 200 -
[WebServer] ::ffff:127.0.0.1 - - [03/Sep/2026 16:17:18] "GET /docs/assets/js/geoportal-catalogo.js?v=0.10.49 HTTP/1.1" 200 -
[WebServer] ::ffff:127.0.0.1 - - [03/Sep/2026 16:17:18] "GET /docs/assets/js/geoportal-app.js?v=0.10.49 HTTP/1.1" 200 -
[WebServer] ::ffff:127.0.0.1 - - [03/Sep/2026 16:17:19] "GET /docs/assets/img/loader-ecuador-contorno.svg HTTP/1.1" 200 -
[WebServer] ::ffff:127.0.0.1 - - [03/Sep/2026 16:17:19] "GET /docs/assets/img/loader-vias-principales.svg HTTP/1.1" 200 -
[WebServer] ::ffff:127.0.0.1 - - [03/Sep/2026 16:17:19] "GET /docs/data/provincias_wgs84.geojson HTTP/1.1" 200 -
[WebServer] ::ffff:127.0.0.1 - - [03/Sep/2026 16:17:19] "GET /docs/data/cantones_indice.json HTTP/1.1" 200 -
[WebServer] ::ffff:127.0.0.1 - - [03/Sep/2026 16:17:20] "GET /docs/index.html HTTP/1.1" 200 -
[WebServer] ::ffff:127.0.0.1 - - [03/Sep/2026 16:17:20] "GET /docs/assets/css/driver.css HTTP/1.1" 200 -
[WebServer] ::ffff:127.0.0.1 - - [03/Sep/2026 16:17:20] "GET /docs/assets/css/geoportal-core.css?v=0.10.49 HTTP/1.1" 200 -
[WebServer] ::ffff:127.0.0.1 - - [03/Sep/2026 16:17:20] "GET /docs/assets/css/geoportal-experience.css?v=0.10.49 HTTP/1.1" 200 -
[WebServer] ::ffff:127.0.0.1 - - [03/Sep/2026 16:17:20] "GET /docs/assets/css/geoportal-mobile.css?v=0.10.49 HTTP/1.1" 200 -
[WebServer] ::ffff:127.0.0.1 - - [03/Sep/2026 16:17:20] "GET /docs/assets/js/vendor/leaflet-heat.js HTTP/1.1" 200 -
[WebServer] ::ffff:127.0.0.1 - - [03/Sep/2026 16:17:20] "GET /docs/assets/js/vendor/simple-statistics.min.js HTTP/1.1" 200 -
[WebServer] ::ffff:127.0.0.1 - - [03/Sep/2026 16:17:20] "GET /docs/assets/js/vendor/driver.min.js HTTP/1.1" 200 -
[WebServer] ::ffff:127.0.0.1 - - [03/Sep/2026 16:17:20] "GET /docs/assets/js/vendor/html2canvas.min.js HTTP/1.1" 200 -
[WebServer] ::ffff:127.0.0.1 - - [03/Sep/2026 16:17:20] "GET /docs/assets/js/geoportal-classification.js?v=0.10.49 HTTP/1.1" 200 -
[WebServer] ::ffff:127.0.0.1 - - [03/Sep/2026 16:17:20] "GET /docs/assets/js/geoportal-registry.js?v=0.10.49 HTTP/1.1" 200 -
[WebServer] ::ffff:127.0.0.1 - - [03/Sep/2026 16:17:20] "GET /docs/assets/js/vendor/jspdf.umd.min.js HTTP/1.1" 200 -
[WebServer] ::ffff:127.0.0.1 - - [03/Sep/2026 16:17:21] "GET /docs/assets/js/geoportal-overlay-state.js?v=0.10.49 HTTP/1.1" 200 -
[WebServer] ::ffff:127.0.0.1 - - [03/Sep/2026 16:17:21] "GET /docs/assets/js/geoportal-experience.js?v=0.10.49 HTTP/1.1" 200 -
[WebServer] ::ffff:127.0.0.1 - - [03/Sep/2026 16:17:21] "GET /docs/assets/js/geoportal-ant-layer.js?v=0.10.49 HTTP/1.1" 200 -
[WebServer] ::ffff:127.0.0.1 - - [03/Sep/2026 16:17:21] "GET /docs/assets/js/geoportal-state.js?v=0.10.49 HTTP/1.1" 200 -
[WebServer] ::ffff:127.0.0.1 - - [03/Sep/2026 16:17:21] "GET /docs/assets/js/geoportal-territories.js?v=0.10.49 HTTP/1.1" 200 -
[WebServer] ::ffff:127.0.0.1 - - [03/Sep/2026 16:17:21] "GET /docs/assets/js/geoportal-panels.js?v=0.10.49 HTTP/1.1" 200 -
[WebServer] ::ffff:127.0.0.1 - - [03/Sep/2026 16:17:21] "GET /docs/assets/js/geoportal-institutional.js?v=0.10.49 HTTP/1.1" 200 -
[WebServer] ::ffff:127.0.0.1 - - [03/Sep/2026 16:17:21] "GET /docs/assets/js/geoportal-tour.js?v=0.10.49 HTTP/1.1" 200 -
[WebServer] ::ffff:127.0.0.1 - - [03/Sep/2026 16:17:21] "GET /docs/assets/js/geoportal-catalogo.js?v=0.10.49 HTTP/1.1" 200 -
[WebServer] ::ffff:127.0.0.1 - - [03/Sep/2026 16:17:21] "GET /docs/assets/js/geoportal-app.js?v=0.10.49 HTTP/1.1" 200 -
[WebServer] ::ffff:127.0.0.1 - - [03/Sep/2026 16:17:22] "GET /docs/assets/img/redsa-isotipo-oficial.png HTTP/1.1" 200 -
[WebServer] ::ffff:127.0.0.1 - - [03/Sep/2026 16:17:22] "GET /docs/assets/img/loader-ecuador-contorno.svg HTTP/1.1" 200 -
[WebServer] ::ffff:127.0.0.1 - - [03/Sep/2026 16:17:22] "GET /docs/assets/img/loader-vias-principales.svg HTTP/1.1" 200 -
[WebServer] ::ffff:127.0.0.1 - - [03/Sep/2026 16:17:23] "GET /docs/data/provincias_wgs84.geojson HTTP/1.1" 200 -
[WebServer] ::ffff:127.0.0.1 - - [03/Sep/2026 16:17:23] "GET /docs/data/cantones_indice.json HTTP/1.1" 200 -
[WebServer] ::ffff:127.0.0.1 - - [03/Sep/2026 16:17:24] "GET /docs/ HTTP/1.1" 200 -
[WebServer] ::ffff:127.0.0.1 - - [03/Sep/2026 16:17:24] "GET /docs/assets/css/driver.css HTTP/1.1" 200 -
[WebServer] ::ffff:127.0.0.1 - - [03/Sep/2026 16:17:24] "GET /docs/assets/css/geoportal-core.css?v=0.10.49 HTTP/1.1" 200 -
[WebServer] ::ffff:127.0.0.1 - - [03/Sep/2026 16:17:24] "GET /docs/assets/css/geoportal-experience.css?v=0.10.49 HTTP/1.1" 200 -
[WebServer] ::ffff:127.0.0.1 - - [03/Sep/2026 16:17:24] "GET /docs/assets/css/geoportal-mobile.css?v=0.10.49 HTTP/1.1" 200 -
[WebServer] ::ffff:127.0.0.1 - - [03/Sep/2026 16:17:24] "GET /docs/assets/js/vendor/leaflet-heat.js HTTP/1.1" 200 -
[WebServer] ::ffff:127.0.0.1 - - [03/Sep/2026 16:17:24] "GET /docs/assets/js/vendor/driver.min.js HTTP/1.1" 200 -
[WebServer] ::ffff:127.0.0.1 - - [03/Sep/2026 16:17:24] "GET /docs/assets/js/vendor/simple-statistics.min.js HTTP/1.1" 200 -
[WebServer] ::ffff:127.0.0.1 - - [03/Sep/2026 16:17:24] "GET /docs/assets/js/vendor/html2canvas.min.js HTTP/1.1" 200 -
[WebServer] ::ffff:127.0.0.1 - - [03/Sep/2026 16:17:24] "GET /docs/assets/js/vendor/jspdf.umd.min.js HTTP/1.1" 200 -
[WebServer] ::ffff:127.0.0.1 - - [03/Sep/2026 16:17:24] "GET /docs/assets/js/geoportal-registry.js?v=0.10.49 HTTP/1.1" 200 -
[WebServer] ::ffff:127.0.0.1 - - [03/Sep/2026 16:17:24] "GET /docs/assets/js/geoportal-overlay-state.js?v=0.10.49 HTTP/1.1" 200 -
[WebServer] ::ffff:127.0.0.1 - - [03/Sep/2026 16:17:25] "GET /docs/assets/js/geoportal-classification.js?v=0.10.49 HTTP/1.1" 200 -
[WebServer] ::ffff:127.0.0.1 - - [03/Sep/2026 16:17:25] "GET /docs/assets/js/geoportal-ant-layer.js?v=0.10.49 HTTP/1.1" 200 -
[WebServer] ::ffff:127.0.0.1 - - [03/Sep/2026 16:17:25] "GET /docs/assets/js/geoportal-experience.js?v=0.10.49 HTTP/1.1" 200 -
[WebServer] ::ffff:127.0.0.1 - - [03/Sep/2026 16:17:25] "GET /docs/assets/js/geoportal-state.js?v=0.10.49 HTTP/1.1" 200 -
[WebServer] ::ffff:127.0.0.1 - - [03/Sep/2026 16:17:25] "GET /docs/assets/img/redsa-isotipo-oficial.png HTTP/1.1" 200 -
[WebServer] ::ffff:127.0.0.1 - - [03/Sep/2026 16:17:25] "GET /docs/assets/js/geoportal-territories.js?v=0.10.49 HTTP/1.1" 200 -
[WebServer] ::ffff:127.0.0.1 - - [03/Sep/2026 16:17:25] "GET /docs/assets/js/geoportal-panels.js?v=0.10.49 HTTP/1.1" 200 -
[WebServer] ::ffff:127.0.0.1 - - [03/Sep/2026 16:17:25] "GET /docs/assets/js/geoportal-institutional.js?v=0.10.49 HTTP/1.1" 200 -
[WebServer] ::ffff:127.0.0.1 - - [03/Sep/2026 16:17:25] "GET /docs/assets/js/geoportal-tour.js?v=0.10.49 HTTP/1.1" 200 -
[WebServer] ::ffff:127.0.0.1 - - [03/Sep/2026 16:17:25] "GET /docs/assets/js/geoportal-catalogo.js?v=0.10.49 HTTP/1.1" 200 -
[WebServer] ::ffff:127.0.0.1 - - [03/Sep/2026 16:17:25] "GET /docs/assets/js/geoportal-app.js?v=0.10.49 HTTP/1.1" 200 -
[WebServer] ::ffff:127.0.0.1 - - [03/Sep/2026 16:17:25] "GET /docs/assets/img/loader-ecuador-contorno.svg HTTP/1.1" 200 -
[WebServer] ::ffff:127.0.0.1 - - [03/Sep/2026 16:17:25] "GET /docs/assets/img/loader-vias-principales.svg HTTP/1.1" 200 -
[WebServer] ::ffff:127.0.0.1 - - [03/Sep/2026 16:17:26] "GET /docs/index.html HTTP/1.1" 200 -
[WebServer] ::ffff:127.0.0.1 - - [03/Sep/2026 16:17:26] "GET /docs/data/provincias_wgs84.geojson HTTP/1.1" 200 -
[WebServer] ::ffff:127.0.0.1 - - [03/Sep/2026 16:17:26] "GET /docs/data/cantones_indice.json HTTP/1.1" 200 -
[WebServer] ::ffff:127.0.0.1 - - [03/Sep/2026 16:17:26] "GET /docs/assets/css/driver.css HTTP/1.1" 200 -
[WebServer] ::ffff:127.0.0.1 - - [03/Sep/2026 16:17:26] "GET /docs/assets/css/geoportal-core.css?v=0.10.49 HTTP/1.1" 200 -
[WebServer] ::ffff:127.0.0.1 - - [03/Sep/2026 16:17:26] "GET /docs/assets/css/geoportal-experience.css?v=0.10.49 HTTP/1.1" 200 -
[WebServer] ::ffff:127.0.0.1 - - [03/Sep/2026 16:17:26] "GET /docs/assets/css/geoportal-mobile.css?v=0.10.49 HTTP/1.1" 200 -
[WebServer] ::ffff:127.0.0.1 - - [03/Sep/2026 16:17:26] "GET /docs/assets/js/vendor/leaflet-heat.js HTTP/1.1" 200 -
[WebServer] ::ffff:127.0.0.1 - - [03/Sep/2026 16:17:27] "GET /docs/assets/js/vendor/simple-statistics.min.js HTTP/1.1" 200 -
[WebServer] ::ffff:127.0.0.1 - - [03/Sep/2026 16:17:27] "GET /docs/assets/js/vendor/driver.min.js HTTP/1.1" 200 -
[WebServer] ::ffff:127.0.0.1 - - [03/Sep/2026 16:17:27] "GET /docs/assets/js/vendor/html2canvas.min.js HTTP/1.1" 200 -
[WebServer] ::ffff:127.0.0.1 - - [03/Sep/2026 16:17:27] "GET /docs/assets/js/vendor/jspdf.umd.min.js HTTP/1.1" 200 -
[WebServer] ::ffff:127.0.0.1 - - [03/Sep/2026 16:17:27] "GET /docs/assets/js/geoportal-classification.js?v=0.10.49 HTTP/1.1" 200 -
[WebServer] ::ffff:127.0.0.1 - - [03/Sep/2026 16:17:27] "GET /docs/assets/js/geoportal-registry.js?v=0.10.49 HTTP/1.1" 200 -
[WebServer] ::ffff:127.0.0.1 - - [03/Sep/2026 16:17:28] "GET /docs/assets/js/geoportal-overlay-state.js?v=0.10.49 HTTP/1.1" 200 -
[WebServer] ::ffff:127.0.0.1 - - [03/Sep/2026 16:17:28] "GET /docs/assets/js/geoportal-ant-layer.js?v=0.10.49 HTTP/1.1" 200 -
[WebServer] ::ffff:127.0.0.1 - - [03/Sep/2026 16:17:28] "GET /docs/assets/img/redsa-isotipo-oficial.png HTTP/1.1" 200 -
[WebServer] ::ffff:127.0.0.1 - - [03/Sep/2026 16:17:28] "GET /docs/assets/js/geoportal-experience.js?v=0.10.49 HTTP/1.1" 200 -
[WebServer] ::ffff:127.0.0.1 - - [03/Sep/2026 16:17:28] "GET /docs/assets/js/geoportal-state.js?v=0.10.49 HTTP/1.1" 200 -
[WebServer] ::ffff:127.0.0.1 - - [03/Sep/2026 16:17:28] "GET /docs/assets/js/geoportal-territories.js?v=0.10.49 HTTP/1.1" 200 -
[WebServer] ::ffff:127.0.0.1 - - [03/Sep/2026 16:17:28] "GET /docs/assets/js/geoportal-panels.js?v=0.10.49 HTTP/1.1" 200 -
[WebServer] ::ffff:127.0.0.1 - - [03/Sep/2026 16:17:28] "GET /docs/data/parroquias_wgs84.geojson HTTP/1.1" 200 -
[WebServer] ::ffff:127.0.0.1 - - [03/Sep/2026 16:17:28] "GET /docs/assets/js/geoportal-institutional.js?v=0.10.49 HTTP/1.1" 200 -
[WebServer] ::ffff:127.0.0.1 - - [03/Sep/2026 16:17:28] "GET /docs/assets/js/geoportal-tour.js?v=0.10.49 HTTP/1.1" 200 -
[WebServer] ::ffff:127.0.0.1 - - [03/Sep/2026 16:17:29] "GET /docs/assets/js/geoportal-catalogo.js?v=0.10.49 HTTP/1.1" 200 -
[WebServer] ::ffff:127.0.0.1 - - [03/Sep/2026 16:17:29] "GET /docs/assets/img/loader-ecuador-contorno.svg HTTP/1.1" 200 -
[WebServer] ::ffff:127.0.0.1 - - [03/Sep/2026 16:17:29] "GET /docs/assets/js/geoportal-app.js?v=0.10.49 HTTP/1.1" 200 -
[WebServer] ::ffff:127.0.0.1 - - [03/Sep/2026 16:17:29] "GET /docs/assets/img/loader-vias-principales.svg HTTP/1.1" 200 -
[WebServer] ::ffff:127.0.0.1 - - [03/Sep/2026 16:17:29] "GET /docs/data/provincias_wgs84.geojson HTTP/1.1" 200 -
[WebServer] ::ffff:127.0.0.1 - - [03/Sep/2026 16:17:29] "GET /docs/data/cantones_indice.json HTTP/1.1" 200 -
[WebServer] ::ffff:127.0.0.1 - - [03/Sep/2026 16:17:31] "GET /docs/data/cantones_wgs84.geojson HTTP/1.1" 200 -
[WebServer] ::ffff:127.0.0.1 - - [03/Sep/2026 16:17:31] "GET /docs/data/hotspots_cantonales.json HTTP/1.1" 200 -
[WebServer] ::ffff:127.0.0.1 - - [03/Sep/2026 16:17:32] "GET /docs/assets/js/ant-layer-worker.js?v=0.10.49 HTTP/1.1" 200 -
[WebServer] ::ffff:127.0.0.1 - - [03/Sep/2026 16:17:32] "GET /docs/assets/js/vendor/supercluster.min.js HTTP/1.1" 200 -
[WebServer] ::ffff:127.0.0.1 - - [03/Sep/2026 16:17:32] "GET /docs/data/siniestros_ant_2025_heat.json?v=ant-public-2026-07-31-location-audit-v1 HTTP/1.1" 200 -
[WebServer] ::ffff:127.0.0.1 - - [03/Sep/2026 16:17:34] "GET /docs/data/cantones_wgs84.geojson HTTP/1.1" 200 -
[WebServer] ::ffff:127.0.0.1 - - [03/Sep/2026 16:17:34] "GET /docs/data/hotspots_cantonales.json HTTP/1.1" 200 -
[WebServer] ::ffff:127.0.0.1 - - [03/Sep/2026 16:17:35] "GET /docs/ HTTP/1.1" 200 -
[WebServer] ::ffff:127.0.0.1 - - [03/Sep/2026 16:17:35] "GET /docs/assets/css/driver.css HTTP/1.1" 200 -
[WebServer] ::ffff:127.0.0.1 - - [03/Sep/2026 16:17:35] "GET /docs/assets/css/geoportal-core.css?v=0.10.49 HTTP/1.1" 200 -
[WebServer] ::ffff:127.0.0.1 - - [03/Sep/2026 16:17:35] "GET /docs/assets/css/geoportal-experience.css?v=0.10.49 HTTP/1.1" 200 -
[WebServer] ::ffff:127.0.0.1 - - [03/Sep/2026 16:17:35] "GET /docs/assets/css/geoportal-mobile.css?v=0.10.49 HTTP/1.1" 200 -
[WebServer] ::ffff:127.0.0.1 - - [03/Sep/2026 16:17:35] "GET /docs/assets/js/vendor/leaflet-heat.js HTTP/1.1" 200 -
[WebServer] ::ffff:127.0.0.1 - - [03/Sep/2026 16:17:35] "GET /docs/assets/js/vendor/simple-statistics.min.js HTTP/1.1" 200 -
[WebServer] ::ffff:127.0.0.1 - - [03/Sep/2026 16:17:36] "GET /docs/assets/js/vendor/driver.min.js HTTP/1.1" 200 -
[WebServer] ::ffff:127.0.0.1 - - [03/Sep/2026 16:17:36] "GET /docs/data/parroquias_wgs84.geojson HTTP/1.1" 200 -
[WebServer] ::ffff:127.0.0.1 - - [03/Sep/2026 16:17:36] "GET /docs/assets/js/geoportal-ant-layer.js?v=0.10.49 HTTP/1.1" 200 -
[WebServer] ::ffff:127.0.0.1 - - [03/Sep/2026 16:17:37] "GET /docs/assets/js/geoportal-overlay-state.js?v=0.10.49 HTTP/1.1" 200 -
[WebServer] ::ffff:127.0.0.1 - - [03/Sep/2026 16:17:37] "GET /docs/assets/js/geoportal-registry.js?v=0.10.49 HTTP/1.1" 200 -
[WebServer] ::ffff:127.0.0.1 - - [03/Sep/2026 16:17:37] "GET /docs/assets/js/geoportal-classification.js?v=0.10.49 HTTP/1.1" 200 -
[WebServer] ::ffff:127.0.0.1 - - [03/Sep/2026 16:17:37] "GET /docs/assets/js/vendor/jspdf.umd.min.js HTTP/1.1" 200 -
[WebServer] ::ffff:127.0.0.1 - - [03/Sep/2026 16:17:37] "GET /docs/assets/js/vendor/html2canvas.min.js HTTP/1.1" 200 -
[WebServer] ::ffff:127.0.0.1 - - [03/Sep/2026 16:17:38] "GET /docs/assets/img/redsa-isotipo-oficial.png HTTP/1.1" 200 -
[WebServer] ::ffff:127.0.0.1 - - [03/Sep/2026 16:17:38] "GET /docs/assets/js/geoportal-experience.js?v=0.10.49 HTTP/1.1" 200 -
[WebServer] ::ffff:127.0.0.1 - - [03/Sep/2026 16:17:38] "GET /docs/assets/js/geoportal-state.js?v=0.10.49 HTTP/1.1" 200 -
[WebServer] ::ffff:127.0.0.1 - - [03/Sep/2026 16:17:38] "GET /docs/assets/js/geoportal-territories.js?v=0.10.49 HTTP/1.1" 200 -
[WebServer] ::ffff:127.0.0.1 - - [03/Sep/2026 16:17:38] "GET /docs/assets/js/geoportal-panels.js?v=0.10.49 HTTP/1.1" 200 -
[WebServer] ::ffff:127.0.0.1 - - [03/Sep/2026 16:17:38] "GET /docs/assets/js/geoportal-institutional.js?v=0.10.49 HTTP/1.1" 200 -
[WebServer] ::ffff:127.0.0.1 - - [03/Sep/2026 16:17:38] "GET /docs/assets/js/geoportal-tour.js?v=0.10.49 HTTP/1.1" 200 -
[WebServer] ::ffff:127.0.0.1 - - [03/Sep/2026 16:17:39] "GET /docs/assets/js/geoportal-catalogo.js?v=0.10.49 HTTP/1.1" 200 -
[WebServer] ::ffff:127.0.0.1 - - [03/Sep/2026 16:17:39] "GET /docs/assets/js/geoportal-app.js?v=0.10.49 HTTP/1.1" 200 -
[WebServer] ::ffff:127.0.0.1 - - [03/Sep/2026 16:17:39] "GET /docs/assets/img/loader-ecuador-contorno.svg HTTP/1.1" 200 -
[WebServer] ::ffff:127.0.0.1 - - [03/Sep/2026 16:17:40] "GET /docs/assets/img/loader-vias-principales.svg HTTP/1.1" 200 -
[WebServer] ::ffff:127.0.0.1 - - [03/Sep/2026 16:17:40] "GET /docs/data/cantones_indice.json HTTP/1.1" 200 -
[WebServer] ::ffff:127.0.0.1 - - [03/Sep/2026 16:17:40] "GET /docs/data/provincias_wgs84.geojson HTTP/1.1" 200 -
[WebServer] ::ffff:127.0.0.1 - - [03/Sep/2026 16:17:43] "GET /docs/data/hotspots_cantonales.json HTTP/1.1" 200 -
[WebServer] ::ffff:127.0.0.1 - - [03/Sep/2026 16:17:43] "GET /docs/data/cantones_wgs84.geojson HTTP/1.1" 200 -
[WebServer] ::ffff:127.0.0.1 - - [03/Sep/2026 16:17:52] "GET /docs/index.html HTTP/1.1" 200 -
[WebServer] ::ffff:127.0.0.1 - - [03/Sep/2026 16:17:52] "GET /docs/assets/css/driver.css HTTP/1.1" 200 -
[WebServer] ::ffff:127.0.0.1 - - [03/Sep/2026 16:17:52] "GET /docs/assets/css/geoportal-core.css?v=0.10.49 HTTP/1.1" 200 -
[WebServer] ::ffff:127.0.0.1 - - [03/Sep/2026 16:17:52] "GET /docs/assets/css/geoportal-experience.css?v=0.10.49 HTTP/1.1" 200 -
[WebServer] ::ffff:127.0.0.1 - - [03/Sep/2026 16:17:53] "GET /docs/assets/css/geoportal-mobile.css?v=0.10.49 HTTP/1.1" 200 -
[WebServer] ::ffff:127.0.0.1 - - [03/Sep/2026 16:17:53] "GET /docs/assets/js/vendor/leaflet-heat.js HTTP/1.1" 200 -
[WebServer] ::ffff:127.0.0.1 - - [03/Sep/2026 16:17:53] "GET /docs/assets/js/vendor/simple-statistics.min.js HTTP/1.1" 200 -
[WebServer] ::ffff:127.0.0.1 - - [03/Sep/2026 16:17:53] "GET /docs/assets/js/vendor/driver.min.js HTTP/1.1" 200 -
[WebServer] ::ffff:127.0.0.1 - - [03/Sep/2026 16:17:53] "GET /docs/assets/js/vendor/html2canvas.min.js HTTP/1.1" 200 -
[WebServer] ::ffff:127.0.0.1 - - [03/Sep/2026 16:17:54] "GET /docs/assets/js/vendor/jspdf.umd.min.js HTTP/1.1" 200 -
[WebServer] ::ffff:127.0.0.1 - - [03/Sep/2026 16:17:54] "GET /docs/assets/js/geoportal-classification.js?v=0.10.49 HTTP/1.1" 200 -
[WebServer] ::ffff:127.0.0.1 - - [03/Sep/2026 16:17:54] "GET /docs/assets/js/geoportal-registry.js?v=0.10.49 HTTP/1.1" 200 -
[WebServer] ::ffff:127.0.0.1 - - [03/Sep/2026 16:17:54] "GET /docs/assets/js/geoportal-overlay-state.js?v=0.10.49 HTTP/1.1" 200 -
[WebServer] ::ffff:127.0.0.1 - - [03/Sep/2026 16:17:54] "GET /docs/assets/img/redsa-isotipo-oficial.png HTTP/1.1" 200 -
[WebServer] ::ffff:127.0.0.1 - - [03/Sep/2026 16:17:54] "GET /docs/assets/js/geoportal-ant-layer.js?v=0.10.49 HTTP/1.1" 200 -
[WebServer] ::ffff:127.0.0.1 - - [03/Sep/2026 16:17:54] "GET /docs/assets/js/geoportal-experience.js?v=0.10.49 HTTP/1.1" 200 -
[WebServer] ::ffff:127.0.0.1 - - [03/Sep/2026 16:17:55] "GET /docs/assets/js/geoportal-state.js?v=0.10.49 HTTP/1.1" 200 -
[WebServer] ::ffff:127.0.0.1 - - [03/Sep/2026 16:17:55] "GET /docs/ HTTP/1.1" 200 -
[WebServer] ::ffff:127.0.0.1 - - [03/Sep/2026 16:17:55] "GET /docs/assets/js/geoportal-territories.js?v=0.10.49 HTTP/1.1" 200 -
[WebServer] ::ffff:127.0.0.1 - - [03/Sep/2026 16:17:55] "GET /docs/assets/js/geoportal-panels.js?v=0.10.49 HTTP/1.1" 200 -
[WebServer] ::ffff:127.0.0.1 - - [03/Sep/2026 16:17:56] "GET /docs/assets/js/geoportal-institutional.js?v=0.10.49 HTTP/1.1" 200 -
[WebServer] ::ffff:127.0.0.1 - - [03/Sep/2026 16:17:56] "GET /docs/assets/js/geoportal-tour.js?v=0.10.49 HTTP/1.1" 200 -
[WebServer] ::ffff:127.0.0.1 - - [03/Sep/2026 16:17:56] "GET /docs/assets/js/geoportal-catalogo.js?v=0.10.49 HTTP/1.1" 200 -
[WebServer] ::ffff:127.0.0.1 - - [03/Sep/2026 16:17:56] "GET /docs/assets/css/driver.css HTTP/1.1" 200 -
[WebServer] ::ffff:127.0.0.1 - - [03/Sep/2026 16:17:56] "GET /docs/assets/css/geoportal-core.css?v=0.10.49 HTTP/1.1" 200 -
[WebServer] ::ffff:127.0.0.1 - - [03/Sep/2026 16:17:56] "GET /docs/assets/css/geoportal-experience.css?v=0.10.49 HTTP/1.1" 200 -
[WebServer] ::ffff:127.0.0.1 - - [03/Sep/2026 16:17:56] "GET /docs/assets/js/geoportal-app.js?v=0.10.49 HTTP/1.1" 200 -
[WebServer] ::ffff:127.0.0.1 - - [03/Sep/2026 16:17:56] "GET /docs/assets/css/geoportal-mobile.css?v=0.10.49 HTTP/1.1" 200 -
[WebServer] ::ffff:127.0.0.1 - - [03/Sep/2026 16:17:57] "GET /docs/assets/js/vendor/leaflet-heat.js HTTP/1.1" 200 -
[WebServer] ::ffff:127.0.0.1 - - [03/Sep/2026 16:17:57] "GET /docs/assets/js/vendor/simple-statistics.min.js HTTP/1.1" 200 -
[WebServer] ::ffff:127.0.0.1 - - [03/Sep/2026 16:17:57] "GET /docs/data/provincias_wgs84.geojson HTTP/1.1" 200 -
[WebServer] ::ffff:127.0.0.1 - - [03/Sep/2026 16:17:57] "GET /docs/assets/img/loader-ecuador-contorno.svg HTTP/1.1" 200 -
[WebServer] ::ffff:127.0.0.1 - - [03/Sep/2026 16:17:57] "GET /docs/data/cantones_indice.json HTTP/1.1" 200 -
[WebServer] ::ffff:127.0.0.1 - - [03/Sep/2026 16:17:57] "GET /docs/assets/js/vendor/driver.min.js HTTP/1.1" 200 -
[WebServer] ::ffff:127.0.0.1 - - [03/Sep/2026 16:17:57] "GET /docs/assets/img/loader-vias-principales.svg HTTP/1.1" 200 -
[WebServer] ::ffff:127.0.0.1 - - [03/Sep/2026 16:17:58] "GET /docs/assets/img/redsa-isotipo-oficial.png HTTP/1.1" 200 -
[WebServer] ::ffff:127.0.0.1 - - [03/Sep/2026 16:17:58] "GET /docs/assets/js/vendor/jspdf.umd.min.js HTTP/1.1" 200 -
[WebServer] ::ffff:127.0.0.1 - - [03/Sep/2026 16:17:58] "GET /docs/assets/js/vendor/html2canvas.min.js HTTP/1.1" 200 -
[WebServer] ::ffff:127.0.0.1 - - [03/Sep/2026 16:17:59] "GET /docs/assets/js/geoportal-classification.js?v=0.10.49 HTTP/1.1" 200 -
[WebServer] ::ffff:127.0.0.1 - - [03/Sep/2026 16:17:59] "GET /docs/assets/js/geoportal-registry.js?v=0.10.49 HTTP/1.1" 200 -
[WebServer] ::ffff:127.0.0.1 - - [03/Sep/2026 16:17:59] "GET /docs/assets/js/geoportal-overlay-state.js?v=0.10.49 HTTP/1.1" 200 -
[WebServer] ::ffff:127.0.0.1 - - [03/Sep/2026 16:17:59] "GET /docs/assets/js/geoportal-ant-layer.js?v=0.10.49 HTTP/1.1" 200 -
[WebServer] ::ffff:127.0.0.1 - - [03/Sep/2026 16:18:00] "GET /docs/assets/js/geoportal-experience.js?v=0.10.49 HTTP/1.1" 200 -
[WebServer] ::ffff:127.0.0.1 - - [03/Sep/2026 16:18:00] "GET /docs/assets/js/geoportal-state.js?v=0.10.49 HTTP/1.1" 200 -
[WebServer] ::ffff:127.0.0.1 - - [03/Sep/2026 16:18:00] "GET /docs/assets/js/geoportal-territories.js?v=0.10.49 HTTP/1.1" 200 -
[WebServer] ::ffff:127.0.0.1 - - [03/Sep/2026 16:18:01] "GET /docs/assets/js/geoportal-panels.js?v=0.10.49 HTTP/1.1" 200 -
[WebServer] ::ffff:127.0.0.1 - - [03/Sep/2026 16:18:01] "GET /docs/assets/js/geoportal-institutional.js?v=0.10.49 HTTP/1.1" 200 -
[WebServer] ::ffff:127.0.0.1 - - [03/Sep/2026 16:18:01] "GET /docs/assets/js/geoportal-tour.js?v=0.10.49 HTTP/1.1" 200 -
[WebServer] ::ffff:127.0.0.1 - - [03/Sep/2026 16:18:01] "GET /docs/assets/js/geoportal-catalogo.js?v=0.10.49 HTTP/1.1" 200 -
[WebServer] ::ffff:127.0.0.1 - - [03/Sep/2026 16:18:01] "GET /docs/assets/js/geoportal-app.js?v=0.10.49 HTTP/1.1" 200 -
[WebServer] ::ffff:127.0.0.1 - - [03/Sep/2026 16:18:01] "GET /docs/assets/img/loader-ecuador-contorno.svg HTTP/1.1" 200 -
[WebServer] ::ffff:127.0.0.1 - - [03/Sep/2026 16:18:02] "GET /docs/assets/img/loader-vias-principales.svg HTTP/1.1" 200 -
[WebServer] ::ffff:127.0.0.1 - - [03/Sep/2026 16:18:02] "GET /docs/data/provincias_wgs84.geojson HTTP/1.1" 200 -
[WebServer] ::ffff:127.0.0.1 - - [03/Sep/2026 16:18:02] "GET /docs/data/cantones_indice.json HTTP/1.1" 200 -
[WebServer] ::ffff:127.0.0.1 - - [03/Sep/2026 16:18:02] "GET /docs/index.html HTTP/1.1" 200 -
[WebServer] ::ffff:127.0.0.1 - - [03/Sep/2026 16:18:02] "GET /docs/assets/css/driver.css HTTP/1.1" 200 -
[WebServer] ::ffff:127.0.0.1 - - [03/Sep/2026 16:18:03] "GET /docs/assets/css/geoportal-core.css?v=0.10.49 HTTP/1.1" 200 -
[WebServer] ::ffff:127.0.0.1 - - [03/Sep/2026 16:18:03] "GET /docs/assets/css/geoportal-experience.css?v=0.10.49 HTTP/1.1" 200 -
[WebServer] ::ffff:127.0.0.1 - - [03/Sep/2026 16:18:03] "GET /docs/assets/css/geoportal-mobile.css?v=0.10.49 HTTP/1.1" 200 -
[WebServer] ::ffff:127.0.0.1 - - [03/Sep/2026 16:18:03] "GET /docs/assets/js/vendor/leaflet-heat.js HTTP/1.1" 200 -
[WebServer] ::ffff:127.0.0.1 - - [03/Sep/2026 16:18:03] "GET /docs/assets/js/vendor/simple-statistics.min.js HTTP/1.1" 200 -
[WebServer] ::ffff:127.0.0.1 - - [03/Sep/2026 16:18:03] "GET /docs/assets/js/vendor/driver.min.js HTTP/1.1" 200 -
[WebServer] ::ffff:127.0.0.1 - - [03/Sep/2026 16:18:04] "GET /docs/assets/js/vendor/html2canvas.min.js HTTP/1.1" 200 -
[WebServer] ::ffff:127.0.0.1 - - [03/Sep/2026 16:18:04] "GET /docs/assets/js/vendor/jspdf.umd.min.js HTTP/1.1" 200 -
[WebServer] ::ffff:127.0.0.1 - - [03/Sep/2026 16:18:04] "GET /docs/assets/js/geoportal-classification.js?v=0.10.49 HTTP/1.1" 200 -
[WebServer] ::ffff:127.0.0.1 - - [03/Sep/2026 16:18:05] "GET /docs/assets/js/geoportal-registry.js?v=0.10.49 HTTP/1.1" 200 -
[WebServer] ::ffff:127.0.0.1 - - [03/Sep/2026 16:18:05] "GET /docs/assets/js/geoportal-overlay-state.js?v=0.10.49 HTTP/1.1" 200 -
[WebServer] ::ffff:127.0.0.1 - - [03/Sep/2026 16:18:05] "GET /docs/assets/img/redsa-isotipo-oficial.png HTTP/1.1" 200 -
[WebServer] ::ffff:127.0.0.1 - - [03/Sep/2026 16:18:05] "GET /docs/assets/js/geoportal-ant-layer.js?v=0.10.49 HTTP/1.1" 200 -
[WebServer] ::ffff:127.0.0.1 - - [03/Sep/2026 16:18:05] "GET /docs/data/cantones_wgs84.geojson HTTP/1.1" 200 -
[WebServer] ::ffff:127.0.0.1 - - [03/Sep/2026 16:18:05] "GET /docs/data/hotspots_cantonales.json HTTP/1.1" 200 -
[WebServer] ::ffff:127.0.0.1 - - [03/Sep/2026 16:18:05] "GET /docs/assets/js/geoportal-experience.js?v=0.10.49 HTTP/1.1" 200 -
[WebServer] ::ffff:127.0.0.1 - - [03/Sep/2026 16:18:05] "GET /docs/assets/js/geoportal-state.js?v=0.10.49 HTTP/1.1" 200 -
[WebServer] ::ffff:127.0.0.1 - - [03/Sep/2026 16:18:06] "GET /docs/assets/js/geoportal-territories.js?v=0.10.49 HTTP/1.1" 200 -
[WebServer] ::ffff:127.0.0.1 - - [03/Sep/2026 16:18:06] "GET /docs/assets/js/geoportal-panels.js?v=0.10.49 HTTP/1.1" 200 -
[WebServer] ::ffff:127.0.0.1 - - [03/Sep/2026 16:18:06] "GET /docs/assets/js/geoportal-institutional.js?v=0.10.49 HTTP/1.1" 200 -
[WebServer] ::ffff:127.0.0.1 - - [03/Sep/2026 16:18:06] "GET /docs/assets/js/geoportal-tour.js?v=0.10.49 HTTP/1.1" 200 -
[WebServer] ::ffff:127.0.0.1 - - [03/Sep/2026 16:18:06] "GET /docs/assets/js/geoportal-catalogo.js?v=0.10.49 HTTP/1.1" 200 -
[WebServer] ::ffff:127.0.0.1 - - [03/Sep/2026 16:18:06] "GET /docs/assets/js/geoportal-app.js?v=0.10.49 HTTP/1.1" 200 -
[WebServer] ::ffff:127.0.0.1 - - [03/Sep/2026 16:18:06] "GET /docs/assets/img/loader-ecuador-contorno.svg HTTP/1.1" 200 -
[WebServer] ::ffff:127.0.0.1 - - [03/Sep/2026 16:18:06] "GET /docs/assets/img/loader-vias-principales.svg HTTP/1.1" 200 -
[WebServer] ::ffff:127.0.0.1 - - [03/Sep/2026 16:18:06] "GET /docs/data/provincias_wgs84.geojson HTTP/1.1" 200 -
[WebServer] ::ffff:127.0.0.1 - - [03/Sep/2026 16:18:06] "GET /docs/data/cantones_indice.json HTTP/1.1" 200 -
[WebServer] ::ffff:127.0.0.1 - - [03/Sep/2026 16:18:09] "GET /docs/ HTTP/1.1" 200 -
[WebServer] ::ffff:127.0.0.1 - - [03/Sep/2026 16:18:09] "GET /docs/assets/js/ant-layer-worker.js?v=0.10.49 HTTP/1.1" 200 -
[WebServer] ::ffff:127.0.0.1 - - [03/Sep/2026 16:18:09] "GET /docs/assets/css/driver.css HTTP/1.1" 200 -
[WebServer] ::ffff:127.0.0.1 - - [03/Sep/2026 16:18:09] "GET /docs/assets/css/geoportal-core.css?v=0.10.49 HTTP/1.1" 200 -
[WebServer] ::ffff:127.0.0.1 - - [03/Sep/2026 16:18:09] "GET /docs/assets/css/geoportal-experience.css?v=0.10.49 HTTP/1.1" 200 -
[WebServer] ::ffff:127.0.0.1 - - [03/Sep/2026 16:18:09] "GET /docs/assets/css/geoportal-mobile.css?v=0.10.49 HTTP/1.1" 200 -
[WebServer] ::ffff:127.0.0.1 - - [03/Sep/2026 16:18:09] "GET /docs/assets/js/vendor/leaflet-heat.js HTTP/1.1" 200 -
[WebServer] ::ffff:127.0.0.1 - - [03/Sep/2026 16:18:09] "GET /docs/assets/js/vendor/supercluster.min.js HTTP/1.1" 200 -
[WebServer] ::ffff:127.0.0.1 - - [03/Sep/2026 16:18:09] "GET /docs/assets/js/vendor/simple-statistics.min.js HTTP/1.1" 200 -
[WebServer] ::ffff:127.0.0.1 - - [03/Sep/2026 16:18:09] "GET /docs/assets/js/vendor/driver.min.js HTTP/1.1" 200 -
[WebServer] ::ffff:127.0.0.1 - - [03/Sep/2026 16:18:09] "GET /docs/assets/js/vendor/html2canvas.min.js HTTP/1.1" 200 -
[WebServer] ::ffff:127.0.0.1 - - [03/Sep/2026 16:18:09] "GET /docs/data/siniestros_ant_2025_heat.json?v=ant-public-2026-07-31-location-audit-v1 HTTP/1.1" 200 -
[WebServer] ::ffff:127.0.0.1 - - [03/Sep/2026 16:18:09] "GET /docs/assets/js/vendor/jspdf.umd.min.js HTTP/1.1" 200 -
[WebServer] ::ffff:127.0.0.1 - - [03/Sep/2026 16:18:09] "GET /docs/assets/js/geoportal-classification.js?v=0.10.49 HTTP/1.1" 200 -
[WebServer] ::ffff:127.0.0.1 - - [03/Sep/2026 16:18:09] "GET /docs/assets/js/geoportal-registry.js?v=0.10.49 HTTP/1.1" 200 -
[WebServer] ::ffff:127.0.0.1 - - [03/Sep/2026 16:18:09] "GET /docs/assets/js/geoportal-overlay-state.js?v=0.10.49 HTTP/1.1" 200 -
[WebServer] ::ffff:127.0.0.1 - - [03/Sep/2026 16:18:09] "GET /docs/assets/js/geoportal-ant-layer.js?v=0.10.49 HTTP/1.1" 200 -
[WebServer] ::ffff:127.0.0.1 - - [03/Sep/2026 16:18:09] "GET /docs/assets/js/geoportal-experience.js?v=0.10.49 HTTP/1.1" 200 -
[WebServer] ::ffff:127.0.0.1 - - [03/Sep/2026 16:18:09] "GET /docs/assets/js/geoportal-institutional.js?v=0.10.49 HTTP/1.1" 200 -
[WebServer] ::ffff:127.0.0.1 - - [03/Sep/2026 16:18:09] "GET /docs/assets/js/geoportal-panels.js?v=0.10.49 HTTP/1.1" 200 -
[WebServer] ::ffff:127.0.0.1 - - [03/Sep/2026 16:18:09] "GET /docs/assets/js/geoportal-territories.js?v=0.10.49 HTTP/1.1" 200 -
[WebServer] ::ffff:127.0.0.1 - - [03/Sep/2026 16:18:09] "GET /docs/assets/js/geoportal-state.js?v=0.10.49 HTTP/1.1" 200 -
[WebServer] ::ffff:127.0.0.1 - - [03/Sep/2026 16:18:09] "GET /docs/assets/js/geoportal-tour.js?v=0.10.49 HTTP/1.1" 200 -
[WebServer] ::ffff:127.0.0.1 - - [03/Sep/2026 16:18:09] "GET /docs/assets/js/geoportal-catalogo.js?v=0.10.49 HTTP/1.1" 200 -
[WebServer] ::ffff:127.0.0.1 - - [03/Sep/2026 16:18:09] "GET /docs/assets/js/geoportal-app.js?v=0.10.49 HTTP/1.1" 200 -
[WebServer] ::ffff:127.0.0.1 - - [03/Sep/2026 16:18:09] "GET /docs/assets/img/redsa-isotipo-oficial.png HTTP/1.1" 200 -
[WebServer] ::ffff:127.0.0.1 - - [03/Sep/2026 16:18:09] "GET /docs/assets/img/loader-ecuador-contorno.svg HTTP/1.1" 200 -
[WebServer] ::ffff:127.0.0.1 - - [03/Sep/2026 16:18:10] "GET /docs/data/provincias_wgs84.geojson HTTP/1.1" 200 -
[WebServer] ::ffff:127.0.0.1 - - [03/Sep/2026 16:18:10] "GET /docs/data/cantones_indice.json HTTP/1.1" 200 -
[WebServer] ::ffff:127.0.0.1 - - [03/Sep/2026 16:18:10] "GET /docs/assets/img/loader-vias-principales.svg HTTP/1.1" 200 -
[WebServer] ::ffff:127.0.0.1 - - [03/Sep/2026 16:18:12] "GET /docs/data/cantones_wgs84.geojson HTTP/1.1" 200 -
[WebServer] ::ffff:127.0.0.1 - - [03/Sep/2026 16:18:12] "GET /docs/data/hotspots_cantonales.json HTTP/1.1" 200 -
[WebServer] ::ffff:127.0.0.1 - - [03/Sep/2026 16:18:12] "GET /docs/data/siniestros_ant_2025.geojson?v=ant-public-2026-07-31-location-audit-v1 HTTP/1.1" 200 -
[WebServer] ::ffff:127.0.0.1 - - [03/Sep/2026 16:18:16] "GET /docs/index.html HTTP/1.1" 200 -
[WebServer] ::ffff:127.0.0.1 - - [03/Sep/2026 16:18:16] "GET /docs/assets/css/driver.css HTTP/1.1" 200 -
[WebServer] ::ffff:127.0.0.1 - - [03/Sep/2026 16:18:16] "GET /docs/assets/css/geoportal-core.css?v=0.10.49 HTTP/1.1" 200 -
[WebServer] ::ffff:127.0.0.1 - - [03/Sep/2026 16:18:16] "GET /docs/assets/css/geoportal-experience.css?v=0.10.49 HTTP/1.1" 200 -
[WebServer] ::ffff:127.0.0.1 - - [03/Sep/2026 16:18:16] "GET /docs/assets/css/geoportal-mobile.css?v=0.10.49 HTTP/1.1" 200 -
[WebServer] ::ffff:127.0.0.1 - - [03/Sep/2026 16:18:16] "GET /docs/assets/js/vendor/leaflet-heat.js HTTP/1.1" 200 -
[WebServer] ::ffff:127.0.0.1 - - [03/Sep/2026 16:18:16] "GET /docs/assets/js/vendor/simple-statistics.min.js HTTP/1.1" 200 -
[WebServer] ::ffff:127.0.0.1 - - [03/Sep/2026 16:18:16] "GET /docs/assets/js/vendor/driver.min.js HTTP/1.1" 200 -
[WebServer] ::ffff:127.0.0.1 - - [03/Sep/2026 16:18:16] "GET /docs/assets/js/vendor/html2canvas.min.js HTTP/1.1" 200 -
[WebServer] ::ffff:127.0.0.1 - - [03/Sep/2026 16:18:16] "GET /docs/assets/js/vendor/jspdf.umd.min.js HTTP/1.1" 200 -
[WebServer] ::ffff:127.0.0.1 - - [03/Sep/2026 16:18:16] "GET /docs/assets/js/geoportal-classification.js?v=0.10.49 HTTP/1.1" 200 -
[WebServer] ::ffff:127.0.0.1 - - [03/Sep/2026 16:18:16] "GET /docs/assets/js/geoportal-registry.js?v=0.10.49 HTTP/1.1" 200 -
[WebServer] ::ffff:127.0.0.1 - - [03/Sep/2026 16:18:16] "GET /docs/assets/js/geoportal-overlay-state.js?v=0.10.49 HTTP/1.1" 200 -
[WebServer] ::ffff:127.0.0.1 - - [03/Sep/2026 16:18:16] "GET /docs/assets/js/geoportal-ant-layer.js?v=0.10.49 HTTP/1.1" 200 -
[WebServer] ::ffff:127.0.0.1 - - [03/Sep/2026 16:18:16] "GET /docs/assets/js/geoportal-experience.js?v=0.10.49 HTTP/1.1" 200 -
[WebServer] ::ffff:127.0.0.1 - - [03/Sep/2026 16:18:16] "GET /docs/assets/js/geoportal-state.js?v=0.10.49 HTTP/1.1" 200 -
[WebServer] ::ffff:127.0.0.1 - - [03/Sep/2026 16:18:16] "GET /docs/assets/js/geoportal-territories.js?v=0.10.49 HTTP/1.1" 200 -
[WebServer] ::ffff:127.0.0.1 - - [03/Sep/2026 16:18:16] "GET /docs/assets/js/geoportal-panels.js?v=0.10.49 HTTP/1.1" 200 -
[WebServer] ::ffff:127.0.0.1 - - [03/Sep/2026 16:18:16] "GET /docs/assets/js/geoportal-institutional.js?v=0.10.49 HTTP/1.1" 200 -
[WebServer] ::ffff:127.0.0.1 - - [03/Sep/2026 16:18:16] "GET /docs/assets/js/geoportal-tour.js?v=0.10.49 HTTP/1.1" 200 -
[WebServer] ::ffff:127.0.0.1 - - [03/Sep/2026 16:18:17] "GET /docs/assets/js/geoportal-catalogo.js?v=0.10.49 HTTP/1.1" 200 -
[WebServer] ::ffff:127.0.0.1 - - [03/Sep/2026 16:18:17] "GET /docs/assets/js/geoportal-app.js?v=0.10.49 HTTP/1.1" 200 -
[WebServer] ::ffff:127.0.0.1 - - [03/Sep/2026 16:18:17] "GET /docs/assets/img/redsa-isotipo-oficial.png HTTP/1.1" 200 -
[WebServer] ::ffff:127.0.0.1 - - [03/Sep/2026 16:18:17] "GET /docs/assets/img/loader-ecuador-contorno.svg HTTP/1.1" 200 -
[WebServer] ::ffff:127.0.0.1 - - [03/Sep/2026 16:18:17] "GET /docs/assets/img/loader-vias-principales.svg HTTP/1.1" 200 -
[WebServer] ::ffff:127.0.0.1 - - [03/Sep/2026 16:18:17] "GET /docs/ HTTP/1.1" 200 -
[WebServer] ::ffff:127.0.0.1 - - [03/Sep/2026 16:18:17] "GET /docs/assets/css/driver.css HTTP/1.1" 200 -
[WebServer] ::ffff:127.0.0.1 - - [03/Sep/2026 16:18:17] "GET /docs/assets/css/geoportal-core.css?v=0.10.49 HTTP/1.1" 200 -
[WebServer] ::ffff:127.0.0.1 - - [03/Sep/2026 16:18:17] "GET /docs/assets/css/geoportal-experience.css?v=0.10.49 HTTP/1.1" 200 -
[WebServer] ::ffff:127.0.0.1 - - [03/Sep/2026 16:18:17] "GET /docs/assets/css/geoportal-mobile.css?v=0.10.49 HTTP/1.1" 200 -
[WebServer] ::ffff:127.0.0.1 - - [03/Sep/2026 16:18:17] "GET /docs/assets/js/vendor/leaflet-heat.js HTTP/1.1" 200 -
[WebServer] ::ffff:127.0.0.1 - - [03/Sep/2026 16:18:17] "GET /docs/data/provincias_wgs84.geojson HTTP/1.1" 200 -
[WebServer] ::ffff:127.0.0.1 - - [03/Sep/2026 16:18:17] "GET /docs/data/cantones_indice.json HTTP/1.1" 200 -
[WebServer] ::ffff:127.0.0.1 - - [03/Sep/2026 16:18:17] "GET /docs/assets/js/vendor/simple-statistics.min.js HTTP/1.1" 200 -
[WebServer] ::ffff:127.0.0.1 - - [03/Sep/2026 16:18:18] "GET /docs/assets/js/vendor/driver.min.js HTTP/1.1" 200 -
[WebServer] ::ffff:127.0.0.1 - - [03/Sep/2026 16:18:18] "GET /docs/assets/js/vendor/html2canvas.min.js HTTP/1.1" 200 -
[WebServer] ::ffff:127.0.0.1 - - [03/Sep/2026 16:18:18] "GET /docs/assets/js/geoportal-classification.js?v=0.10.49 HTTP/1.1" 200 -
[WebServer] ::ffff:127.0.0.1 - - [03/Sep/2026 16:18:18] "GET /docs/assets/js/vendor/jspdf.umd.min.js HTTP/1.1" 200 -
[WebServer] ::ffff:127.0.0.1 - - [03/Sep/2026 16:18:18] "GET /docs/assets/img/redsa-isotipo-oficial.png HTTP/1.1" 200 -
[WebServer] ::ffff:127.0.0.1 - - [03/Sep/2026 16:18:18] "GET /docs/assets/js/geoportal-registry.js?v=0.10.49 HTTP/1.1" 200 -
[WebServer] ::ffff:127.0.0.1 - - [03/Sep/2026 16:18:18] "GET /docs/assets/js/geoportal-overlay-state.js?v=0.10.49 HTTP/1.1" 200 -
[WebServer] ::ffff:127.0.0.1 - - [03/Sep/2026 16:18:18] "GET /docs/assets/js/geoportal-ant-layer.js?v=0.10.49 HTTP/1.1" 200 -
[WebServer] ::ffff:127.0.0.1 - - [03/Sep/2026 16:18:18] "GET /docs/assets/js/geoportal-experience.js?v=0.10.49 HTTP/1.1" 200 -
[WebServer] ::ffff:127.0.0.1 - - [03/Sep/2026 16:18:18] "GET /docs/assets/js/geoportal-state.js?v=0.10.49 HTTP/1.1" 200 -
[WebServer] ::ffff:127.0.0.1 - - [03/Sep/2026 16:18:18] "GET /docs/assets/js/geoportal-territories.js?v=0.10.49 HTTP/1.1" 200 -
[WebServer] ::ffff:127.0.0.1 - - [03/Sep/2026 16:18:18] "GET /docs/assets/js/geoportal-panels.js?v=0.10.49 HTTP/1.1" 200 -
[WebServer] ::ffff:127.0.0.1 - - [03/Sep/2026 16:18:18] "GET /docs/assets/js/geoportal-institutional.js?v=0.10.49 HTTP/1.1" 200 -
[WebServer] ::ffff:127.0.0.1 - - [03/Sep/2026 16:18:19] "GET /docs/assets/js/geoportal-tour.js?v=0.10.49 HTTP/1.1" 200 -
[WebServer] ::ffff:127.0.0.1 - - [03/Sep/2026 16:18:19] "GET /docs/assets/js/geoportal-catalogo.js?v=0.10.49 HTTP/1.1" 200 -
[WebServer] ::ffff:127.0.0.1 - - [03/Sep/2026 16:18:19] "GET /docs/assets/js/geoportal-app.js?v=0.10.49 HTTP/1.1" 200 -
[WebServer] ::ffff:127.0.0.1 - - [03/Sep/2026 16:18:19] "GET /docs/assets/img/loader-ecuador-contorno.svg HTTP/1.1" 200 -
[WebServer] ::ffff:127.0.0.1 - - [03/Sep/2026 16:18:19] "GET /docs/data/provincias_wgs84.geojson HTTP/1.1" 200 -
[WebServer] ::ffff:127.0.0.1 - - [03/Sep/2026 16:18:19] "GET /docs/data/cantones_indice.json HTTP/1.1" 200 -
[WebServer] ::ffff:127.0.0.1 - - [03/Sep/2026 16:18:19] "GET /docs/assets/img/loader-vias-principales.svg HTTP/1.1" 200 -
[WebServer] ::ffff:127.0.0.1 - - [03/Sep/2026 16:18:20] "GET /docs/assets/js/ant-layer-worker.js?v=0.10.49 HTTP/1.1" 200 -
[WebServer] ::ffff:127.0.0.1 - - [03/Sep/2026 16:18:20] "GET /docs/assets/js/vendor/supercluster.min.js HTTP/1.1" 200 -
[WebServer] ::ffff:127.0.0.1 - - [03/Sep/2026 16:18:20] "GET /docs/data/siniestros_ant_2025_heat.json?v=ant-public-2026-07-31-location-audit-v1 HTTP/1.1" 200 -
[WebServer] ::ffff:127.0.0.1 - - [03/Sep/2026 16:18:20] "GET /docs/data/cantones_wgs84.geojson HTTP/1.1" 200 -
[WebServer] ::ffff:127.0.0.1 - - [03/Sep/2026 16:18:20] "GET /docs/data/hotspots_cantonales.json HTTP/1.1" 200 -
[WebServer] ::ffff:127.0.0.1 - - [03/Sep/2026 16:18:22] "GET /docs/data/siniestros_ant_2025.geojson?v=ant-public-2026-07-31-location-audit-v1 HTTP/1.1" 200 -
[WebServer] ::ffff:127.0.0.1 - - [03/Sep/2026 16:18:23] "GET /docs/ HTTP/1.1" 200 -
[WebServer] ::ffff:127.0.0.1 - - [03/Sep/2026 16:18:23] "GET /docs/assets/css/driver.css HTTP/1.1" 200 -
[WebServer] ::ffff:127.0.0.1 - - [03/Sep/2026 16:18:23] "GET /docs/assets/css/geoportal-core.css?v=0.10.49 HTTP/1.1" 200 -
[WebServer] ::ffff:127.0.0.1 - - [03/Sep/2026 16:18:23] "GET /docs/assets/css/geoportal-experience.css?v=0.10.49 HTTP/1.1" 200 -
[WebServer] ::ffff:127.0.0.1 - - [03/Sep/2026 16:18:23] "GET /docs/assets/css/geoportal-mobile.css?v=0.10.49 HTTP/1.1" 200 -
[WebServer] ::ffff:127.0.0.1 - - [03/Sep/2026 16:18:23] "GET /docs/assets/js/vendor/leaflet-heat.js HTTP/1.1" 200 -
[WebServer] ::ffff:127.0.0.1 - - [03/Sep/2026 16:18:23] "GET /docs/assets/js/vendor/simple-statistics.min.js HTTP/1.1" 200 -
[WebServer] ::ffff:127.0.0.1 - - [03/Sep/2026 16:18:23] "GET /docs/assets/js/vendor/driver.min.js HTTP/1.1" 200 -
[WebServer] ::ffff:127.0.0.1 - - [03/Sep/2026 16:18:23] "GET /docs/assets/js/vendor/html2canvas.min.js HTTP/1.1" 200 -
[WebServer] ::ffff:127.0.0.1 - - [03/Sep/2026 16:18:23] "GET /docs/assets/js/vendor/jspdf.umd.min.js HTTP/1.1" 200 -
[WebServer] ::ffff:127.0.0.1 - - [03/Sep/2026 16:18:24] "GET /docs/assets/js/geoportal-classification.js?v=0.10.49 HTTP/1.1" 200 -
[WebServer] ::ffff:127.0.0.1 - - [03/Sep/2026 16:18:24] "GET /docs/assets/js/geoportal-registry.js?v=0.10.49 HTTP/1.1" 200 -
[WebServer] ::ffff:127.0.0.1 - - [03/Sep/2026 16:18:24] "GET /docs/assets/js/geoportal-overlay-state.js?v=0.10.49 HTTP/1.1" 200 -
[WebServer] ::ffff:127.0.0.1 - - [03/Sep/2026 16:18:24] "GET /docs/index.html HTTP/1.1" 200 -
[WebServer] ::ffff:127.0.0.1 - - [03/Sep/2026 16:18:24] "GET /docs/assets/js/geoportal-ant-layer.js?v=0.10.49 HTTP/1.1" 200 -
[WebServer] ::ffff:127.0.0.1 - - [03/Sep/2026 16:18:24] "GET /docs/assets/js/geoportal-experience.js?v=0.10.49 HTTP/1.1" 200 -
[WebServer] ::ffff:127.0.0.1 - - [03/Sep/2026 16:18:24] "GET /docs/assets/css/driver.css HTTP/1.1" 200 -
[WebServer] ::ffff:127.0.0.1 - - [03/Sep/2026 16:18:24] "GET /docs/assets/css/geoportal-core.css?v=0.10.49 HTTP/1.1" 200 -
[WebServer] ::ffff:127.0.0.1 - - [03/Sep/2026 16:18:24] "GET /docs/assets/css/geoportal-experience.css?v=0.10.49 HTTP/1.1" 200 -
[WebServer] ::ffff:127.0.0.1 - - [03/Sep/2026 16:18:24] "GET /docs/assets/css/geoportal-mobile.css?v=0.10.49 HTTP/1.1" 200 -
[WebServer] ::ffff:127.0.0.1 - - [03/Sep/2026 16:18:24] "GET /docs/assets/js/vendor/leaflet-heat.js HTTP/1.1" 200 -
[WebServer] ::ffff:127.0.0.1 - - [03/Sep/2026 16:18:24] "GET /docs/assets/js/vendor/simple-statistics.min.js HTTP/1.1" 200 -
[WebServer] ::ffff:127.0.0.1 - - [03/Sep/2026 16:18:24] "GET /docs/assets/js/geoportal-state.js?v=0.10.49 HTTP/1.1" 200 -
[WebServer] ::ffff:127.0.0.1 - - [03/Sep/2026 16:18:24] "GET /docs/assets/js/geoportal-territories.js?v=0.10.49 HTTP/1.1" 200 -
[WebServer] ::ffff:127.0.0.1 - - [03/Sep/2026 16:18:24] "GET /docs/assets/js/geoportal-panels.js?v=0.10.49 HTTP/1.1" 200 -
[WebServer] ::ffff:127.0.0.1 - - [03/Sep/2026 16:18:24] "GET /docs/assets/js/vendor/driver.min.js HTTP/1.1" 200 -
[WebServer] ::ffff:127.0.0.1 - - [03/Sep/2026 16:18:24] "GET /docs/assets/js/geoportal-institutional.js?v=0.10.49 HTTP/1.1" 200 -
[WebServer] ::ffff:127.0.0.1 - - [03/Sep/2026 16:18:24] "GET /docs/assets/js/vendor/html2canvas.min.js HTTP/1.1" 200 -
[WebServer] ::ffff:127.0.0.1 - - [03/Sep/2026 16:18:24] "GET /docs/assets/js/vendor/jspdf.umd.min.js HTTP/1.1" 200 -
[WebServer] ::ffff:127.0.0.1 - - [03/Sep/2026 16:18:24] "GET /docs/assets/js/geoportal-tour.js?v=0.10.49 HTTP/1.1" 200 -
[WebServer] ::ffff:127.0.0.1 - - [03/Sep/2026 16:18:24] "GET /docs/assets/js/geoportal-classification.js?v=0.10.49 HTTP/1.1" 200 -
[WebServer] ::ffff:127.0.0.1 - - [03/Sep/2026 16:18:24] "GET /docs/assets/js/geoportal-registry.js?v=0.10.49 HTTP/1.1" 200 -
[WebServer] ::ffff:127.0.0.1 - - [03/Sep/2026 16:18:24] "GET /docs/assets/js/geoportal-overlay-state.js?v=0.10.49 HTTP/1.1" 200 -
[WebServer] ::ffff:127.0.0.1 - - [03/Sep/2026 16:18:24] "GET /docs/assets/js/geoportal-ant-layer.js?v=0.10.49 HTTP/1.1" 200 -
[WebServer] ::ffff:127.0.0.1 - - [03/Sep/2026 16:18:24] "GET /docs/assets/js/geoportal-experience.js?v=0.10.49 HTTP/1.1" 200 -
[WebServer] ::ffff:127.0.0.1 - - [03/Sep/2026 16:18:24] "GET /docs/assets/js/geoportal-state.js?v=0.10.49 HTTP/1.1" 200 -
[WebServer] ::ffff:127.0.0.1 - - [03/Sep/2026 16:18:24] "GET /docs/assets/js/geoportal-territories.js?v=0.10.49 HTTP/1.1" 200 -
[WebServer] ::ffff:127.0.0.1 - - [03/Sep/2026 16:18:24] "GET /docs/assets/js/geoportal-panels.js?v=0.10.49 HTTP/1.1" 200 -
[WebServer] ::ffff:127.0.0.1 - - [03/Sep/2026 16:18:24] "GET /docs/assets/js/geoportal-institutional.js?v=0.10.49 HTTP/1.1" 200 -
[WebServer] ::ffff:127.0.0.1 - - [03/Sep/2026 16:18:24] "GET /docs/assets/js/geoportal-catalogo.js?v=0.10.49 HTTP/1.1" 200 -
[WebServer] ::ffff:127.0.0.1 - - [03/Sep/2026 16:18:24] "GET /docs/assets/js/geoportal-tour.js?v=0.10.49 HTTP/1.1" 200 -
[WebServer] ::ffff:127.0.0.1 - - [03/Sep/2026 16:18:24] "GET /docs/assets/js/geoportal-catalogo.js?v=0.10.49 HTTP/1.1" 200 -
[WebServer] ::ffff:127.0.0.1 - - [03/Sep/2026 16:18:24] "GET /docs/assets/js/geoportal-app.js?v=0.10.49 HTTP/1.1" 200 -
[WebServer] ::ffff:127.0.0.1 - - [03/Sep/2026 16:18:24] "GET /docs/assets/js/geoportal-app.js?v=0.10.49 HTTP/1.1" 200 -
[WebServer] ::ffff:127.0.0.1 - - [03/Sep/2026 16:18:25] "GET /docs/assets/img/redsa-isotipo-oficial.png HTTP/1.1" 200 -
[WebServer] ::ffff:127.0.0.1 - - [03/Sep/2026 16:18:25] "GET /docs/assets/img/loader-ecuador-contorno.svg HTTP/1.1" 200 -
[WebServer] ::ffff:127.0.0.1 - - [03/Sep/2026 16:18:25] "GET /docs/assets/img/redsa-isotipo-oficial.png HTTP/1.1" 200 -
[WebServer] ::ffff:127.0.0.1 - - [03/Sep/2026 16:18:25] "GET /docs/assets/img/loader-ecuador-contorno.svg HTTP/1.1" 200 -
[WebServer] ::ffff:127.0.0.1 - - [03/Sep/2026 16:18:25] "GET /docs/data/provincias_wgs84.geojson HTTP/1.1" 200 -
[WebServer] ::ffff:127.0.0.1 - - [03/Sep/2026 16:18:25] "GET /docs/data/cantones_indice.json HTTP/1.1" 200 -
[WebServer] ::ffff:127.0.0.1 - - [03/Sep/2026 16:18:25] "GET /docs/data/provincias_wgs84.geojson HTTP/1.1" 200 -
[WebServer] ::ffff:127.0.0.1 - - [03/Sep/2026 16:18:25] "GET /docs/data/cantones_indice.json HTTP/1.1" 200 -
[WebServer] ::ffff:127.0.0.1 - - [03/Sep/2026 16:18:25] "GET /docs/assets/img/loader-vias-principales.svg HTTP/1.1" 200 -
[WebServer] ::ffff:127.0.0.1 - - [03/Sep/2026 16:18:26] "GET /docs/assets/img/loader-vias-principales.svg HTTP/1.1" 200 -
[WebServer] ::ffff:127.0.0.1 - - [03/Sep/2026 16:18:27] "GET /docs/data/cantones_wgs84.geojson HTTP/1.1" 200 -
[WebServer] ::ffff:127.0.0.1 - - [03/Sep/2026 16:18:27] "GET /docs/data/hotspots_cantonales.json HTTP/1.1" 200 -
[WebServer] ::ffff:127.0.0.1 - - [03/Sep/2026 16:18:28] "GET /docs/assets/js/ant-layer-worker.js?v=0.10.49 HTTP/1.1" 200 -
[WebServer] ::ffff:127.0.0.1 - - [03/Sep/2026 16:18:28] "GET /docs/assets/js/ant-layer-worker.js?v=0.10.49 HTTP/1.1" 200 -
[WebServer] ::ffff:127.0.0.1 - - [03/Sep/2026 16:18:28] "GET /docs/assets/js/vendor/supercluster.min.js HTTP/1.1" 200 -
[WebServer] ----------------------------------------
[WebServer] Exception occurred during processing of request from ('::ffff:127.0.0.1', 52282, 0, 0)
[WebServer] Traceback (most recent call last):
[WebServer]   File "C:\Users\Admin\AppData\Local\Programs\Python\Python312\Lib\socketserver.py", line 697, in process_request_thread
[WebServer]     self.finish_request(request, client_address)
[WebServer]   File "C:\Users\Admin\AppData\Local\Programs\Python\Python312\Lib\http\server.py", line 1311, in finish_request
[WebServer]     self.RequestHandlerClass(request, client_address, self,
[WebServer]   File "C:\Users\Admin\AppData\Local\Programs\Python\Python312\Lib\http\server.py", line 672, in __init__
[WebServer]     super().__init__(*args, **kwargs)
[WebServer]   File "C:\Users\Admin\AppData\Local\Programs\Python\Python312\Lib\socketserver.py", line 766, in __init__
[WebServer]     self.handle()
[WebServer]   File "C:\Users\Admin\AppData\Local\Programs\Python\Python312\Lib\http\server.py", line 436, in handle
[WebServer]     self.handle_one_request()
[WebServer]   File "C:\Users\Admin\AppData\Local\Programs\Python\Python312\Lib\http\server.py", line 424, in handle_one_request
[WebServer]     method()
[WebServer]   File "C:\Users\Admin\AppData\Local\Programs\Python\Python312\Lib\http\server.py", line 679, in do_GET
[WebServer]     self.copyfile(f, self.wfile)
[WebServer]   File "C:\Users\Admin\AppData\Local\Programs\Python\Python312\Lib\http\server.py", line 878, in copyfile
[WebServer]     shutil.copyfileobj(source, outputfile)
[WebServer]   File "C:\Users\Admin\AppData\Local\Programs\Python\Python312\Lib\shutil.py", line 204, in copyfileobj
[WebServer]     fdst_write(buf)
[WebServer]   File "C:\Users\Admin\AppData\Local\Programs\Python\Python312\Lib\socketserver.py", line 845, in write
[WebServer]     self._sock.sendall(b)
[WebServer] ConnectionAbortedError: [WinError 10053] An established connection was aborted by the software in your host machine
[WebServer] ----------------------------------------
[WebServer] ::ffff:127.0.0.1 - - [03/Sep/2026 16:18:28] "GET /docs/assets/js/vendor/supercluster.min.js HTTP/1.1" 200 -
[WebServer] ::ffff:127.0.0.1 - - [03/Sep/2026 16:18:28] "GET /docs/data/siniestros_ant_2024_heat.json?v=ant-public-2026-07-31-location-audit-v1 HTTP/1.1" 200 -
[WebServer] ::ffff:127.0.0.1 - - [03/Sep/2026 16:18:29] "GET /docs/assets/js/ant-layer-worker.js?v=0.10.49 HTTP/1.1" 200 -
[WebServer] ::ffff:127.0.0.1 - - [03/Sep/2026 16:18:29] "GET /docs/assets/js/vendor/supercluster.min.js HTTP/1.1" 200 -
[WebServer] ::ffff:127.0.0.1 - - [03/Sep/2026 16:18:29] "GET /docs/data/siniestros_ant_2026_heat.json?v=ant-public-2026-07-31-location-audit-v1 HTTP/1.1" 200 -
[WebServer] ::ffff:127.0.0.1 - - [03/Sep/2026 16:18:30] "GET /docs/index.html HTTP/1.1" 200 -
[WebServer] ::ffff:127.0.0.1 - - [03/Sep/2026 16:18:30] "GET /docs/assets/css/driver.css HTTP/1.1" 200 -
[WebServer] ::ffff:127.0.0.1 - - [03/Sep/2026 16:18:30] "GET /docs/assets/css/geoportal-core.css?v=0.10.49 HTTP/1.1" 200 -
[WebServer] ::ffff:127.0.0.1 - - [03/Sep/2026 16:18:30] "GET /docs/assets/css/geoportal-experience.css?v=0.10.49 HTTP/1.1" 200 -
[WebServer] ::ffff:127.0.0.1 - - [03/Sep/2026 16:18:30] "GET /docs/assets/css/geoportal-mobile.css?v=0.10.49 HTTP/1.1" 200 -
[WebServer] ::ffff:127.0.0.1 - - [03/Sep/2026 16:18:30] "GET /docs/assets/js/vendor/leaflet-heat.js HTTP/1.1" 200 -
[WebServer] ::ffff:127.0.0.1 - - [03/Sep/2026 16:18:30] "GET /docs/assets/js/vendor/simple-statistics.min.js HTTP/1.1" 200 -
[WebServer] ::ffff:127.0.0.1 - - [03/Sep/2026 16:18:30] "GET /docs/assets/js/vendor/driver.min.js HTTP/1.1" 200 -
[WebServer] ::ffff:127.0.0.1 - - [03/Sep/2026 16:18:30] "GET /docs/assets/js/vendor/html2canvas.min.js HTTP/1.1" 200 -
[WebServer] ::ffff:127.0.0.1 - - [03/Sep/2026 16:18:30] "GET /docs/assets/js/vendor/jspdf.umd.min.js HTTP/1.1" 200 -
[WebServer] ::ffff:127.0.0.1 - - [03/Sep/2026 16:18:30] "GET /docs/assets/js/geoportal-classification.js?v=0.10.49 HTTP/1.1" 200 -
[WebServer] ::ffff:127.0.0.1 - - [03/Sep/2026 16:18:30] "GET /docs/assets/js/geoportal-registry.js?v=0.10.49 HTTP/1.1" 200 -
[WebServer] ::ffff:127.0.0.1 - - [03/Sep/2026 16:18:30] "GET /docs/ HTTP/1.1" 200 -
[WebServer] ::ffff:127.0.0.1 - - [03/Sep/2026 16:18:30] "GET /docs/assets/js/geoportal-overlay-state.js?v=0.10.49 HTTP/1.1" 200 -
[WebServer] ::ffff:127.0.0.1 - - [03/Sep/2026 16:18:30] "GET /docs/assets/js/geoportal-ant-layer.js?v=0.10.49 HTTP/1.1" 200 -
[WebServer] ::ffff:127.0.0.1 - - [03/Sep/2026 16:18:30] "GET /docs/assets/css/driver.css HTTP/1.1" 200 -
[WebServer] ::ffff:127.0.0.1 - - [03/Sep/2026 16:18:30] "GET /docs/assets/css/geoportal-core.css?v=0.10.49 HTTP/1.1" 200 -
[WebServer] ::ffff:127.0.0.1 - - [03/Sep/2026 16:18:30] "GET /docs/assets/css/geoportal-experience.css?v=0.10.49 HTTP/1.1" 200 -
[WebServer] ::ffff:127.0.0.1 - - [03/Sep/2026 16:18:30] "GET /docs/assets/css/geoportal-mobile.css?v=0.10.49 HTTP/1.1" 200 -
[WebServer] ::ffff:127.0.0.1 - - [03/Sep/2026 16:18:30] "GET /docs/assets/js/geoportal-experience.js?v=0.10.49 HTTP/1.1" 200 -
[WebServer] ::ffff:127.0.0.1 - - [03/Sep/2026 16:18:30] "GET /docs/assets/js/geoportal-state.js?v=0.10.49 HTTP/1.1" 200 -
[WebServer] ::ffff:127.0.0.1 - - [03/Sep/2026 16:18:30] "GET /docs/assets/js/geoportal-panels.js?v=0.10.49 HTTP/1.1" 200 -
[WebServer] ::ffff:127.0.0.1 - - [03/Sep/2026 16:18:30] "GET /docs/assets/js/geoportal-institutional.js?v=0.10.49 HTTP/1.1" 200 -
[WebServer] ::ffff:127.0.0.1 - - [03/Sep/2026 16:18:31] "GET /docs/assets/js/geoportal-territories.js?v=0.10.49 HTTP/1.1" 200 -
[WebServer] ::ffff:127.0.0.1 - - [03/Sep/2026 16:18:31] "GET /docs/assets/js/geoportal-tour.js?v=0.10.49 HTTP/1.1" 200 -
[WebServer] ::ffff:127.0.0.1 - - [03/Sep/2026 16:18:31] "GET /docs/assets/js/geoportal-catalogo.js?v=0.10.49 HTTP/1.1" 200 -
[WebServer] ::ffff:127.0.0.1 - - [03/Sep/2026 16:18:31] "GET /docs/assets/js/vendor/leaflet-heat.js HTTP/1.1" 200 -
[WebServer] ::ffff:127.0.0.1 - - [03/Sep/2026 16:18:31] "GET /docs/assets/js/vendor/simple-statistics.min.js HTTP/1.1" 200 -
[WebServer] ::ffff:127.0.0.1 - - [03/Sep/2026 16:18:31] "GET /docs/assets/js/vendor/driver.min.js HTTP/1.1" 200 -
[WebServer] ::ffff:127.0.0.1 - - [03/Sep/2026 16:18:31] "GET /docs/assets/js/vendor/jspdf.umd.min.js HTTP/1.1" 200 -
[WebServer] ::ffff:127.0.0.1 - - [03/Sep/2026 16:18:31] "GET /docs/assets/js/geoportal-classification.js?v=0.10.49 HTTP/1.1" 200 -
[WebServer] ::ffff:127.0.0.1 - - [03/Sep/2026 16:18:31] "GET /docs/assets/js/vendor/html2canvas.min.js HTTP/1.1" 200 -
[WebServer] ::ffff:127.0.0.1 - - [03/Sep/2026 16:18:31] "GET /docs/assets/js/geoportal-registry.js?v=0.10.49 HTTP/1.1" 200 -
[WebServer] ::ffff:127.0.0.1 - - [03/Sep/2026 16:18:31] "GET /docs/assets/js/geoportal-overlay-state.js?v=0.10.49 HTTP/1.1" 200 -
[WebServer] ::ffff:127.0.0.1 - - [03/Sep/2026 16:18:31] "GET /docs/assets/img/loader-ecuador-contorno.svg HTTP/1.1" 200 -
[WebServer] ::ffff:127.0.0.1 - - [03/Sep/2026 16:18:31] "GET /docs/assets/img/redsa-isotipo-oficial.png HTTP/1.1" 200 -
[WebServer] ::ffff:127.0.0.1 - - [03/Sep/2026 16:18:31] "GET /docs/assets/js/geoportal-app.js?v=0.10.49 HTTP/1.1" 200 -
[WebServer] ::ffff:127.0.0.1 - - [03/Sep/2026 16:18:31] "GET /docs/assets/js/geoportal-ant-layer.js?v=0.10.49 HTTP/1.1" 200 -
[WebServer] ::ffff:127.0.0.1 - - [03/Sep/2026 16:18:31] "GET /docs/assets/img/redsa-isotipo-oficial.png HTTP/1.1" 200 -
[WebServer] ::ffff:127.0.0.1 - - [03/Sep/2026 16:18:32] "GET /docs/assets/js/geoportal-experience.js?v=0.10.49 HTTP/1.1" 200 -
[WebServer] ::ffff:127.0.0.1 - - [03/Sep/2026 16:18:32] "GET /docs/data/provincias_wgs84.geojson HTTP/1.1" 200 -
[WebServer] ::ffff:127.0.0.1 - - [03/Sep/2026 16:18:32] "GET /docs/data/cantones_indice.json HTTP/1.1" 200 -
[WebServer] ::ffff:127.0.0.1 - - [03/Sep/2026 16:18:32] "GET /docs/assets/js/geoportal-state.js?v=0.10.49 HTTP/1.1" 200 -
[WebServer] ::ffff:127.0.0.1 - - [03/Sep/2026 16:18:32] "GET /docs/assets/js/geoportal-territories.js?v=0.10.49 HTTP/1.1" 200 -
[WebServer] ::ffff:127.0.0.1 - - [03/Sep/2026 16:18:32] "GET /docs/assets/js/geoportal-panels.js?v=0.10.49 HTTP/1.1" 200 -
[WebServer] ::ffff:127.0.0.1 - - [03/Sep/2026 16:18:32] "GET /docs/assets/img/loader-vias-principales.svg HTTP/1.1" 200 -
[WebServer] ::ffff:127.0.0.1 - - [03/Sep/2026 16:18:32] "GET /docs/assets/js/geoportal-tour.js?v=0.10.49 HTTP/1.1" 200 -
[WebServer] ::ffff:127.0.0.1 - - [03/Sep/2026 16:18:32] "GET /docs/assets/js/geoportal-institutional.js?v=0.10.49 HTTP/1.1" 200 -
[WebServer] ::ffff:127.0.0.1 - - [03/Sep/2026 16:18:32] "GET /docs/assets/js/geoportal-catalogo.js?v=0.10.49 HTTP/1.1" 200 -
[WebServer] ::ffff:127.0.0.1 - - [03/Sep/2026 16:18:32] "GET /docs/assets/js/geoportal-app.js?v=0.10.49 HTTP/1.1" 200 -
[WebServer] ::ffff:127.0.0.1 - - [03/Sep/2026 16:18:32] "GET /docs/assets/img/loader-ecuador-contorno.svg HTTP/1.1" 200 -
[WebServer] ::ffff:127.0.0.1 - - [03/Sep/2026 16:18:32] "GET /docs/assets/img/loader-vias-principales.svg HTTP/1.1" 200 -
[WebServer] ::ffff:127.0.0.1 - - [03/Sep/2026 16:18:32] "GET /docs/data/provincias_wgs84.geojson HTTP/1.1" 200 -
[WebServer] ::ffff:127.0.0.1 - - [03/Sep/2026 16:18:33] "GET /docs/data/cantones_indice.json HTTP/1.1" 200 -
[WebServer] ::ffff:127.0.0.1 - - [03/Sep/2026 16:18:34] "GET /docs/assets/js/ant-layer-worker.js?v=0.10.49 HTTP/1.1" 200 -
[WebServer] ::ffff:127.0.0.1 - - [03/Sep/2026 16:18:34] "GET /docs/data/ciclovias_ecuador.geojson HTTP/1.1" 200 -
[WebServer] ::ffff:127.0.0.1 - - [03/Sep/2026 16:18:34] "GET /docs/data/cantones_wgs84.geojson HTTP/1.1" 200 -
[WebServer] ::ffff:127.0.0.1 - - [03/Sep/2026 16:18:34] "GET /docs/data/hotspots_cantonales.json HTTP/1.1" 200 -
[WebServer] ::ffff:127.0.0.1 - - [03/Sep/2026 16:18:34] "GET /docs/assets/js/vendor/supercluster.min.js HTTP/1.1" 200 -
[WebServer] ::ffff:127.0.0.1 - - [03/Sep/2026 16:18:34] "GET /docs/data/siniestros_ant_2025_heat.json?v=ant-public-2026-07-31-location-audit-v1 HTTP/1.1" 200 -
[WebServer] ::ffff:127.0.0.1 - - [03/Sep/2026 16:18:36] "GET /docs/index.html HTTP/1.1" 200 -
[WebServer] ::ffff:127.0.0.1 - - [03/Sep/2026 16:18:36] "GET /docs/assets/css/driver.css HTTP/1.1" 200 -
[WebServer] ::ffff:127.0.0.1 - - [03/Sep/2026 16:18:36] "GET /docs/assets/css/geoportal-core.css?v=0.10.49 HTTP/1.1" 200 -
[WebServer] ::ffff:127.0.0.1 - - [03/Sep/2026 16:18:36] "GET /docs/assets/css/geoportal-experience.css?v=0.10.49 HTTP/1.1" 200 -
[WebServer] ::ffff:127.0.0.1 - - [03/Sep/2026 16:18:36] "GET /docs/assets/css/geoportal-mobile.css?v=0.10.49 HTTP/1.1" 200 -
[WebServer] ::ffff:127.0.0.1 - - [03/Sep/2026 16:18:36] "GET /docs/assets/js/vendor/leaflet-heat.js HTTP/1.1" 200 -
[WebServer] ::ffff:127.0.0.1 - - [03/Sep/2026 16:18:36] "GET /docs/assets/js/vendor/simple-statistics.min.js HTTP/1.1" 200 -
[WebServer] ::ffff:127.0.0.1 - - [03/Sep/2026 16:18:36] "GET /docs/assets/js/vendor/driver.min.js HTTP/1.1" 200 -
[WebServer] ::ffff:127.0.0.1 - - [03/Sep/2026 16:18:36] "GET /docs/assets/js/vendor/html2canvas.min.js HTTP/1.1" 200 -
[WebServer] ::ffff:127.0.0.1 - - [03/Sep/2026 16:18:36] "GET /docs/assets/js/vendor/jspdf.umd.min.js HTTP/1.1" 200 -
[WebServer] ::ffff:127.0.0.1 - - [03/Sep/2026 16:18:36] "GET /docs/assets/js/geoportal-classification.js?v=0.10.49 HTTP/1.1" 200 -
[WebServer] ::ffff:127.0.0.1 - - [03/Sep/2026 16:18:36] "GET /docs/assets/js/geoportal-registry.js?v=0.10.49 HTTP/1.1" 200 -
[WebServer] ::ffff:127.0.0.1 - - [03/Sep/2026 16:18:37] "GET /docs/assets/js/geoportal-overlay-state.js?v=0.10.49 HTTP/1.1" 200 -
[WebServer] ::ffff:127.0.0.1 - - [03/Sep/2026 16:18:37] "GET /docs/assets/js/geoportal-ant-layer.js?v=0.10.49 HTTP/1.1" 200 -
[WebServer] ::ffff:127.0.0.1 - - [03/Sep/2026 16:18:37] "GET /docs/assets/js/geoportal-experience.js?v=0.10.49 HTTP/1.1" 200 -
[WebServer] ::ffff:127.0.0.1 - - [03/Sep/2026 16:18:37] "GET /docs/assets/js/geoportal-state.js?v=0.10.49 HTTP/1.1" 200 -
[WebServer] ::ffff:127.0.0.1 - - [03/Sep/2026 16:18:37] "GET /docs/assets/js/geoportal-territories.js?v=0.10.49 HTTP/1.1" 200 -
[WebServer] ::ffff:127.0.0.1 - - [03/Sep/2026 16:18:37] "GET /docs/assets/js/geoportal-panels.js?v=0.10.49 HTTP/1.1" 200 -
[WebServer] ::ffff:127.0.0.1 - - [03/Sep/2026 16:18:37] "GET /docs/assets/js/geoportal-institutional.js?v=0.10.49 HTTP/1.1" 200 -
[WebServer] ::ffff:127.0.0.1 - - [03/Sep/2026 16:18:37] "GET /docs/assets/js/geoportal-tour.js?v=0.10.49 HTTP/1.1" 200 -
[WebServer] ::ffff:127.0.0.1 - - [03/Sep/2026 16:18:37] "GET /docs/assets/js/geoportal-catalogo.js?v=0.10.49 HTTP/1.1" 200 -
[WebServer] ::ffff:127.0.0.1 - - [03/Sep/2026 16:18:37] "GET /docs/assets/js/geoportal-app.js?v=0.10.49 HTTP/1.1" 200 -
[WebServer] ::ffff:127.0.0.1 - - [03/Sep/2026 16:18:37] "GET /docs/ HTTP/1.1" 200 -
[WebServer] ::ffff:127.0.0.1 - - [03/Sep/2026 16:18:37] "GET /docs/assets/css/driver.css HTTP/1.1" 200 -
[WebServer] ::ffff:127.0.0.1 - - [03/Sep/2026 16:18:37] "GET /docs/assets/css/geoportal-core.css?v=0.10.49 HTTP/1.1" 200 -
[WebServer] ::ffff:127.0.0.1 - - [03/Sep/2026 16:18:37] "GET /docs/assets/css/geoportal-experience.css?v=0.10.49 HTTP/1.1" 200 -
[WebServer] ::ffff:127.0.0.1 - - [03/Sep/2026 16:18:37] "GET /docs/assets/css/geoportal-mobile.css?v=0.10.49 HTTP/1.1" 200 -
[WebServer] ::ffff:127.0.0.1 - - [03/Sep/2026 16:18:37] "GET /docs/assets/js/vendor/leaflet-heat.js HTTP/1.1" 200 -
[WebServer] ::ffff:127.0.0.1 - - [03/Sep/2026 16:18:37] "GET /docs/assets/js/vendor/simple-statistics.min.js HTTP/1.1" 200 -
[WebServer] ::ffff:127.0.0.1 - - [03/Sep/2026 16:18:37] "GET /docs/assets/img/redsa-isotipo-oficial.png HTTP/1.1" 200 -
[WebServer] ::ffff:127.0.0.1 - - [03/Sep/2026 16:18:37] "GET /docs/assets/js/vendor/driver.min.js HTTP/1.1" 200 -
[WebServer] ::ffff:127.0.0.1 - - [03/Sep/2026 16:18:37] "GET /docs/assets/img/loader-ecuador-contorno.svg HTTP/1.1" 200 -
[WebServer] ::ffff:127.0.0.1 - - [03/Sep/2026 16:18:37] "GET /docs/assets/img/loader-vias-principales.svg HTTP/1.1" 200 -
[WebServer] ::ffff:127.0.0.1 - - [03/Sep/2026 16:18:37] "GET /docs/assets/js/vendor/html2canvas.min.js HTTP/1.1" 200 -
[WebServer] ::ffff:127.0.0.1 - - [03/Sep/2026 16:18:37] "GET /docs/assets/js/vendor/jspdf.umd.min.js HTTP/1.1" 200 -
[WebServer] ::ffff:127.0.0.1 - - [03/Sep/2026 16:18:37] "GET /docs/assets/js/geoportal-classification.js?v=0.10.49 HTTP/1.1" 200 -
[WebServer] ::ffff:127.0.0.1 - - [03/Sep/2026 16:18:37] "GET /docs/assets/js/geoportal-registry.js?v=0.10.49 HTTP/1.1" 200 -
[WebServer] ::ffff:127.0.0.1 - - [03/Sep/2026 16:18:37] "GET /docs/assets/js/geoportal-overlay-state.js?v=0.10.49 HTTP/1.1" 200 -
[WebServer] ::ffff:127.0.0.1 - - [03/Sep/2026 16:18:38] "GET /docs/assets/js/geoportal-ant-layer.js?v=0.10.49 HTTP/1.1" 200 -
[WebServer] ::ffff:127.0.0.1 - - [03/Sep/2026 16:18:38] "GET /docs/assets/js/geoportal-experience.js?v=0.10.49 HTTP/1.1" 200 -
[WebServer] ::ffff:127.0.0.1 - - [03/Sep/2026 16:18:38] "GET /docs/assets/js/geoportal-state.js?v=0.10.49 HTTP/1.1" 200 -
[WebServer] ::ffff:127.0.0.1 - - [03/Sep/2026 16:18:38] "GET /docs/assets/js/geoportal-territories.js?v=0.10.49 HTTP/1.1" 200 -
[WebServer] ::ffff:127.0.0.1 - - [03/Sep/2026 16:18:38] "GET /docs/assets/js/geoportal-panels.js?v=0.10.49 HTTP/1.1" 200 -
[WebServer] ::ffff:127.0.0.1 - - [03/Sep/2026 16:18:38] "GET /docs/assets/js/geoportal-institutional.js?v=0.10.49 HTTP/1.1" 200 -
[WebServer] ::ffff:127.0.0.1 - - [03/Sep/2026 16:18:38] "GET /docs/assets/js/geoportal-tour.js?v=0.10.49 HTTP/1.1" 200 -
[WebServer] ::ffff:127.0.0.1 - - [03/Sep/2026 16:18:38] "GET /docs/assets/js/geoportal-catalogo.js?v=0.10.49 HTTP/1.1" 200 -
[WebServer] ::ffff:127.0.0.1 - - [03/Sep/2026 16:18:38] "GET /docs/assets/js/geoportal-app.js?v=0.10.49 HTTP/1.1" 200 -
[WebServer] ::ffff:127.0.0.1 - - [03/Sep/2026 16:18:38] "GET /docs/assets/img/redsa-isotipo-oficial.png HTTP/1.1" 200 -
[WebServer] ::ffff:127.0.0.1 - - [03/Sep/2026 16:18:38] "GET /docs/assets/img/loader-ecuador-contorno.svg HTTP/1.1" 200 -
[WebServer] ::ffff:127.0.0.1 - - [03/Sep/2026 16:18:38] "GET /docs/data/provincias_wgs84.geojson HTTP/1.1" 200 -
[WebServer] ::ffff:127.0.0.1 - - [03/Sep/2026 16:18:38] "GET /docs/data/cantones_indice.json HTTP/1.1" 200 -
[WebServer] ::ffff:127.0.0.1 - - [03/Sep/2026 16:18:39] "GET /docs/assets/img/loader-vias-principales.svg HTTP/1.1" 200 -
[WebServer] ::ffff:127.0.0.1 - - [03/Sep/2026 16:18:39] "GET /docs/data/cantones_indice.json HTTP/1.1" 200 -
[WebServer] ::ffff:127.0.0.1 - - [03/Sep/2026 16:18:39] "GET /docs/data/provincias_wgs84.geojson HTTP/1.1" 200 -
[WebServer] ::ffff:127.0.0.1 - - [03/Sep/2026 16:18:40] "GET /docs/data/parroquias_wgs84.geojson HTTP/1.1" 200 -
[WebServer] ::ffff:127.0.0.1 - - [03/Sep/2026 16:18:41] "GET /docs/assets/js/ant-layer-worker.js?v=0.10.49 HTTP/1.1" 200 -
[WebServer] ::ffff:127.0.0.1 - - [03/Sep/2026 16:18:41] "GET /docs/assets/js/vendor/supercluster.min.js HTTP/1.1" 200 -
[WebServer] ::ffff:127.0.0.1 - - [03/Sep/2026 16:18:41] "GET /docs/data/siniestros_ant_2025_heat.json?v=ant-public-2026-07-31-location-audit-v1 HTTP/1.1" 200 -
[WebServer] ::ffff:127.0.0.1 - - [03/Sep/2026 16:18:42] "GET /docs/data/siniestros_ant_2025.geojson?v=ant-public-2026-07-31-location-audit-v1 HTTP/1.1" 200 -
[WebServer] ::ffff:127.0.0.1 - - [03/Sep/2026 16:18:43] "GET /docs/data/cantones_wgs84.geojson HTTP/1.1" 200 -
[WebServer] ::ffff:127.0.0.1 - - [03/Sep/2026 16:18:43] "GET /docs/data/hotspots_cantonales.json HTTP/1.1" 200 -
[WebServer] ::ffff:127.0.0.1 - - [03/Sep/2026 16:18:44] "GET /docs/ HTTP/1.1" 200 -
[WebServer] ::ffff:127.0.0.1 - - [03/Sep/2026 16:18:44] "GET /docs/assets/css/driver.css HTTP/1.1" 200 -
[WebServer] ::ffff:127.0.0.1 - - [03/Sep/2026 16:18:44] "GET /docs/assets/css/geoportal-core.css?v=0.10.49 HTTP/1.1" 200 -
[WebServer] ::ffff:127.0.0.1 - - [03/Sep/2026 16:18:44] "GET /docs/assets/css/geoportal-experience.css?v=0.10.49 HTTP/1.1" 200 -
[WebServer] ::ffff:127.0.0.1 - - [03/Sep/2026 16:18:44] "GET /docs/assets/css/geoportal-mobile.css?v=0.10.49 HTTP/1.1" 200 -
[WebServer] ::ffff:127.0.0.1 - - [03/Sep/2026 16:18:44] "GET /docs/assets/js/vendor/leaflet-heat.js HTTP/1.1" 200 -
[WebServer] ::ffff:127.0.0.1 - - [03/Sep/2026 16:18:44] "GET /docs/assets/js/vendor/simple-statistics.min.js HTTP/1.1" 200 -
[WebServer] ::ffff:127.0.0.1 - - [03/Sep/2026 16:18:44] "GET /docs/assets/js/vendor/driver.min.js HTTP/1.1" 200 -
[WebServer] ::ffff:127.0.0.1 - - [03/Sep/2026 16:18:44] "GET /docs/assets/js/vendor/html2canvas.min.js HTTP/1.1" 200 -
[WebServer] ::ffff:127.0.0.1 - - [03/Sep/2026 16:18:44] "GET /docs/assets/js/vendor/jspdf.umd.min.js HTTP/1.1" 200 -
[WebServer] ::ffff:127.0.0.1 - - [03/Sep/2026 16:18:44] "GET /docs/assets/js/geoportal-classification.js?v=0.10.49 HTTP/1.1" 200 -
[WebServer] ::ffff:127.0.0.1 - - [03/Sep/2026 16:18:45] "GET /docs/assets/js/geoportal-registry.js?v=0.10.49 HTTP/1.1" 200 -
[WebServer] ::ffff:127.0.0.1 - - [03/Sep/2026 16:18:45] "GET /docs/assets/js/geoportal-overlay-state.js?v=0.10.49 HTTP/1.1" 200 -
[WebServer] ::ffff:127.0.0.1 - - [03/Sep/2026 16:18:45] "GET /docs/assets/js/geoportal-ant-layer.js?v=0.10.49 HTTP/1.1" 200 -
[WebServer] ::ffff:127.0.0.1 - - [03/Sep/2026 16:18:45] "GET /docs/assets/js/geoportal-experience.js?v=0.10.49 HTTP/1.1" 200 -
[WebServer] ::ffff:127.0.0.1 - - [03/Sep/2026 16:18:45] "GET /docs/assets/js/geoportal-state.js?v=0.10.49 HTTP/1.1" 200 -
[WebServer] ::ffff:127.0.0.1 - - [03/Sep/2026 16:18:45] "GET /docs/assets/js/geoportal-territories.js?v=0.10.49 HTTP/1.1" 200 -
[WebServer] ::ffff:127.0.0.1 - - [03/Sep/2026 16:18:45] "GET /docs/assets/js/geoportal-panels.js?v=0.10.49 HTTP/1.1" 200 -
[WebServer] ::ffff:127.0.0.1 - - [03/Sep/2026 16:18:45] "GET /docs/assets/js/geoportal-institutional.js?v=0.10.49 HTTP/1.1" 200 -
[WebServer] ::ffff:127.0.0.1 - - [03/Sep/2026 16:18:45] "GET /docs/assets/js/geoportal-tour.js?v=0.10.49 HTTP/1.1" 200 -
[WebServer] ::ffff:127.0.0.1 - - [03/Sep/2026 16:18:45] "GET /docs/assets/js/geoportal-catalogo.js?v=0.10.49 HTTP/1.1" 200 -
[WebServer] ::ffff:127.0.0.1 - - [03/Sep/2026 16:18:45] "GET /docs/assets/js/geoportal-app.js?v=0.10.49 HTTP/1.1" 200 -
[WebServer] ::ffff:127.0.0.1 - - [03/Sep/2026 16:18:45] "GET /docs/assets/img/redsa-isotipo-oficial.png HTTP/1.1" 200 -
[WebServer] ::ffff:127.0.0.1 - - [03/Sep/2026 16:18:45] "GET /docs/assets/img/loader-ecuador-contorno.svg HTTP/1.1" 200 -
[WebServer] ::ffff:127.0.0.1 - - [03/Sep/2026 16:18:45] "GET /docs/assets/img/loader-vias-principales.svg HTTP/1.1" 200 -
[WebServer] ::ffff:127.0.0.1 - - [03/Sep/2026 16:18:45] "GET /docs/index.html HTTP/1.1" 200 -
[WebServer] ::ffff:127.0.0.1 - - [03/Sep/2026 16:18:45] "GET /docs/assets/css/driver.css HTTP/1.1" 200 -
[WebServer] ::ffff:127.0.0.1 - - [03/Sep/2026 16:18:45] "GET /docs/assets/css/geoportal-core.css?v=0.10.49 HTTP/1.1" 200 -
[WebServer] ::ffff:127.0.0.1 - - [03/Sep/2026 16:18:45] "GET /docs/assets/css/geoportal-experience.css?v=0.10.49 HTTP/1.1" 200 -
[WebServer] ::ffff:127.0.0.1 - - [03/Sep/2026 16:18:45] "GET /docs/assets/css/geoportal-mobile.css?v=0.10.49 HTTP/1.1" 200 -
[WebServer] ::ffff:127.0.0.1 - - [03/Sep/2026 16:18:45] "GET /docs/assets/js/vendor/leaflet-heat.js HTTP/1.1" 200 -
[WebServer] ::ffff:127.0.0.1 - - [03/Sep/2026 16:18:45] "GET /docs/data/provincias_wgs84.geojson HTTP/1.1" 200 -
[WebServer] ::ffff:127.0.0.1 - - [03/Sep/2026 16:18:45] "GET /docs/assets/js/vendor/simple-statistics.min.js HTTP/1.1" 200 -
[WebServer] ::ffff:127.0.0.1 - - [03/Sep/2026 16:18:46] "GET /docs/assets/js/vendor/driver.min.js HTTP/1.1" 200 -
[WebServer] ::ffff:127.0.0.1 - - [03/Sep/2026 16:18:46] "GET /docs/assets/js/vendor/html2canvas.min.js HTTP/1.1" 200 -
[WebServer] ::ffff:127.0.0.1 - - [03/Sep/2026 16:18:46] "GET /docs/assets/js/vendor/jspdf.umd.min.js HTTP/1.1" 200 -
[WebServer] ::ffff:127.0.0.1 - - [03/Sep/2026 16:18:46] "GET /docs/assets/js/geoportal-classification.js?v=0.10.49 HTTP/1.1" 200 -
[WebServer] ::ffff:127.0.0.1 - - [03/Sep/2026 16:18:46] "GET /docs/assets/js/geoportal-registry.js?v=0.10.49 HTTP/1.1" 200 -
[WebServer] ::ffff:127.0.0.1 - - [03/Sep/2026 16:18:46] "GET /docs/assets/js/geoportal-overlay-state.js?v=0.10.49 HTTP/1.1" 200 -
[WebServer] ::ffff:127.0.0.1 - - [03/Sep/2026 16:18:46] "GET /docs/assets/js/geoportal-ant-layer.js?v=0.10.49 HTTP/1.1" 200 -
[WebServer] ::ffff:127.0.0.1 - - [03/Sep/2026 16:18:46] "GET /docs/assets/js/geoportal-experience.js?v=0.10.49 HTTP/1.1" 200 -
[WebServer] ::ffff:127.0.0.1 - - [03/Sep/2026 16:18:46] "GET /docs/assets/js/geoportal-state.js?v=0.10.49 HTTP/1.1" 200 -
[WebServer] ::ffff:127.0.0.1 - - [03/Sep/2026 16:18:46] "GET /docs/assets/js/geoportal-territories.js?v=0.10.49 HTTP/1.1" 200 -
[WebServer] ::ffff:127.0.0.1 - - [03/Sep/2026 16:18:46] "GET /docs/assets/js/geoportal-panels.js?v=0.10.49 HTTP/1.1" 200 -
[WebServer] ::ffff:127.0.0.1 - - [03/Sep/2026 16:18:46] "GET /docs/assets/js/geoportal-institutional.js?v=0.10.49 HTTP/1.1" 200 -
[WebServer] ::ffff:127.0.0.1 - - [03/Sep/2026 16:18:46] "GET /docs/assets/js/geoportal-tour.js?v=0.10.49 HTTP/1.1" 200 -
[WebServer] ::ffff:127.0.0.1 - - [03/Sep/2026 16:18:46] "GET /docs/assets/img/redsa-isotipo-oficial.png HTTP/1.1" 200 -
[WebServer] ::ffff:127.0.0.1 - - [03/Sep/2026 16:18:46] "GET /docs/assets/js/geoportal-catalogo.js?v=0.10.49 HTTP/1.1" 200 -
[WebServer] ::ffff:127.0.0.1 - - [03/Sep/2026 16:18:46] "GET /docs/assets/js/geoportal-app.js?v=0.10.49 HTTP/1.1" 200 -
[WebServer] ::ffff:127.0.0.1 - - [03/Sep/2026 16:18:46] "GET /docs/assets/img/loader-ecuador-contorno.svg HTTP/1.1" 200 -
[WebServer] ::ffff:127.0.0.1 - - [03/Sep/2026 16:18:46] "GET /docs/assets/img/loader-vias-principales.svg HTTP/1.1" 200 -
[WebServer] ::ffff:127.0.0.1 - - [03/Sep/2026 16:18:47] "GET /docs/data/cantones_indice.json HTTP/1.1" 200 -
[WebServer] ::ffff:127.0.0.1 - - [03/Sep/2026 16:18:47] "GET /docs/data/cantones_indice.json HTTP/1.1" 200 -
[WebServer] ::ffff:127.0.0.1 - - [03/Sep/2026 16:18:47] "GET /docs/data/provincias_wgs84.geojson HTTP/1.1" 200 -
[WebServer] ::ffff:127.0.0.1 - - [03/Sep/2026 16:18:48] "GET /docs/data/cantones_wgs84.geojson HTTP/1.1" 200 -
[WebServer] ::ffff:127.0.0.1 - - [03/Sep/2026 16:18:48] "GET /docs/data/hotspots_cantonales.json HTTP/1.1" 200 -
[WebServer] ::ffff:127.0.0.1 - - [03/Sep/2026 16:18:48] "GET /docs/data/parroquias_wgs84.geojson HTTP/1.1" 200 -
[WebServer] ::ffff:127.0.0.1 - - [03/Sep/2026 16:18:49] "GET /docs/data/parroquias_wgs84.geojson HTTP/1.1" 200 -
[WebServer] ::ffff:127.0.0.1 - - [03/Sep/2026 16:18:51] "GET /docs/ HTTP/1.1" 200 -
[WebServer] ::ffff:127.0.0.1 - - [03/Sep/2026 16:18:51] "GET /docs/assets/css/driver.css HTTP/1.1" 200 -
[WebServer] ::ffff:127.0.0.1 - - [03/Sep/2026 16:18:51] "GET /docs/assets/css/geoportal-core.css?v=0.10.49 HTTP/1.1" 200 -
[WebServer] ::ffff:127.0.0.1 - - [03/Sep/2026 16:18:51] "GET /docs/assets/css/geoportal-experience.css?v=0.10.49 HTTP/1.1" 200 -
[WebServer] ::ffff:127.0.0.1 - - [03/Sep/2026 16:18:51] "GET /docs/assets/css/geoportal-mobile.css?v=0.10.49 HTTP/1.1" 200 -
[WebServer] ::ffff:127.0.0.1 - - [03/Sep/2026 16:18:51] "GET /docs/assets/js/vendor/leaflet-heat.js HTTP/1.1" 200 -
[WebServer] ::ffff:127.0.0.1 - - [03/Sep/2026 16:18:51] "GET /docs/assets/js/vendor/simple-statistics.min.js HTTP/1.1" 200 -
[WebServer] ::ffff:127.0.0.1 - - [03/Sep/2026 16:18:52] "GET /docs/assets/js/vendor/driver.min.js HTTP/1.1" 200 -
[WebServer] ::ffff:127.0.0.1 - - [03/Sep/2026 16:18:52] "GET /docs/assets/js/vendor/html2canvas.min.js HTTP/1.1" 200 -
[WebServer] ::ffff:127.0.0.1 - - [03/Sep/2026 16:18:52] "GET /docs/assets/js/vendor/jspdf.umd.min.js HTTP/1.1" 200 -
[WebServer] ::ffff:127.0.0.1 - - [03/Sep/2026 16:18:52] "GET /docs/assets/js/geoportal-classification.js?v=0.10.49 HTTP/1.1" 200 -
[WebServer] ::ffff:127.0.0.1 - - [03/Sep/2026 16:18:52] "GET /docs/assets/js/geoportal-registry.js?v=0.10.49 HTTP/1.1" 200 -
[WebServer] ::ffff:127.0.0.1 - - [03/Sep/2026 16:18:52] "GET /docs/assets/js/geoportal-overlay-state.js?v=0.10.49 HTTP/1.1" 200 -
[WebServer] ::ffff:127.0.0.1 - - [03/Sep/2026 16:18:52] "GET /docs/assets/js/geoportal-ant-layer.js?v=0.10.49 HTTP/1.1" 200 -
[WebServer] ::ffff:127.0.0.1 - - [03/Sep/2026 16:18:52] "GET /docs/assets/js/geoportal-experience.js?v=0.10.49 HTTP/1.1" 200 -
[WebServer] ::ffff:127.0.0.1 - - [03/Sep/2026 16:18:52] "GET /docs/assets/js/geoportal-state.js?v=0.10.49 HTTP/1.1" 200 -
[WebServer] ::ffff:127.0.0.1 - - [03/Sep/2026 16:18:52] "GET /docs/assets/js/geoportal-territories.js?v=0.10.49 HTTP/1.1" 200 -
[WebServer] ::ffff:127.0.0.1 - - [03/Sep/2026 16:18:52] "GET /docs/assets/js/geoportal-panels.js?v=0.10.49 HTTP/1.1" 200 -
[WebServer] ::ffff:127.0.0.1 - - [03/Sep/2026 16:18:52] "GET /docs/assets/js/geoportal-institutional.js?v=0.10.49 HTTP/1.1" 200 -
[WebServer] ::ffff:127.0.0.1 - - [03/Sep/2026 16:18:52] "GET /docs/assets/js/geoportal-tour.js?v=0.10.49 HTTP/1.1" 200 -
[WebServer] ::ffff:127.0.0.1 - - [03/Sep/2026 16:18:52] "GET /docs/assets/js/geoportal-catalogo.js?v=0.10.49 HTTP/1.1" 200 -
[WebServer] ::ffff:127.0.0.1 - - [03/Sep/2026 16:18:52] "GET /docs/assets/js/geoportal-app.js?v=0.10.49 HTTP/1.1" 200 -
[WebServer] ::ffff:127.0.0.1 - - [03/Sep/2026 16:18:53] "GET /docs/assets/img/redsa-isotipo-oficial.png HTTP/1.1" 200 -
[WebServer] ::ffff:127.0.0.1 - - [03/Sep/2026 16:18:53] "GET /docs/assets/img/loader-ecuador-contorno.svg HTTP/1.1" 200 -
[WebServer] ::ffff:127.0.0.1 - - [03/Sep/2026 16:18:53] "GET /docs/assets/img/loader-vias-principales.svg HTTP/1.1" 200 -
[WebServer] ::ffff:127.0.0.1 - - [03/Sep/2026 16:18:53] "GET /docs/data/provincias_wgs84.geojson HTTP/1.1" 200 -
[WebServer] ::ffff:127.0.0.1 - - [03/Sep/2026 16:18:53] "GET /docs/data/cantones_indice.json HTTP/1.1" 200 -
[WebServer] ::ffff:127.0.0.1 - - [03/Sep/2026 16:18:54] "GET /docs/ HTTP/1.1" 200 -
[WebServer] ::ffff:127.0.0.1 - - [03/Sep/2026 16:18:54] "GET /docs/assets/css/driver.css HTTP/1.1" 200 -
[WebServer] ::ffff:127.0.0.1 - - [03/Sep/2026 16:18:54] "GET /docs/assets/css/geoportal-core.css?v=0.10.49 HTTP/1.1" 200 -
[WebServer] ::ffff:127.0.0.1 - - [03/Sep/2026 16:18:54] "GET /docs/assets/css/geoportal-experience.css?v=0.10.49 HTTP/1.1" 200 -
[WebServer] ::ffff:127.0.0.1 - - [03/Sep/2026 16:18:54] "GET /docs/assets/css/geoportal-mobile.css?v=0.10.49 HTTP/1.1" 200 -
[WebServer] ::ffff:127.0.0.1 - - [03/Sep/2026 16:18:54] "GET /docs/assets/js/vendor/leaflet-heat.js HTTP/1.1" 200 -
[WebServer] ::ffff:127.0.0.1 - - [03/Sep/2026 16:18:54] "GET /docs/assets/js/vendor/simple-statistics.min.js HTTP/1.1" 200 -
[WebServer] ::ffff:127.0.0.1 - - [03/Sep/2026 16:18:54] "GET /docs/assets/js/vendor/driver.min.js HTTP/1.1" 200 -
[WebServer] ::ffff:127.0.0.1 - - [03/Sep/2026 16:18:54] "GET /docs/assets/js/vendor/html2canvas.min.js HTTP/1.1" 200 -
[WebServer] ::ffff:127.0.0.1 - - [03/Sep/2026 16:18:54] "GET /docs/assets/js/vendor/jspdf.umd.min.js HTTP/1.1" 200 -
[WebServer] ::ffff:127.0.0.1 - - [03/Sep/2026 16:18:54] "GET /docs/assets/js/geoportal-classification.js?v=0.10.49 HTTP/1.1" 200 -
[WebServer] ::ffff:127.0.0.1 - - [03/Sep/2026 16:18:54] "GET /docs/assets/js/geoportal-registry.js?v=0.10.49 HTTP/1.1" 200 -
[WebServer] ::ffff:127.0.0.1 - - [03/Sep/2026 16:18:54] "GET /docs/assets/js/geoportal-overlay-state.js?v=0.10.49 HTTP/1.1" 200 -
[WebServer] ::ffff:127.0.0.1 - - [03/Sep/2026 16:18:54] "GET /docs/assets/js/geoportal-ant-layer.js?v=0.10.49 HTTP/1.1" 200 -
[WebServer] ::ffff:127.0.0.1 - - [03/Sep/2026 16:18:54] "GET /docs/assets/js/geoportal-experience.js?v=0.10.49 HTTP/1.1" 200 -
[WebServer] ::ffff:127.0.0.1 - - [03/Sep/2026 16:18:54] "GET /docs/assets/js/geoportal-state.js?v=0.10.49 HTTP/1.1" 200 -
[WebServer] ::ffff:127.0.0.1 - - [03/Sep/2026 16:18:54] "GET /docs/assets/js/geoportal-territories.js?v=0.10.49 HTTP/1.1" 200 -
[WebServer] ::ffff:127.0.0.1 - - [03/Sep/2026 16:18:54] "GET /docs/assets/js/geoportal-panels.js?v=0.10.49 HTTP/1.1" 200 -
[WebServer] ::ffff:127.0.0.1 - - [03/Sep/2026 16:18:54] "GET /docs/assets/js/geoportal-institutional.js?v=0.10.49 HTTP/1.1" 200 -
[WebServer] ::ffff:127.0.0.1 - - [03/Sep/2026 16:18:55] "GET /docs/assets/js/geoportal-tour.js?v=0.10.49 HTTP/1.1" 200 -
[WebServer] ::ffff:127.0.0.1 - - [03/Sep/2026 16:18:55] "GET /docs/assets/js/geoportal-catalogo.js?v=0.10.49 HTTP/1.1" 200 -
[WebServer] ::ffff:127.0.0.1 - - [03/Sep/2026 16:18:55] "GET /docs/assets/js/geoportal-app.js?v=0.10.49 HTTP/1.1" 200 -
[WebServer] ::ffff:127.0.0.1 - - [03/Sep/2026 16:18:55] "GET /docs/assets/img/redsa-isotipo-oficial.png HTTP/1.1" 200 -
[WebServer] ::ffff:127.0.0.1 - - [03/Sep/2026 16:18:55] "GET /docs/assets/img/loader-ecuador-contorno.svg HTTP/1.1" 200 -
[WebServer] ::ffff:127.0.0.1 - - [03/Sep/2026 16:18:55] "GET /docs/assets/img/loader-vias-principales.svg HTTP/1.1" 200 -
[WebServer] ::ffff:127.0.0.1 - - [03/Sep/2026 16:18:55] "GET /docs/ HTTP/1.1" 200 -
[WebServer] ::ffff:127.0.0.1 - - [03/Sep/2026 16:18:56] "GET /docs/assets/css/driver.css HTTP/1.1" 200 -
[WebServer] ::ffff:127.0.0.1 - - [03/Sep/2026 16:18:56] "GET /docs/assets/css/geoportal-core.css?v=0.10.49 HTTP/1.1" 200 -
[WebServer] ::ffff:127.0.0.1 - - [03/Sep/2026 16:18:56] "GET /docs/assets/css/geoportal-experience.css?v=0.10.49 HTTP/1.1" 200 -
[WebServer] ::ffff:127.0.0.1 - - [03/Sep/2026 16:18:56] "GET /docs/assets/js/vendor/leaflet-heat.js HTTP/1.1" 200 -
[WebServer] ::ffff:127.0.0.1 - - [03/Sep/2026 16:18:56] "GET /docs/assets/css/geoportal-mobile.css?v=0.10.49 HTTP/1.1" 200 -
[WebServer] ::ffff:127.0.0.1 - - [03/Sep/2026 16:18:56] "GET /docs/assets/js/vendor/simple-statistics.min.js HTTP/1.1" 200 -
[WebServer] ::ffff:127.0.0.1 - - [03/Sep/2026 16:18:56] "GET /docs/data/provincias_wgs84.geojson HTTP/1.1" 200 -
[WebServer] ::ffff:127.0.0.1 - - [03/Sep/2026 16:18:56] "GET /docs/data/cantones_indice.json HTTP/1.1" 200 -
[WebServer] ::ffff:127.0.0.1 - - [03/Sep/2026 16:18:56] "GET /docs/assets/js/vendor/driver.min.js HTTP/1.1" 200 -
[WebServer] ::ffff:127.0.0.1 - - [03/Sep/2026 16:18:57] "GET /docs/assets/js/vendor/html2canvas.min.js HTTP/1.1" 200 -
[WebServer] ::ffff:127.0.0.1 - - [03/Sep/2026 16:18:57] "GET /docs/assets/img/redsa-isotipo-oficial.png HTTP/1.1" 200 -
[WebServer] ::ffff:127.0.0.1 - - [03/Sep/2026 16:18:57] "GET /docs/assets/js/geoportal-classification.js?v=0.10.49 HTTP/1.1" 200 -
[WebServer] ::ffff:127.0.0.1 - - [03/Sep/2026 16:18:57] "GET /docs/assets/js/vendor/jspdf.umd.min.js HTTP/1.1" 200 -
[WebServer] ::ffff:127.0.0.1 - - [03/Sep/2026 16:18:57] "GET /docs/data/cantones_wgs84.geojson HTTP/1.1" 200 -
[WebServer] ::ffff:127.0.0.1 - - [03/Sep/2026 16:18:57] "GET /docs/assets/js/geoportal-registry.js?v=0.10.49 HTTP/1.1" 200 -
[WebServer] ::ffff:127.0.0.1 - - [03/Sep/2026 16:18:58] "GET /docs/assets/js/geoportal-overlay-state.js?v=0.10.49 HTTP/1.1" 200 -
[WebServer] ::ffff:127.0.0.1 - - [03/Sep/2026 16:18:58] "GET /docs/assets/js/geoportal-ant-layer.js?v=0.10.49 HTTP/1.1" 200 -
[WebServer] ::ffff:127.0.0.1 - - [03/Sep/2026 16:18:58] "GET /docs/assets/js/geoportal-experience.js?v=0.10.49 HTTP/1.1" 200 -
[WebServer] ::ffff:127.0.0.1 - - [03/Sep/2026 16:18:59] "GET /docs/assets/js/geoportal-state.js?v=0.10.49 HTTP/1.1" 200 -
[WebServer] ::ffff:127.0.0.1 - - [03/Sep/2026 16:18:59] "GET /docs/assets/js/geoportal-territories.js?v=0.10.49 HTTP/1.1" 200 -
[WebServer] ::ffff:127.0.0.1 - - [03/Sep/2026 16:18:59] "GET /docs/assets/js/geoportal-panels.js?v=0.10.49 HTTP/1.1" 200 -
[WebServer] ::ffff:127.0.0.1 - - [03/Sep/2026 16:18:59] "GET /docs/assets/js/geoportal-institutional.js?v=0.10.49 HTTP/1.1" 200 -
[WebServer] ::ffff:127.0.0.1 - - [03/Sep/2026 16:18:59] "GET /docs/assets/js/geoportal-tour.js?v=0.10.49 HTTP/1.1" 200 -
[WebServer] ::ffff:127.0.0.1 - - [03/Sep/2026 16:18:59] "GET /docs/assets/js/geoportal-catalogo.js?v=0.10.49 HTTP/1.1" 200 -
[WebServer] ::ffff:127.0.0.1 - - [03/Sep/2026 16:18:59] "GET /docs/assets/js/geoportal-app.js?v=0.10.49 HTTP/1.1" 200 -
[WebServer] ::ffff:127.0.0.1 - - [03/Sep/2026 16:18:59] "GET /docs/assets/img/loader-ecuador-contorno.svg HTTP/1.1" 200 -
[WebServer] ::ffff:127.0.0.1 - - [03/Sep/2026 16:18:59] "GET /docs/data/hotspots_cantonales.json HTTP/1.1" 200 -
[WebServer] ::ffff:127.0.0.1 - - [03/Sep/2026 16:18:59] "GET /docs/data/provincias_wgs84.geojson HTTP/1.1" 200 -
[WebServer] ::ffff:127.0.0.1 - - [03/Sep/2026 16:18:59] "GET /docs/data/cantones_indice.json HTTP/1.1" 200 -
[WebServer] ::ffff:127.0.0.1 - - [03/Sep/2026 16:18:59] "GET /docs/assets/img/loader-vias-principales.svg HTTP/1.1" 200 -
[WebServer] ::ffff:127.0.0.1 - - [03/Sep/2026 16:19:00] "GET /docs/data/parroquias_wgs84.geojson HTTP/1.1" 200 -
[WebServer] ::ffff:127.0.0.1 - - [03/Sep/2026 16:19:01] "GET /docs/ HTTP/1.1" 200 -
[WebServer] ::ffff:127.0.0.1 - - [03/Sep/2026 16:19:01] "GET /docs/assets/css/driver.css HTTP/1.1" 200 -
[WebServer] ::ffff:127.0.0.1 - - [03/Sep/2026 16:19:01] "GET /docs/assets/css/geoportal-core.css?v=0.10.49 HTTP/1.1" 200 -
[WebServer] ::ffff:127.0.0.1 - - [03/Sep/2026 16:19:01] "GET /docs/assets/css/geoportal-experience.css?v=0.10.49 HTTP/1.1" 200 -
[WebServer] ::ffff:127.0.0.1 - - [03/Sep/2026 16:19:01] "GET /docs/assets/css/geoportal-mobile.css?v=0.10.49 HTTP/1.1" 200 -
[WebServer] ::ffff:127.0.0.1 - - [03/Sep/2026 16:19:01] "GET /docs/assets/js/vendor/leaflet-heat.js HTTP/1.1" 200 -
[WebServer] ::ffff:127.0.0.1 - - [03/Sep/2026 16:19:01] "GET /docs/assets/js/vendor/simple-statistics.min.js HTTP/1.1" 200 -
[WebServer] ::ffff:127.0.0.1 - - [03/Sep/2026 16:19:01] "GET /docs/assets/js/vendor/driver.min.js HTTP/1.1" 200 -
[WebServer] ::ffff:127.0.0.1 - - [03/Sep/2026 16:19:01] "GET /docs/assets/js/vendor/html2canvas.min.js HTTP/1.1" 200 -
[WebServer] ::ffff:127.0.0.1 - - [03/Sep/2026 16:19:01] "GET /docs/assets/js/vendor/jspdf.umd.min.js HTTP/1.1" 200 -
[WebServer] ::ffff:127.0.0.1 - - [03/Sep/2026 16:19:01] "GET /docs/assets/js/geoportal-classification.js?v=0.10.49 HTTP/1.1" 200 -
[WebServer] ::ffff:127.0.0.1 - - [03/Sep/2026 16:19:01] "GET /docs/assets/js/geoportal-registry.js?v=0.10.49 HTTP/1.1" 200 -
[WebServer] ::ffff:127.0.0.1 - - [03/Sep/2026 16:19:01] "GET /docs/assets/js/geoportal-overlay-state.js?v=0.10.49 HTTP/1.1" 200 -
[WebServer] ::ffff:127.0.0.1 - - [03/Sep/2026 16:19:01] "GET /docs/assets/js/geoportal-ant-layer.js?v=0.10.49 HTTP/1.1" 200 -
[WebServer] ::ffff:127.0.0.1 - - [03/Sep/2026 16:19:01] "GET /docs/assets/js/geoportal-experience.js?v=0.10.49 HTTP/1.1" 200 -
[WebServer] ::ffff:127.0.0.1 - - [03/Sep/2026 16:19:01] "GET /docs/assets/img/redsa-isotipo-oficial.png HTTP/1.1" 200 -
[WebServer] ::ffff:127.0.0.1 - - [03/Sep/2026 16:19:01] "GET /docs/assets/js/geoportal-state.js?v=0.10.49 HTTP/1.1" 200 -
[WebServer] ::ffff:127.0.0.1 - - [03/Sep/2026 16:19:01] "GET /docs/assets/js/geoportal-territories.js?v=0.10.49 HTTP/1.1" 200 -
[WebServer] ::ffff:127.0.0.1 - - [03/Sep/2026 16:19:01] "GET /docs/assets/js/geoportal-institutional.js?v=0.10.49 HTTP/1.1" 200 -
[WebServer] ::ffff:127.0.0.1 - - [03/Sep/2026 16:19:01] "GET /docs/assets/js/geoportal-panels.js?v=0.10.49 HTTP/1.1" 200 -
[WebServer] ::ffff:127.0.0.1 - - [03/Sep/2026 16:19:01] "GET /docs/assets/js/geoportal-catalogo.js?v=0.10.49 HTTP/1.1" 200 -
[WebServer] ::ffff:127.0.0.1 - - [03/Sep/2026 16:19:01] "GET /docs/assets/js/geoportal-tour.js?v=0.10.49 HTTP/1.1" 200 -
[WebServer] ::ffff:127.0.0.1 - - [03/Sep/2026 16:19:01] "GET /docs/assets/js/geoportal-app.js?v=0.10.49 HTTP/1.1" 200 -
[WebServer] ::ffff:127.0.0.1 - - [03/Sep/2026 16:19:01] "GET /docs/assets/img/loader-ecuador-contorno.svg HTTP/1.1" 200 -
[WebServer] ::ffff:127.0.0.1 - - [03/Sep/2026 16:19:02] "GET /docs/data/provincias_wgs84.geojson HTTP/1.1" 200 -
[WebServer] ::ffff:127.0.0.1 - - [03/Sep/2026 16:19:02] "GET /docs/data/cantones_indice.json HTTP/1.1" 200 -
[WebServer] ::ffff:127.0.0.1 - - [03/Sep/2026 16:19:02] "GET /docs/assets/img/loader-vias-principales.svg HTTP/1.1" 200 -
[WebServer] ::ffff:127.0.0.1 - - [03/Sep/2026 16:19:03] "GET /docs/ HTTP/1.1" 200 -
[WebServer] ::ffff:127.0.0.1 - - [03/Sep/2026 16:19:03] "GET /docs/assets/css/driver.css HTTP/1.1" 200 -
[WebServer] ::ffff:127.0.0.1 - - [03/Sep/2026 16:19:03] "GET /docs/assets/css/geoportal-core.css?v=0.10.49 HTTP/1.1" 200 -
[WebServer] ::ffff:127.0.0.1 - - [03/Sep/2026 16:19:03] "GET /docs/assets/css/geoportal-experience.css?v=0.10.49 HTTP/1.1" 200 -
[WebServer] ::ffff:127.0.0.1 - - [03/Sep/2026 16:19:03] "GET /docs/assets/css/geoportal-mobile.css?v=0.10.49 HTTP/1.1" 200 -
[WebServer] ::ffff:127.0.0.1 - - [03/Sep/2026 16:19:03] "GET /docs/assets/js/vendor/leaflet-heat.js HTTP/1.1" 200 -
[WebServer] ::ffff:127.0.0.1 - - [03/Sep/2026 16:19:03] "GET /docs/assets/js/vendor/simple-statistics.min.js HTTP/1.1" 200 -
[WebServer] ::ffff:127.0.0.1 - - [03/Sep/2026 16:19:03] "GET /docs/assets/js/vendor/driver.min.js HTTP/1.1" 200 -
[WebServer] ::ffff:127.0.0.1 - - [03/Sep/2026 16:19:03] "GET /docs/assets/js/vendor/html2canvas.min.js HTTP/1.1" 200 -
[WebServer] ::ffff:127.0.0.1 - - [03/Sep/2026 16:19:03] "GET /docs/assets/js/vendor/jspdf.umd.min.js HTTP/1.1" 200 -
[WebServer] ::ffff:127.0.0.1 - - [03/Sep/2026 16:19:03] "GET /docs/assets/js/geoportal-classification.js?v=0.10.49 HTTP/1.1" 200 -
[WebServer] ::ffff:127.0.0.1 - - [03/Sep/2026 16:19:03] "GET /docs/assets/js/geoportal-registry.js?v=0.10.49 HTTP/1.1" 200 -
[WebServer] ::ffff:127.0.0.1 - - [03/Sep/2026 16:19:03] "GET /docs/assets/js/geoportal-overlay-state.js?v=0.10.49 HTTP/1.1" 200 -
[WebServer] ::ffff:127.0.0.1 - - [03/Sep/2026 16:19:03] "GET /docs/assets/js/geoportal-ant-layer.js?v=0.10.49 HTTP/1.1" 200 -
[WebServer] ::ffff:127.0.0.1 - - [03/Sep/2026 16:19:03] "GET /docs/assets/js/geoportal-experience.js?v=0.10.49 HTTP/1.1" 200 -
[WebServer] ::ffff:127.0.0.1 - - [03/Sep/2026 16:19:03] "GET /docs/assets/js/geoportal-state.js?v=0.10.49 HTTP/1.1" 200 -
[WebServer] ::ffff:127.0.0.1 - - [03/Sep/2026 16:19:03] "GET /docs/assets/js/geoportal-territories.js?v=0.10.49 HTTP/1.1" 200 -
[WebServer] ::ffff:127.0.0.1 - - [03/Sep/2026 16:19:03] "GET /docs/assets/js/geoportal-panels.js?v=0.10.49 HTTP/1.1" 200 -
[WebServer] ::ffff:127.0.0.1 - - [03/Sep/2026 16:19:03] "GET /docs/assets/js/geoportal-tour.js?v=0.10.49 HTTP/1.1" 200 -
[WebServer] ::ffff:127.0.0.1 - - [03/Sep/2026 16:19:03] "GET /docs/assets/js/geoportal-institutional.js?v=0.10.49 HTTP/1.1" 200 -
[WebServer] ::ffff:127.0.0.1 - - [03/Sep/2026 16:19:03] "GET /docs/assets/js/geoportal-catalogo.js?v=0.10.49 HTTP/1.1" 200 -
[WebServer] ::ffff:127.0.0.1 - - [03/Sep/2026 16:19:03] "GET /docs/assets/js/geoportal-app.js?v=0.10.49 HTTP/1.1" 200 -
[WebServer] ::ffff:127.0.0.1 - - [03/Sep/2026 16:19:03] "GET /docs/assets/img/redsa-isotipo-oficial.png HTTP/1.1" 200 -
[WebServer] ::ffff:127.0.0.1 - - [03/Sep/2026 16:19:03] "GET /docs/assets/img/loader-ecuador-contorno.svg HTTP/1.1" 200 -
[WebServer] ::ffff:127.0.0.1 - - [03/Sep/2026 16:19:03] "GET /docs/assets/img/loader-vias-principales.svg HTTP/1.1" 200 -
[WebServer] ::ffff:127.0.0.1 - - [03/Sep/2026 16:19:03] "GET /docs/data/provincias_wgs84.geojson HTTP/1.1" 200 -
[WebServer] ::ffff:127.0.0.1 - - [03/Sep/2026 16:19:03] "GET /docs/data/cantones_indice.json HTTP/1.1" 200 -
[WebServer] ::ffff:127.0.0.1 - - [03/Sep/2026 16:19:05] "GET /docs/data/parroquias_wgs84.geojson HTTP/1.1" 200 -
[WebServer] ::ffff:127.0.0.1 - - [03/Sep/2026 16:19:09] "GET /docs/data/cantones_wgs84.geojson HTTP/1.1" 200 -
[WebServer] ::ffff:127.0.0.1 - - [03/Sep/2026 16:19:09] "GET /docs/data/hotspots_cantonales.json HTTP/1.1" 200 -
[WebServer] ::ffff:127.0.0.1 - - [03/Sep/2026 16:19:12] "GET /docs/ HTTP/1.1" 200 -
[WebServer] ::ffff:127.0.0.1 - - [03/Sep/2026 16:19:12] "GET /docs/assets/css/driver.css HTTP/1.1" 200 -
[WebServer] ::ffff:127.0.0.1 - - [03/Sep/2026 16:19:12] "GET /docs/assets/css/geoportal-core.css?v=0.10.49 HTTP/1.1" 200 -
[WebServer] ::ffff:127.0.0.1 - - [03/Sep/2026 16:19:12] "GET /docs/assets/css/geoportal-experience.css?v=0.10.49 HTTP/1.1" 200 -
[WebServer] ::ffff:127.0.0.1 - - [03/Sep/2026 16:19:12] "GET /docs/assets/css/geoportal-mobile.css?v=0.10.49 HTTP/1.1" 200 -
[WebServer] ::ffff:127.0.0.1 - - [03/Sep/2026 16:19:12] "GET /docs/assets/js/vendor/leaflet-heat.js HTTP/1.1" 200 -
[WebServer] ::ffff:127.0.0.1 - - [03/Sep/2026 16:19:12] "GET /docs/ HTTP/1.1" 200 -
[WebServer] ::ffff:127.0.0.1 - - [03/Sep/2026 16:19:12] "GET /docs/assets/js/vendor/simple-statistics.min.js HTTP/1.1" 200 -
[WebServer] ::ffff:127.0.0.1 - - [03/Sep/2026 16:19:12] "GET /docs/assets/css/driver.css HTTP/1.1" 200 -
[WebServer] ::ffff:127.0.0.1 - - [03/Sep/2026 16:19:12] "GET /docs/assets/css/geoportal-core.css?v=0.10.49 HTTP/1.1" 200 -
[WebServer] ::ffff:127.0.0.1 - - [03/Sep/2026 16:19:12] "GET /docs/assets/css/geoportal-experience.css?v=0.10.49 HTTP/1.1" 200 -
[WebServer] ::ffff:127.0.0.1 - - [03/Sep/2026 16:19:12] "GET /docs/assets/css/geoportal-mobile.css?v=0.10.49 HTTP/1.1" 200 -
[WebServer] ::ffff:127.0.0.1 - - [03/Sep/2026 16:19:12] "GET /docs/assets/js/vendor/leaflet-heat.js HTTP/1.1" 200 -
[WebServer] ::ffff:127.0.0.1 - - [03/Sep/2026 16:19:12] "GET /docs/assets/js/vendor/driver.min.js HTTP/1.1" 200 -
[WebServer] ::ffff:127.0.0.1 - - [03/Sep/2026 16:19:12] "GET /docs/assets/js/vendor/simple-statistics.min.js HTTP/1.1" 200 -
[WebServer] ::ffff:127.0.0.1 - - [03/Sep/2026 16:19:12] "GET /docs/assets/js/vendor/html2canvas.min.js HTTP/1.1" 200 -
[WebServer] ::ffff:127.0.0.1 - - [03/Sep/2026 16:19:12] "GET /docs/assets/js/vendor/driver.min.js HTTP/1.1" 200 -
[WebServer] ::ffff:127.0.0.1 - - [03/Sep/2026 16:19:12] "GET /docs/assets/js/vendor/html2canvas.min.js HTTP/1.1" 200 -
[WebServer] ::ffff:127.0.0.1 - - [03/Sep/2026 16:19:12] "GET /docs/assets/js/vendor/jspdf.umd.min.js HTTP/1.1" 200 -
[WebServer] ::ffff:127.0.0.1 - - [03/Sep/2026 16:19:12] "GET /docs/assets/js/vendor/jspdf.umd.min.js HTTP/1.1" 200 -
[WebServer] ::ffff:127.0.0.1 - - [03/Sep/2026 16:19:12] "GET /docs/assets/js/geoportal-classification.js?v=0.10.49 HTTP/1.1" 200 -
[WebServer] ::ffff:127.0.0.1 - - [03/Sep/2026 16:19:12] "GET /docs/assets/js/geoportal-classification.js?v=0.10.49 HTTP/1.1" 200 -
[WebServer] ::ffff:127.0.0.1 - - [03/Sep/2026 16:19:12] "GET /docs/assets/js/geoportal-registry.js?v=0.10.49 HTTP/1.1" 200 -
[WebServer] ::ffff:127.0.0.1 - - [03/Sep/2026 16:19:12] "GET /docs/assets/js/geoportal-overlay-state.js?v=0.10.49 HTTP/1.1" 200 -
[WebServer] ::ffff:127.0.0.1 - - [03/Sep/2026 16:19:12] "GET /docs/assets/js/geoportal-ant-layer.js?v=0.10.49 HTTP/1.1" 200 -
[WebServer] ::ffff:127.0.0.1 - - [03/Sep/2026 16:19:12] "GET /docs/assets/js/geoportal-experience.js?v=0.10.49 HTTP/1.1" 200 -
[WebServer] ::ffff:127.0.0.1 - - [03/Sep/2026 16:19:12] "GET /docs/assets/js/geoportal-state.js?v=0.10.49 HTTP/1.1" 200 -
[WebServer] ::ffff:127.0.0.1 - - [03/Sep/2026 16:19:12] "GET /docs/assets/js/geoportal-registry.js?v=0.10.49 HTTP/1.1" 200 -
[WebServer] ::ffff:127.0.0.1 - - [03/Sep/2026 16:19:12] "GET /docs/assets/js/geoportal-territories.js?v=0.10.49 HTTP/1.1" 200 -
[WebServer] ::ffff:127.0.0.1 - - [03/Sep/2026 16:19:12] "GET /docs/assets/js/geoportal-overlay-state.js?v=0.10.49 HTTP/1.1" 200 -
[WebServer] ::ffff:127.0.0.1 - - [03/Sep/2026 16:19:12] "GET /docs/assets/js/geoportal-panels.js?v=0.10.49 HTTP/1.1" 200 -
[WebServer] ::ffff:127.0.0.1 - - [03/Sep/2026 16:19:12] "GET /docs/assets/js/geoportal-institutional.js?v=0.10.49 HTTP/1.1" 200 -
[WebServer] ::ffff:127.0.0.1 - - [03/Sep/2026 16:19:12] "GET /docs/assets/js/geoportal-tour.js?v=0.10.49 HTTP/1.1" 200 -
[WebServer] ::ffff:127.0.0.1 - - [03/Sep/2026 16:19:12] "GET /docs/assets/js/geoportal-catalogo.js?v=0.10.49 HTTP/1.1" 200 -
[WebServer] ::ffff:127.0.0.1 - - [03/Sep/2026 16:19:12] "GET /docs/assets/js/geoportal-ant-layer.js?v=0.10.49 HTTP/1.1" 200 -
[WebServer] ::ffff:127.0.0.1 - - [03/Sep/2026 16:19:12] "GET /docs/assets/js/geoportal-app.js?v=0.10.49 HTTP/1.1" 200 -
[WebServer] ::ffff:127.0.0.1 - - [03/Sep/2026 16:19:12] "GET /docs/assets/img/redsa-isotipo-oficial.png HTTP/1.1" 200 -
[WebServer] ::ffff:127.0.0.1 - - [03/Sep/2026 16:19:12] "GET /docs/assets/img/loader-ecuador-contorno.svg HTTP/1.1" 200 -
[WebServer] ::ffff:127.0.0.1 - - [03/Sep/2026 16:19:12] "GET /docs/assets/js/geoportal-experience.js?v=0.10.49 HTTP/1.1" 200 -
[WebServer] ::ffff:127.0.0.1 - - [03/Sep/2026 16:19:12] "GET /docs/assets/js/geoportal-state.js?v=0.10.49 HTTP/1.1" 200 -
[WebServer] ::ffff:127.0.0.1 - - [03/Sep/2026 16:19:12] "GET /docs/assets/js/geoportal-territories.js?v=0.10.49 HTTP/1.1" 200 -
[WebServer] ::ffff:127.0.0.1 - - [03/Sep/2026 16:19:13] "GET /docs/assets/js/geoportal-panels.js?v=0.10.49 HTTP/1.1" 200 -
[WebServer] ::ffff:127.0.0.1 - - [03/Sep/2026 16:19:13] "GET /docs/assets/js/geoportal-institutional.js?v=0.10.49 HTTP/1.1" 200 -
[WebServer] ::ffff:127.0.0.1 - - [03/Sep/2026 16:19:13] "GET /docs/assets/img/redsa-isotipo-oficial.png HTTP/1.1" 200 -
[WebServer] ::ffff:127.0.0.1 - - [03/Sep/2026 16:19:13] "GET /docs/assets/js/geoportal-app.js?v=0.10.49 HTTP/1.1" 200 -
[WebServer] ::ffff:127.0.0.1 - - [03/Sep/2026 16:19:13] "GET /docs/data/provincias_wgs84.geojson HTTP/1.1" 200 -
[WebServer] ::ffff:127.0.0.1 - - [03/Sep/2026 16:19:13] "GET /docs/assets/js/geoportal-catalogo.js?v=0.10.49 HTTP/1.1" 200 -
[WebServer] ::ffff:127.0.0.1 - - [03/Sep/2026 16:19:13] "GET /docs/assets/js/geoportal-tour.js?v=0.10.49 HTTP/1.1" 200 -
[WebServer] ::ffff:127.0.0.1 - - [03/Sep/2026 16:19:13] "GET /docs/data/cantones_indice.json HTTP/1.1" 200 -
[WebServer] ::ffff:127.0.0.1 - - [03/Sep/2026 16:19:13] "GET /docs/assets/img/loader-ecuador-contorno.svg HTTP/1.1" 200 -
[WebServer] ::ffff:127.0.0.1 - - [03/Sep/2026 16:19:13] "GET /docs/data/provincias_wgs84.geojson HTTP/1.1" 200 -
[WebServer] ::ffff:127.0.0.1 - - [03/Sep/2026 16:19:13] "GET /docs/data/cantones_indice.json HTTP/1.1" 200 -
[WebServer] ::ffff:127.0.0.1 - - [03/Sep/2026 16:19:13] "GET /docs/assets/img/loader-vias-principales.svg HTTP/1.1" 200 -
[WebServer] ::ffff:127.0.0.1 - - [03/Sep/2026 16:19:13] "GET /docs/assets/img/loader-vias-principales.svg HTTP/1.1" 200 -
[WebServer] ::ffff:127.0.0.1 - - [03/Sep/2026 16:19:15] "GET /docs/ HTTP/1.1" 200 -
[WebServer] ::ffff:127.0.0.1 - - [03/Sep/2026 16:19:15] "GET /docs/assets/css/driver.css HTTP/1.1" 200 -
[WebServer] ::ffff:127.0.0.1 - - [03/Sep/2026 16:19:15] "GET /docs/assets/css/geoportal-core.css?v=0.10.49 HTTP/1.1" 200 -
[WebServer] ::ffff:127.0.0.1 - - [03/Sep/2026 16:19:15] "GET /docs/assets/css/geoportal-experience.css?v=0.10.49 HTTP/1.1" 200 -
[WebServer] ::ffff:127.0.0.1 - - [03/Sep/2026 16:19:15] "GET /docs/assets/css/geoportal-mobile.css?v=0.10.49 HTTP/1.1" 200 -
[WebServer] ::ffff:127.0.0.1 - - [03/Sep/2026 16:19:15] "GET /docs/assets/js/vendor/leaflet-heat.js HTTP/1.1" 200 -
[WebServer] ::ffff:127.0.0.1 - - [03/Sep/2026 16:19:15] "GET /docs/assets/js/vendor/simple-statistics.min.js HTTP/1.1" 200 -
[WebServer] ::ffff:127.0.0.1 - - [03/Sep/2026 16:19:15] "GET /docs/assets/js/vendor/driver.min.js HTTP/1.1" 200 -
[WebServer] ::ffff:127.0.0.1 - - [03/Sep/2026 16:19:15] "GET /docs/assets/js/vendor/html2canvas.min.js HTTP/1.1" 200 -
[WebServer] ::ffff:127.0.0.1 - - [03/Sep/2026 16:19:15] "GET /docs/assets/js/vendor/jspdf.umd.min.js HTTP/1.1" 200 -
[WebServer] ::ffff:127.0.0.1 - - [03/Sep/2026 16:19:15] "GET /docs/assets/js/geoportal-classification.js?v=0.10.49 HTTP/1.1" 200 -
[WebServer] ::ffff:127.0.0.1 - - [03/Sep/2026 16:19:15] "GET /docs/assets/js/geoportal-registry.js?v=0.10.49 HTTP/1.1" 200 -
[WebServer] ::ffff:127.0.0.1 - - [03/Sep/2026 16:19:15] "GET /docs/assets/js/geoportal-overlay-state.js?v=0.10.49 HTTP/1.1" 200 -
[WebServer] ::ffff:127.0.0.1 - - [03/Sep/2026 16:19:15] "GET /docs/assets/js/geoportal-ant-layer.js?v=0.10.49 HTTP/1.1" 200 -
[WebServer] ::ffff:127.0.0.1 - - [03/Sep/2026 16:19:15] "GET /docs/assets/js/geoportal-experience.js?v=0.10.49 HTTP/1.1" 200 -
[WebServer] ::ffff:127.0.0.1 - - [03/Sep/2026 16:19:15] "GET /docs/assets/js/geoportal-state.js?v=0.10.49 HTTP/1.1" 200 -
[WebServer] ::ffff:127.0.0.1 - - [03/Sep/2026 16:19:15] "GET /docs/assets/js/geoportal-territories.js?v=0.10.49 HTTP/1.1" 200 -
[WebServer] ::ffff:127.0.0.1 - - [03/Sep/2026 16:19:15] "GET /docs/assets/js/geoportal-panels.js?v=0.10.49 HTTP/1.1" 200 -
[WebServer] ::ffff:127.0.0.1 - - [03/Sep/2026 16:19:15] "GET /docs/assets/js/geoportal-institutional.js?v=0.10.49 HTTP/1.1" 200 -
[WebServer] ::ffff:127.0.0.1 - - [03/Sep/2026 16:19:15] "GET /docs/assets/js/geoportal-tour.js?v=0.10.49 HTTP/1.1" 200 -
[WebServer] ::ffff:127.0.0.1 - - [03/Sep/2026 16:19:15] "GET /docs/assets/js/geoportal-catalogo.js?v=0.10.49 HTTP/1.1" 200 -
[WebServer] ::ffff:127.0.0.1 - - [03/Sep/2026 16:19:15] "GET /docs/assets/js/geoportal-app.js?v=0.10.49 HTTP/1.1" 200 -
[WebServer] ::ffff:127.0.0.1 - - [03/Sep/2026 16:19:15] "GET /docs/assets/img/redsa-isotipo-oficial.png HTTP/1.1" 200 -
[WebServer] ::ffff:127.0.0.1 - - [03/Sep/2026 16:19:15] "GET /docs/assets/img/loader-ecuador-contorno.svg HTTP/1.1" 200 -
[WebServer] ::ffff:127.0.0.1 - - [03/Sep/2026 16:19:15] "GET /docs/assets/img/loader-vias-principales.svg HTTP/1.1" 200 -
[WebServer] ::ffff:127.0.0.1 - - [03/Sep/2026 16:19:16] "GET /docs/data/provincias_wgs84.geojson HTTP/1.1" 200 -
[WebServer] ::ffff:127.0.0.1 - - [03/Sep/2026 16:19:16] "GET /docs/data/cantones_indice.json HTTP/1.1" 200 -
[WebServer] ::ffff:127.0.0.1 - - [03/Sep/2026 16:19:18] "GET /docs/data/catalogo_metadatos.json HTTP/1.1" 200 -
[WebServer] ::ffff:127.0.0.1 - - [03/Sep/2026 16:19:19] "GET /docs/data/provincias_wgs84.geojson HTTP/1.1" 200 -
[WebServer] ::ffff:127.0.0.1 - - [03/Sep/2026 16:19:22] "GET /docs/ HTTP/1.1" 200 -
[WebServer] ::ffff:127.0.0.1 - - [03/Sep/2026 16:19:22] "GET /docs/assets/css/driver.css HTTP/1.1" 200 -
[WebServer] ::ffff:127.0.0.1 - - [03/Sep/2026 16:19:22] "GET /docs/assets/css/geoportal-core.css?v=0.10.49 HTTP/1.1" 200 -
[WebServer] ::ffff:127.0.0.1 - - [03/Sep/2026 16:19:22] "GET /docs/assets/css/geoportal-experience.css?v=0.10.49 HTTP/1.1" 200 -
[WebServer] ::ffff:127.0.0.1 - - [03/Sep/2026 16:19:22] "GET /docs/assets/css/geoportal-mobile.css?v=0.10.49 HTTP/1.1" 200 -
[WebServer] ::ffff:127.0.0.1 - - [03/Sep/2026 16:19:22] "GET /docs/assets/js/vendor/leaflet-heat.js HTTP/1.1" 200 -
[WebServer] ::ffff:127.0.0.1 - - [03/Sep/2026 16:19:22] "GET /docs/assets/js/vendor/simple-statistics.min.js HTTP/1.1" 200 -
[WebServer] ::ffff:127.0.0.1 - - [03/Sep/2026 16:19:22] "GET /docs/assets/js/vendor/driver.min.js HTTP/1.1" 200 -
[WebServer] ::ffff:127.0.0.1 - - [03/Sep/2026 16:19:22] "GET /docs/assets/js/vendor/html2canvas.min.js HTTP/1.1" 200 -
[WebServer] ::ffff:127.0.0.1 - - [03/Sep/2026 16:19:22] "GET /docs/assets/js/vendor/jspdf.umd.min.js HTTP/1.1" 200 -
[WebServer] ::ffff:127.0.0.1 - - [03/Sep/2026 16:19:22] "GET /docs/assets/js/geoportal-classification.js?v=0.10.49 HTTP/1.1" 200 -
[WebServer] ::ffff:127.0.0.1 - - [03/Sep/2026 16:19:22] "GET /docs/assets/js/geoportal-registry.js?v=0.10.49 HTTP/1.1" 200 -
[WebServer] ::ffff:127.0.0.1 - - [03/Sep/2026 16:19:22] "GET /docs/assets/js/geoportal-overlay-state.js?v=0.10.49 HTTP/1.1" 200 -
[WebServer] ::ffff:127.0.0.1 - - [03/Sep/2026 16:19:22] "GET /docs/assets/js/geoportal-ant-layer.js?v=0.10.49 HTTP/1.1" 200 -
[WebServer] ::ffff:127.0.0.1 - - [03/Sep/2026 16:19:22] "GET /docs/assets/js/geoportal-experience.js?v=0.10.49 HTTP/1.1" 200 -
[WebServer] ::ffff:127.0.0.1 - - [03/Sep/2026 16:19:22] "GET /docs/assets/js/geoportal-state.js?v=0.10.49 HTTP/1.1" 200 -
[WebServer] ::ffff:127.0.0.1 - - [03/Sep/2026 16:19:22] "GET /docs/assets/js/geoportal-territories.js?v=0.10.49 HTTP/1.1" 200 -
[WebServer] ::ffff:127.0.0.1 - - [03/Sep/2026 16:19:22] "GET /docs/assets/js/geoportal-panels.js?v=0.10.49 HTTP/1.1" 200 -
[WebServer] ::ffff:127.0.0.1 - - [03/Sep/2026 16:19:22] "GET /docs/assets/js/geoportal-institutional.js?v=0.10.49 HTTP/1.1" 200 -
[WebServer] ::ffff:127.0.0.1 - - [03/Sep/2026 16:19:22] "GET /docs/assets/js/geoportal-tour.js?v=0.10.49 HTTP/1.1" 200 -
[WebServer] ::ffff:127.0.0.1 - - [03/Sep/2026 16:19:22] "GET /docs/assets/js/geoportal-catalogo.js?v=0.10.49 HTTP/1.1" 200 -
[WebServer] ::ffff:127.0.0.1 - - [03/Sep/2026 16:19:22] "GET /docs/assets/js/geoportal-app.js?v=0.10.49 HTTP/1.1" 200 -
[WebServer] ::ffff:127.0.0.1 - - [03/Sep/2026 16:19:23] "GET /docs/assets/img/redsa-isotipo-oficial.png HTTP/1.1" 200 -
[WebServer] ::ffff:127.0.0.1 - - [03/Sep/2026 16:19:23] "GET /docs/assets/img/loader-ecuador-contorno.svg HTTP/1.1" 200 -
[WebServer] ::ffff:127.0.0.1 - - [03/Sep/2026 16:19:23] "GET /docs/assets/img/loader-vias-principales.svg HTTP/1.1" 200 -
[WebServer] ::ffff:127.0.0.1 - - [03/Sep/2026 16:19:23] "GET /docs/ HTTP/1.1" 200 -
[WebServer] ::ffff:127.0.0.1 - - [03/Sep/2026 16:19:23] "GET /docs/assets/css/driver.css HTTP/1.1" 200 -
[WebServer] ::ffff:127.0.0.1 - - [03/Sep/2026 16:19:23] "GET /docs/assets/css/geoportal-core.css?v=0.10.49 HTTP/1.1" 200 -
[WebServer] ::ffff:127.0.0.1 - - [03/Sep/2026 16:19:23] "GET /docs/assets/css/geoportal-experience.css?v=0.10.49 HTTP/1.1" 200 -
[WebServer] ::ffff:127.0.0.1 - - [03/Sep/2026 16:19:23] "GET /docs/assets/css/geoportal-mobile.css?v=0.10.49 HTTP/1.1" 200 -
[WebServer] ::ffff:127.0.0.1 - - [03/Sep/2026 16:19:23] "GET /docs/assets/js/vendor/leaflet-heat.js HTTP/1.1" 200 -
[WebServer] ::ffff:127.0.0.1 - - [03/Sep/2026 16:19:23] "GET /docs/assets/js/vendor/simple-statistics.min.js HTTP/1.1" 200 -
[WebServer] ::ffff:127.0.0.1 - - [03/Sep/2026 16:19:23] "GET /docs/assets/js/vendor/driver.min.js HTTP/1.1" 200 -
[WebServer] ::ffff:127.0.0.1 - - [03/Sep/2026 16:19:23] "GET /docs/assets/js/vendor/html2canvas.min.js HTTP/1.1" 200 -
[WebServer] ::ffff:127.0.0.1 - - [03/Sep/2026 16:19:23] "GET /docs/assets/js/vendor/jspdf.umd.min.js HTTP/1.1" 200 -
[WebServer] ::ffff:127.0.0.1 - - [03/Sep/2026 16:19:23] "GET /docs/assets/js/geoportal-classification.js?v=0.10.49 HTTP/1.1" 200 -
[WebServer] ::ffff:127.0.0.1 - - [03/Sep/2026 16:19:23] "GET /docs/assets/js/geoportal-registry.js?v=0.10.49 HTTP/1.1" 200 -
[WebServer] ::ffff:127.0.0.1 - - [03/Sep/2026 16:19:23] "GET /docs/data/provincias_wgs84.geojson HTTP/1.1" 200 -
[WebServer] ::ffff:127.0.0.1 - - [03/Sep/2026 16:19:23] "GET /docs/data/cantones_indice.json HTTP/1.1" 200 -
[WebServer] ::ffff:127.0.0.1 - - [03/Sep/2026 16:19:23] "GET /docs/assets/js/geoportal-overlay-state.js?v=0.10.49 HTTP/1.1" 200 -
[WebServer] ::ffff:127.0.0.1 - - [03/Sep/2026 16:19:23] "GET /docs/assets/js/geoportal-ant-layer.js?v=0.10.49 HTTP/1.1" 200 -
[WebServer] ::ffff:127.0.0.1 - - [03/Sep/2026 16:19:23] "GET /docs/assets/js/geoportal-experience.js?v=0.10.49 HTTP/1.1" 200 -
[WebServer] ::ffff:127.0.0.1 - - [03/Sep/2026 16:19:23] "GET /docs/assets/js/geoportal-state.js?v=0.10.49 HTTP/1.1" 200 -
[WebServer] ::ffff:127.0.0.1 - - [03/Sep/2026 16:19:24] "GET /docs/assets/js/geoportal-territories.js?v=0.10.49 HTTP/1.1" 200 -
[WebServer] ::ffff:127.0.0.1 - - [03/Sep/2026 16:19:24] "GET /docs/assets/js/geoportal-panels.js?v=0.10.49 HTTP/1.1" 200 -
[WebServer] ::ffff:127.0.0.1 - - [03/Sep/2026 16:19:24] "GET /docs/assets/img/redsa-isotipo-oficial.png HTTP/1.1" 200 -
[WebServer] ::ffff:127.0.0.1 - - [03/Sep/2026 16:19:24] "GET /docs/assets/js/geoportal-institutional.js?v=0.10.49 HTTP/1.1" 200 -
[WebServer] ::ffff:127.0.0.1 - - [03/Sep/2026 16:19:24] "GET /docs/assets/js/geoportal-tour.js?v=0.10.49 HTTP/1.1" 200 -
[WebServer] ::ffff:127.0.0.1 - - [03/Sep/2026 16:19:24] "GET /docs/assets/js/geoportal-catalogo.js?v=0.10.49 HTTP/1.1" 200 -
[WebServer] ::ffff:127.0.0.1 - - [03/Sep/2026 16:19:24] "GET /docs/assets/js/geoportal-app.js?v=0.10.49 HTTP/1.1" 200 -
[WebServer] ::ffff:127.0.0.1 - - [03/Sep/2026 16:19:24] "GET /docs/assets/img/loader-vias-principales.svg HTTP/1.1" 200 -
[WebServer] ::ffff:127.0.0.1 - - [03/Sep/2026 16:19:24] "GET /docs/assets/img/loader-ecuador-contorno.svg HTTP/1.1" 200 -
[WebServer] ::ffff:127.0.0.1 - - [03/Sep/2026 16:19:24] "GET /docs/data/provincias_wgs84.geojson HTTP/1.1" 200 -
[WebServer] ::ffff:127.0.0.1 - - [03/Sep/2026 16:19:24] "GET /docs/data/cantones_indice.json HTTP/1.1" 200 -
[WebServer] ::ffff:127.0.0.1 - - [03/Sep/2026 16:19:25] "GET /docs/ HTTP/1.1" 200 -
[WebServer] ::ffff:127.0.0.1 - - [03/Sep/2026 16:19:25] "GET /docs/assets/css/driver.css HTTP/1.1" 200 -
[WebServer] ::ffff:127.0.0.1 - - [03/Sep/2026 16:19:25] "GET /docs/assets/css/geoportal-core.css?v=0.10.49 HTTP/1.1" 200 -
[WebServer] ::ffff:127.0.0.1 - - [03/Sep/2026 16:19:25] "GET /docs/assets/css/geoportal-experience.css?v=0.10.49 HTTP/1.1" 200 -
[WebServer] ::ffff:127.0.0.1 - - [03/Sep/2026 16:19:25] "GET /docs/assets/css/geoportal-mobile.css?v=0.10.49 HTTP/1.1" 200 -
[WebServer] ::ffff:127.0.0.1 - - [03/Sep/2026 16:19:25] "GET /docs/assets/js/vendor/leaflet-heat.js HTTP/1.1" 200 -
[WebServer] ::ffff:127.0.0.1 - - [03/Sep/2026 16:19:25] "GET /docs/assets/js/vendor/simple-statistics.min.js HTTP/1.1" 200 -
[WebServer] ::ffff:127.0.0.1 - - [03/Sep/2026 16:19:25] "GET /docs/assets/js/vendor/driver.min.js HTTP/1.1" 200 -
[WebServer] ::ffff:127.0.0.1 - - [03/Sep/2026 16:19:25] "GET /docs/assets/js/vendor/html2canvas.min.js HTTP/1.1" 200 -
[WebServer] ::ffff:127.0.0.1 - - [03/Sep/2026 16:19:25] "GET /docs/assets/js/vendor/jspdf.umd.min.js HTTP/1.1" 200 -
[WebServer] ::ffff:127.0.0.1 - - [03/Sep/2026 16:19:25] "GET /docs/assets/js/geoportal-classification.js?v=0.10.49 HTTP/1.1" 200 -
[WebServer] ::ffff:127.0.0.1 - - [03/Sep/2026 16:19:25] "GET /docs/assets/js/geoportal-registry.js?v=0.10.49 HTTP/1.1" 200 -
[WebServer] ::ffff:127.0.0.1 - - [03/Sep/2026 16:19:25] "GET /docs/assets/js/geoportal-overlay-state.js?v=0.10.49 HTTP/1.1" 200 -
[WebServer] ::ffff:127.0.0.1 - - [03/Sep/2026 16:19:25] "GET /docs/assets/js/geoportal-ant-layer.js?v=0.10.49 HTTP/1.1" 200 -
[WebServer] ::ffff:127.0.0.1 - - [03/Sep/2026 16:19:25] "GET /docs/assets/js/geoportal-experience.js?v=0.10.49 HTTP/1.1" 200 -
[WebServer] ::ffff:127.0.0.1 - - [03/Sep/2026 16:19:25] "GET /docs/assets/js/geoportal-state.js?v=0.10.49 HTTP/1.1" 200 -
[WebServer] ::ffff:127.0.0.1 - - [03/Sep/2026 16:19:25] "GET /docs/assets/js/geoportal-territories.js?v=0.10.49 HTTP/1.1" 200 -
[WebServer] ::ffff:127.0.0.1 - - [03/Sep/2026 16:19:25] "GET /docs/assets/js/geoportal-panels.js?v=0.10.49 HTTP/1.1" 200 -
[WebServer] ::ffff:127.0.0.1 - - [03/Sep/2026 16:19:25] "GET /docs/assets/js/geoportal-institutional.js?v=0.10.49 HTTP/1.1" 200 -
[WebServer] ::ffff:127.0.0.1 - - [03/Sep/2026 16:19:25] "GET /docs/assets/js/geoportal-tour.js?v=0.10.49 HTTP/1.1" 200 -
[WebServer] ::ffff:127.0.0.1 - - [03/Sep/2026 16:19:25] "GET /docs/assets/js/geoportal-catalogo.js?v=0.10.49 HTTP/1.1" 200 -
[WebServer] ::ffff:127.0.0.1 - - [03/Sep/2026 16:19:25] "GET /docs/assets/js/geoportal-app.js?v=0.10.49 HTTP/1.1" 200 -
[WebServer] ::ffff:127.0.0.1 - - [03/Sep/2026 16:19:25] "GET /docs/assets/img/redsa-isotipo-oficial.png HTTP/1.1" 200 -
[WebServer] ::ffff:127.0.0.1 - - [03/Sep/2026 16:19:25] "GET /docs/assets/img/loader-ecuador-contorno.svg HTTP/1.1" 200 -
[WebServer] ::ffff:127.0.0.1 - - [03/Sep/2026 16:19:25] "GET /docs/assets/img/loader-vias-principales.svg HTTP/1.1" 200 -
[WebServer] ::ffff:127.0.0.1 - - [03/Sep/2026 16:19:26] "GET /docs/data/provincias_wgs84.geojson HTTP/1.1" 200 -
[WebServer] ::ffff:127.0.0.1 - - [03/Sep/2026 16:19:26] "GET /docs/data/cantones_indice.json HTTP/1.1" 200 -
[WebServer] ::ffff:127.0.0.1 - - [03/Sep/2026 16:19:27] "GET /docs/ HTTP/1.1" 200 -
[WebServer] ::ffff:127.0.0.1 - - [03/Sep/2026 16:19:27] "GET /docs/assets/css/driver.css HTTP/1.1" 200 -
[WebServer] ::ffff:127.0.0.1 - - [03/Sep/2026 16:19:27] "GET /docs/assets/css/geoportal-core.css?v=0.10.49 HTTP/1.1" 200 -
[WebServer] ::ffff:127.0.0.1 - - [03/Sep/2026 16:19:27] "GET /docs/assets/css/geoportal-experience.css?v=0.10.49 HTTP/1.1" 200 -
[WebServer] ::ffff:127.0.0.1 - - [03/Sep/2026 16:19:27] "GET /docs/assets/css/geoportal-mobile.css?v=0.10.49 HTTP/1.1" 200 -
[WebServer] ::ffff:127.0.0.1 - - [03/Sep/2026 16:19:27] "GET /docs/assets/js/vendor/leaflet-heat.js HTTP/1.1" 200 -
[WebServer] ::ffff:127.0.0.1 - - [03/Sep/2026 16:19:27] "GET /docs/assets/js/vendor/simple-statistics.min.js HTTP/1.1" 200 -
[WebServer] ::ffff:127.0.0.1 - - [03/Sep/2026 16:19:27] "GET /docs/assets/js/vendor/driver.min.js HTTP/1.1" 200 -
[WebServer] ::ffff:127.0.0.1 - - [03/Sep/2026 16:19:27] "GET /docs/assets/js/vendor/html2canvas.min.js HTTP/1.1" 200 -
[WebServer] ::ffff:127.0.0.1 - - [03/Sep/2026 16:19:27] "GET /docs/assets/js/vendor/jspdf.umd.min.js HTTP/1.1" 200 -
[WebServer] ::ffff:127.0.0.1 - - [03/Sep/2026 16:19:27] "GET /docs/assets/js/geoportal-classification.js?v=0.10.49 HTTP/1.1" 200 -
[WebServer] ::ffff:127.0.0.1 - - [03/Sep/2026 16:19:27] "GET /docs/assets/js/geoportal-registry.js?v=0.10.49 HTTP/1.1" 200 -
[WebServer] ::ffff:127.0.0.1 - - [03/Sep/2026 16:19:27] "GET /docs/assets/js/geoportal-overlay-state.js?v=0.10.49 HTTP/1.1" 200 -
[WebServer] ::ffff:127.0.0.1 - - [03/Sep/2026 16:19:27] "GET /docs/assets/js/geoportal-ant-layer.js?v=0.10.49 HTTP/1.1" 200 -
[WebServer] ::ffff:127.0.0.1 - - [03/Sep/2026 16:19:27] "GET /docs/assets/js/geoportal-experience.js?v=0.10.49 HTTP/1.1" 200 -
[WebServer] ::ffff:127.0.0.1 - - [03/Sep/2026 16:19:27] "GET /docs/assets/js/geoportal-state.js?v=0.10.49 HTTP/1.1" 200 -
[WebServer] ::ffff:127.0.0.1 - - [03/Sep/2026 16:19:27] "GET /docs/assets/js/geoportal-territories.js?v=0.10.49 HTTP/1.1" 200 -
[WebServer] ::ffff:127.0.0.1 - - [03/Sep/2026 16:19:27] "GET /docs/assets/js/geoportal-panels.js?v=0.10.49 HTTP/1.1" 200 -
[WebServer] ::ffff:127.0.0.1 - - [03/Sep/2026 16:19:27] "GET /docs/assets/js/geoportal-institutional.js?v=0.10.49 HTTP/1.1" 200 -
[WebServer] ::ffff:127.0.0.1 - - [03/Sep/2026 16:19:27] "GET /docs/assets/js/geoportal-tour.js?v=0.10.49 HTTP/1.1" 200 -
[WebServer] ::ffff:127.0.0.1 - - [03/Sep/2026 16:19:27] "GET /docs/assets/js/geoportal-catalogo.js?v=0.10.49 HTTP/1.1" 200 -
[WebServer] ::ffff:127.0.0.1 - - [03/Sep/2026 16:19:27] "GET /docs/assets/js/geoportal-app.js?v=0.10.49 HTTP/1.1" 200 -
[WebServer] ::ffff:127.0.0.1 - - [03/Sep/2026 16:19:27] "GET /docs/assets/img/redsa-isotipo-oficial.png HTTP/1.1" 200 -
[WebServer] ::ffff:127.0.0.1 - - [03/Sep/2026 16:19:27] "GET /docs/assets/img/loader-ecuador-contorno.svg HTTP/1.1" 200 -
[WebServer] ::ffff:127.0.0.1 - - [03/Sep/2026 16:19:27] "GET /docs/assets/img/loader-vias-principales.svg HTTP/1.1" 200 -
[WebServer] ::ffff:127.0.0.1 - - [03/Sep/2026 16:19:28] "GET /docs/data/provincias_wgs84.geojson HTTP/1.1" 200 -
[WebServer] ::ffff:127.0.0.1 - - [03/Sep/2026 16:19:28] "GET /docs/data/cantones_indice.json HTTP/1.1" 200 -
[WebServer] ::ffff:127.0.0.1 - - [03/Sep/2026 16:19:28] "GET /docs/ HTTP/1.1" 200 -
[WebServer] ::ffff:127.0.0.1 - - [03/Sep/2026 16:19:28] "GET /docs/assets/css/driver.css HTTP/1.1" 200 -
[WebServer] ::ffff:127.0.0.1 - - [03/Sep/2026 16:19:28] "GET /docs/assets/css/geoportal-core.css?v=0.10.49 HTTP/1.1" 200 -
[WebServer] ::ffff:127.0.0.1 - - [03/Sep/2026 16:19:28] "GET /docs/assets/css/geoportal-experience.css?v=0.10.49 HTTP/1.1" 200 -
[WebServer] ::ffff:127.0.0.1 - - [03/Sep/2026 16:19:28] "GET /docs/assets/css/geoportal-mobile.css?v=0.10.49 HTTP/1.1" 200 -
[WebServer] ::ffff:127.0.0.1 - - [03/Sep/2026 16:19:28] "GET /docs/assets/js/vendor/leaflet-heat.js HTTP/1.1" 200 -
[WebServer] ::ffff:127.0.0.1 - - [03/Sep/2026 16:19:28] "GET /docs/assets/js/vendor/simple-statistics.min.js HTTP/1.1" 200 -
[WebServer] ::ffff:127.0.0.1 - - [03/Sep/2026 16:19:28] "GET /docs/assets/js/vendor/driver.min.js HTTP/1.1" 200 -
[WebServer] ::ffff:127.0.0.1 - - [03/Sep/2026 16:19:28] "GET /docs/assets/js/vendor/html2canvas.min.js HTTP/1.1" 200 -
[WebServer] ::ffff:127.0.0.1 - - [03/Sep/2026 16:19:28] "GET /docs/assets/js/vendor/jspdf.umd.min.js HTTP/1.1" 200 -
[WebServer] ::ffff:127.0.0.1 - - [03/Sep/2026 16:19:28] "GET /docs/assets/js/geoportal-classification.js?v=0.10.49 HTTP/1.1" 200 -
[WebServer] ::ffff:127.0.0.1 - - [03/Sep/2026 16:19:28] "GET /docs/assets/js/geoportal-registry.js?v=0.10.49 HTTP/1.1" 200 -
[WebServer] ::ffff:127.0.0.1 - - [03/Sep/2026 16:19:28] "GET /docs/assets/js/geoportal-overlay-state.js?v=0.10.49 HTTP/1.1" 200 -
[WebServer] ::ffff:127.0.0.1 - - [03/Sep/2026 16:19:28] "GET /docs/assets/js/geoportal-ant-layer.js?v=0.10.49 HTTP/1.1" 200 -
[WebServer] ::ffff:127.0.0.1 - - [03/Sep/2026 16:19:28] "GET /docs/assets/js/geoportal-experience.js?v=0.10.49 HTTP/1.1" 200 -
[WebServer] ::ffff:127.0.0.1 - - [03/Sep/2026 16:19:28] "GET /docs/assets/js/geoportal-state.js?v=0.10.49 HTTP/1.1" 200 -
[WebServer] ::ffff:127.0.0.1 - - [03/Sep/2026 16:19:28] "GET /docs/assets/js/geoportal-territories.js?v=0.10.49 HTTP/1.1" 200 -
[WebServer] ::ffff:127.0.0.1 - - [03/Sep/2026 16:19:28] "GET /docs/assets/js/geoportal-panels.js?v=0.10.49 HTTP/1.1" 200 -
[WebServer] ::ffff:127.0.0.1 - - [03/Sep/2026 16:19:28] "GET /docs/assets/js/geoportal-institutional.js?v=0.10.49 HTTP/1.1" 200 -
[WebServer] ::ffff:127.0.0.1 - - [03/Sep/2026 16:19:28] "GET /docs/assets/js/geoportal-tour.js?v=0.10.49 HTTP/1.1" 200 -
[WebServer] ::ffff:127.0.0.1 - - [03/Sep/2026 16:19:28] "GET /docs/assets/js/geoportal-catalogo.js?v=0.10.49 HTTP/1.1" 200 -
[WebServer] ::ffff:127.0.0.1 - - [03/Sep/2026 16:19:28] "GET /docs/assets/js/geoportal-app.js?v=0.10.49 HTTP/1.1" 200 -
[WebServer] ::ffff:127.0.0.1 - - [03/Sep/2026 16:19:28] "GET /docs/assets/img/redsa-isotipo-oficial.png HTTP/1.1" 200 -
[WebServer] ::ffff:127.0.0.1 - - [03/Sep/2026 16:19:28] "GET /docs/assets/img/loader-vias-principales.svg HTTP/1.1" 200 -
[WebServer] ::ffff:127.0.0.1 - - [03/Sep/2026 16:19:28] "GET /docs/assets/img/loader-ecuador-contorno.svg HTTP/1.1" 200 -
[WebServer] ::ffff:127.0.0.1 - - [03/Sep/2026 16:19:29] "GET /docs/data/provincias_wgs84.geojson HTTP/1.1" 200 -
[WebServer] ::ffff:127.0.0.1 - - [03/Sep/2026 16:19:29] "GET /docs/data/cantones_indice.json HTTP/1.1" 200 -
[WebServer] ::ffff:127.0.0.1 - - [03/Sep/2026 16:19:30] "GET /docs/ HTTP/1.1" 200 -
[WebServer] ::ffff:127.0.0.1 - - [03/Sep/2026 16:19:30] "GET /docs/assets/css/driver.css HTTP/1.1" 200 -
[WebServer] ::ffff:127.0.0.1 - - [03/Sep/2026 16:19:30] "GET /docs/assets/css/geoportal-experience.css?v=0.10.49 HTTP/1.1" 200 -
[WebServer] ::ffff:127.0.0.1 - - [03/Sep/2026 16:19:30] "GET /docs/assets/css/geoportal-core.css?v=0.10.49 HTTP/1.1" 200 -
[WebServer] ::ffff:127.0.0.1 - - [03/Sep/2026 16:19:30] "GET /docs/assets/css/geoportal-mobile.css?v=0.10.49 HTTP/1.1" 200 -
[WebServer] ::ffff:127.0.0.1 - - [03/Sep/2026 16:19:30] "GET /docs/assets/js/vendor/leaflet-heat.js HTTP/1.1" 200 -
[WebServer] ::ffff:127.0.0.1 - - [03/Sep/2026 16:19:30] "GET /docs/assets/js/vendor/simple-statistics.min.js HTTP/1.1" 200 -
[WebServer] ::ffff:127.0.0.1 - - [03/Sep/2026 16:19:30] "GET /docs/assets/js/vendor/driver.min.js HTTP/1.1" 200 -
[WebServer] ::ffff:127.0.0.1 - - [03/Sep/2026 16:19:30] "GET /docs/assets/js/vendor/html2canvas.min.js HTTP/1.1" 200 -
[WebServer] ::ffff:127.0.0.1 - - [03/Sep/2026 16:19:30] "GET /docs/assets/js/vendor/jspdf.umd.min.js HTTP/1.1" 200 -
[WebServer] ::ffff:127.0.0.1 - - [03/Sep/2026 16:19:31] "GET /docs/assets/js/geoportal-classification.js?v=0.10.49 HTTP/1.1" 200 -
[WebServer] ::ffff:127.0.0.1 - - [03/Sep/2026 16:19:31] "GET /docs/assets/js/geoportal-registry.js?v=0.10.49 HTTP/1.1" 200 -
[WebServer] ::ffff:127.0.0.1 - - [03/Sep/2026 16:19:31] "GET /docs/assets/js/geoportal-overlay-state.js?v=0.10.49 HTTP/1.1" 200 -
[WebServer] ::ffff:127.0.0.1 - - [03/Sep/2026 16:19:31] "GET /docs/assets/js/geoportal-ant-layer.js?v=0.10.49 HTTP/1.1" 200 -
[WebServer] ::ffff:127.0.0.1 - - [03/Sep/2026 16:19:31] "GET /docs/assets/js/geoportal-experience.js?v=0.10.49 HTTP/1.1" 200 -
[WebServer] ::ffff:127.0.0.1 - - [03/Sep/2026 16:19:31] "GET /docs/assets/js/geoportal-state.js?v=0.10.49 HTTP/1.1" 200 -
[WebServer] ::ffff:127.0.0.1 - - [03/Sep/2026 16:19:31] "GET /docs/assets/js/geoportal-territories.js?v=0.10.49 HTTP/1.1" 200 -
[WebServer] ::ffff:127.0.0.1 - - [03/Sep/2026 16:19:31] "GET /docs/assets/js/geoportal-panels.js?v=0.10.49 HTTP/1.1" 200 -
[WebServer] ::ffff:127.0.0.1 - - [03/Sep/2026 16:19:31] "GET /docs/assets/js/geoportal-institutional.js?v=0.10.49 HTTP/1.1" 200 -
[WebServer] ::ffff:127.0.0.1 - - [03/Sep/2026 16:19:31] "GET /docs/assets/js/geoportal-tour.js?v=0.10.49 HTTP/1.1" 200 -
[WebServer] ::ffff:127.0.0.1 - - [03/Sep/2026 16:19:31] "GET /docs/ HTTP/1.1" 200 -
[WebServer] ::ffff:127.0.0.1 - - [03/Sep/2026 16:19:31] "GET /docs/assets/js/geoportal-catalogo.js?v=0.10.49 HTTP/1.1" 200 -
[WebServer] ::ffff:127.0.0.1 - - [03/Sep/2026 16:19:31] "GET /docs/assets/js/geoportal-app.js?v=0.10.49 HTTP/1.1" 200 -
[WebServer] ::ffff:127.0.0.1 - - [03/Sep/2026 16:19:31] "GET /docs/assets/css/driver.css HTTP/1.1" 200 -
[WebServer] ::ffff:127.0.0.1 - - [03/Sep/2026 16:19:31] "GET /docs/assets/css/geoportal-core.css?v=0.10.49 HTTP/1.1" 200 -
[WebServer] ::ffff:127.0.0.1 - - [03/Sep/2026 16:19:31] "GET /docs/assets/css/geoportal-experience.css?v=0.10.49 HTTP/1.1" 200 -
[WebServer] ::ffff:127.0.0.1 - - [03/Sep/2026 16:19:31] "GET /docs/assets/css/geoportal-mobile.css?v=0.10.49 HTTP/1.1" 200 -
[WebServer] ::ffff:127.0.0.1 - - [03/Sep/2026 16:19:31] "GET /docs/assets/js/vendor/leaflet-heat.js HTTP/1.1" 200 -
[WebServer] ::ffff:127.0.0.1 - - [03/Sep/2026 16:19:31] "GET /docs/assets/img/redsa-isotipo-oficial.png HTTP/1.1" 200 -
[WebServer] ::ffff:127.0.0.1 - - [03/Sep/2026 16:19:31] "GET /docs/assets/js/vendor/simple-statistics.min.js HTTP/1.1" 200 -
[WebServer] ::ffff:127.0.0.1 - - [03/Sep/2026 16:19:31] "GET /docs/assets/img/loader-ecuador-contorno.svg HTTP/1.1" 200 -
[WebServer] ::ffff:127.0.0.1 - - [03/Sep/2026 16:19:31] "GET /docs/assets/js/vendor/driver.min.js HTTP/1.1" 200 -
[WebServer] ::ffff:127.0.0.1 - - [03/Sep/2026 16:19:31] "GET /docs/assets/img/loader-vias-principales.svg HTTP/1.1" 200 -
[WebServer] ::ffff:127.0.0.1 - - [03/Sep/2026 16:19:31] "GET /docs/assets/js/vendor/html2canvas.min.js HTTP/1.1" 200 -
[WebServer] ::ffff:127.0.0.1 - - [03/Sep/2026 16:19:31] "GET /docs/assets/js/vendor/jspdf.umd.min.js HTTP/1.1" 200 -
[WebServer] ::ffff:127.0.0.1 - - [03/Sep/2026 16:19:31] "GET /docs/assets/js/geoportal-classification.js?v=0.10.49 HTTP/1.1" 200 -
[WebServer] ::ffff:127.0.0.1 - - [03/Sep/2026 16:19:31] "GET /docs/assets/js/geoportal-registry.js?v=0.10.49 HTTP/1.1" 200 -
[WebServer] ::ffff:127.0.0.1 - - [03/Sep/2026 16:19:31] "GET /docs/assets/js/geoportal-overlay-state.js?v=0.10.49 HTTP/1.1" 200 -
[WebServer] ::ffff:127.0.0.1 - - [03/Sep/2026 16:19:31] "GET /docs/assets/js/geoportal-ant-layer.js?v=0.10.49 HTTP/1.1" 200 -
[WebServer] ::ffff:127.0.0.1 - - [03/Sep/2026 16:19:31] "GET /docs/assets/js/geoportal-experience.js?v=0.10.49 HTTP/1.1" 200 -
[WebServer] ::ffff:127.0.0.1 - - [03/Sep/2026 16:19:31] "GET /docs/assets/js/geoportal-state.js?v=0.10.49 HTTP/1.1" 200 -
[WebServer] ::ffff:127.0.0.1 - - [03/Sep/2026 16:19:31] "GET /docs/assets/js/geoportal-territories.js?v=0.10.49 HTTP/1.1" 200 -
[WebServer] ::ffff:127.0.0.1 - - [03/Sep/2026 16:19:31] "GET /docs/assets/js/geoportal-panels.js?v=0.10.49 HTTP/1.1" 200 -
[WebServer] ::ffff:127.0.0.1 - - [03/Sep/2026 16:19:31] "GET /docs/assets/js/geoportal-institutional.js?v=0.10.49 HTTP/1.1" 200 -
[WebServer] ::ffff:127.0.0.1 - - [03/Sep/2026 16:19:31] "GET /docs/assets/js/geoportal-tour.js?v=0.10.49 HTTP/1.1" 200 -
[WebServer] ::ffff:127.0.0.1 - - [03/Sep/2026 16:19:31] "GET /docs/assets/js/geoportal-catalogo.js?v=0.10.49 HTTP/1.1" 200 -
[WebServer] ::ffff:127.0.0.1 - - [03/Sep/2026 16:19:31] "GET /docs/assets/js/geoportal-app.js?v=0.10.49 HTTP/1.1" 200 -
[WebServer] ::ffff:127.0.0.1 - - [03/Sep/2026 16:19:31] "GET /docs/assets/img/redsa-isotipo-oficial.png HTTP/1.1" 200 -
[WebServer] ::ffff:127.0.0.1 - - [03/Sep/2026 16:19:31] "GET /docs/assets/img/loader-ecuador-contorno.svg HTTP/1.1" 200 -
[WebServer] ::ffff:127.0.0.1 - - [03/Sep/2026 16:19:31] "GET /docs/assets/img/loader-vias-principales.svg HTTP/1.1" 200 -
[WebServer] ::ffff:127.0.0.1 - - [03/Sep/2026 16:19:31] "GET /docs/data/provincias_wgs84.geojson HTTP/1.1" 200 -
[WebServer] ::ffff:127.0.0.1 - - [03/Sep/2026 16:19:31] "GET /docs/data/cantones_indice.json HTTP/1.1" 200 -
[WebServer] ::ffff:127.0.0.1 - - [03/Sep/2026 16:19:32] "GET /docs/data/provincias_wgs84.geojson HTTP/1.1" 200 -
[WebServer] ::ffff:127.0.0.1 - - [03/Sep/2026 16:19:32] "GET /docs/data/cantones_indice.json HTTP/1.1" 200 -
[WebServer] ::ffff:127.0.0.1 - - [03/Sep/2026 16:19:33] "GET /docs/data/cantones_wgs84.geojson HTTP/1.1" 200 -
[WebServer] ::ffff:127.0.0.1 - - [03/Sep/2026 16:19:33] "GET /docs/data/hotspots_cantonales.json HTTP/1.1" 200 -
[WebServer] ::ffff:127.0.0.1 - - [03/Sep/2026 16:19:33] "GET /docs/ HTTP/1.1" 200 -
[WebServer] ::ffff:127.0.0.1 - - [03/Sep/2026 16:19:33] "GET /docs/assets/css/driver.css HTTP/1.1" 200 -
[WebServer] ::ffff:127.0.0.1 - - [03/Sep/2026 16:19:33] "GET /docs/assets/css/geoportal-core.css?v=0.10.49 HTTP/1.1" 200 -
[WebServer] ::ffff:127.0.0.1 - - [03/Sep/2026 16:19:33] "GET /docs/assets/css/geoportal-mobile.css?v=0.10.49 HTTP/1.1" 200 -
[WebServer] ::ffff:127.0.0.1 - - [03/Sep/2026 16:19:33] "GET /docs/assets/css/geoportal-experience.css?v=0.10.49 HTTP/1.1" 200 -
[WebServer] ::ffff:127.0.0.1 - - [03/Sep/2026 16:19:33] "GET /docs/assets/js/vendor/leaflet-heat.js HTTP/1.1" 200 -
[WebServer] ::ffff:127.0.0.1 - - [03/Sep/2026 16:19:33] "GET /docs/assets/js/vendor/simple-statistics.min.js HTTP/1.1" 200 -
[WebServer] ::ffff:127.0.0.1 - - [03/Sep/2026 16:19:33] "GET /docs/assets/js/vendor/driver.min.js HTTP/1.1" 200 -
[WebServer] ::ffff:127.0.0.1 - - [03/Sep/2026 16:19:33] "GET /docs/assets/js/vendor/html2canvas.min.js HTTP/1.1" 200 -
[WebServer] ::ffff:127.0.0.1 - - [03/Sep/2026 16:19:34] "GET /docs/assets/js/vendor/jspdf.umd.min.js HTTP/1.1" 200 -
[WebServer] ::ffff:127.0.0.1 - - [03/Sep/2026 16:19:34] "GET /docs/assets/js/geoportal-classification.js?v=0.10.49 HTTP/1.1" 200 -
[WebServer] ::ffff:127.0.0.1 - - [03/Sep/2026 16:19:34] "GET /docs/assets/js/geoportal-registry.js?v=0.10.49 HTTP/1.1" 200 -
[WebServer] ::ffff:127.0.0.1 - - [03/Sep/2026 16:19:34] "GET /docs/assets/js/geoportal-overlay-state.js?v=0.10.49 HTTP/1.1" 200 -
[WebServer] ::ffff:127.0.0.1 - - [03/Sep/2026 16:19:34] "GET /docs/assets/js/geoportal-ant-layer.js?v=0.10.49 HTTP/1.1" 200 -
[WebServer] ::ffff:127.0.0.1 - - [03/Sep/2026 16:19:34] "GET /docs/assets/js/geoportal-experience.js?v=0.10.49 HTTP/1.1" 200 -
[WebServer] ::ffff:127.0.0.1 - - [03/Sep/2026 16:19:34] "GET /docs/assets/js/geoportal-state.js?v=0.10.49 HTTP/1.1" 200 -
[WebServer] ::ffff:127.0.0.1 - - [03/Sep/2026 16:19:34] "GET /docs/assets/js/geoportal-territories.js?v=0.10.49 HTTP/1.1" 200 -
[WebServer] ::ffff:127.0.0.1 - - [03/Sep/2026 16:19:34] "GET /docs/assets/js/geoportal-panels.js?v=0.10.49 HTTP/1.1" 200 -
[WebServer] ::ffff:127.0.0.1 - - [03/Sep/2026 16:19:34] "GET /docs/assets/js/geoportal-tour.js?v=0.10.49 HTTP/1.1" 200 -
[WebServer] ::ffff:127.0.0.1 - - [03/Sep/2026 16:19:34] "GET /docs/assets/js/geoportal-institutional.js?v=0.10.49 HTTP/1.1" 200 -
[WebServer] ::ffff:127.0.0.1 - - [03/Sep/2026 16:19:34] "GET /docs/assets/js/geoportal-catalogo.js?v=0.10.49 HTTP/1.1" 200 -
[WebServer] ::ffff:127.0.0.1 - - [03/Sep/2026 16:19:34] "GET /docs/assets/js/geoportal-app.js?v=0.10.49 HTTP/1.1" 200 -
[WebServer] ::ffff:127.0.0.1 - - [03/Sep/2026 16:19:34] "GET /docs/assets/img/redsa-isotipo-oficial.png HTTP/1.1" 200 -
[WebServer] ::ffff:127.0.0.1 - - [03/Sep/2026 16:19:34] "GET /docs/assets/img/loader-ecuador-contorno.svg HTTP/1.1" 200 -
[WebServer] ::ffff:127.0.0.1 - - [03/Sep/2026 16:19:34] "GET /docs/data/cantones_indice.json HTTP/1.1" 200 -
[WebServer] ::ffff:127.0.0.1 - - [03/Sep/2026 16:19:34] "GET /docs/data/provincias_wgs84.geojson HTTP/1.1" 200 -
[WebServer] ::ffff:127.0.0.1 - - [03/Sep/2026 16:19:34] "GET /docs/assets/img/loader-vias-principales.svg HTTP/1.1" 200 -
[WebServer] ::ffff:127.0.0.1 - - [03/Sep/2026 16:19:35] "GET /docs/ HTTP/1.1" 200 -
[WebServer] ::ffff:127.0.0.1 - - [03/Sep/2026 16:19:36] "GET /docs/assets/css/driver.css HTTP/1.1" 200 -
[WebServer] ::ffff:127.0.0.1 - - [03/Sep/2026 16:19:36] "GET /docs/assets/css/geoportal-core.css?v=0.10.49 HTTP/1.1" 200 -
[WebServer] ::ffff:127.0.0.1 - - [03/Sep/2026 16:19:36] "GET /docs/assets/css/geoportal-experience.css?v=0.10.49 HTTP/1.1" 200 -
[WebServer] ::ffff:127.0.0.1 - - [03/Sep/2026 16:19:36] "GET /docs/assets/js/vendor/leaflet-heat.js HTTP/1.1" 200 -
[WebServer] ::ffff:127.0.0.1 - - [03/Sep/2026 16:19:36] "GET /docs/assets/css/geoportal-mobile.css?v=0.10.49 HTTP/1.1" 200 -
[WebServer] ::ffff:127.0.0.1 - - [03/Sep/2026 16:19:36] "GET /docs/assets/js/vendor/simple-statistics.min.js HTTP/1.1" 200 -
[WebServer] ::ffff:127.0.0.1 - - [03/Sep/2026 16:19:36] "GET /docs/assets/js/vendor/driver.min.js HTTP/1.1" 200 -
[WebServer] ::ffff:127.0.0.1 - - [03/Sep/2026 16:19:36] "GET /docs/assets/js/vendor/html2canvas.min.js HTTP/1.1" 200 -
[WebServer] ::ffff:127.0.0.1 - - [03/Sep/2026 16:19:36] "GET /docs/assets/js/vendor/jspdf.umd.min.js HTTP/1.1" 200 -
[WebServer] ::ffff:127.0.0.1 - - [03/Sep/2026 16:19:36] "GET /docs/assets/js/geoportal-classification.js?v=0.10.49 HTTP/1.1" 200 -
[WebServer] ::ffff:127.0.0.1 - - [03/Sep/2026 16:19:36] "GET /docs/assets/js/geoportal-registry.js?v=0.10.49 HTTP/1.1" 200 -
[WebServer] ::ffff:127.0.0.1 - - [03/Sep/2026 16:19:36] "GET /docs/assets/js/geoportal-overlay-state.js?v=0.10.49 HTTP/1.1" 200 -
[WebServer] ::ffff:127.0.0.1 - - [03/Sep/2026 16:19:36] "GET /docs/assets/js/geoportal-ant-layer.js?v=0.10.49 HTTP/1.1" 200 -
[WebServer] ::ffff:127.0.0.1 - - [03/Sep/2026 16:19:36] "GET /docs/assets/js/geoportal-experience.js?v=0.10.49 HTTP/1.1" 200 -
[WebServer] ::ffff:127.0.0.1 - - [03/Sep/2026 16:19:36] "GET /docs/assets/js/geoportal-state.js?v=0.10.49 HTTP/1.1" 200 -
[WebServer] ::ffff:127.0.0.1 - - [03/Sep/2026 16:19:36] "GET /docs/assets/js/geoportal-territories.js?v=0.10.49 HTTP/1.1" 200 -
[WebServer] ::ffff:127.0.0.1 - - [03/Sep/2026 16:19:36] "GET /docs/assets/js/geoportal-panels.js?v=0.10.49 HTTP/1.1" 200 -
[WebServer] ::ffff:127.0.0.1 - - [03/Sep/2026 16:19:36] "GET /docs/assets/js/geoportal-institutional.js?v=0.10.49 HTTP/1.1" 200 -
[WebServer] ::ffff:127.0.0.1 - - [03/Sep/2026 16:19:36] "GET /docs/assets/js/geoportal-catalogo.js?v=0.10.49 HTTP/1.1" 200 -
[WebServer] ::ffff:127.0.0.1 - - [03/Sep/2026 16:19:36] "GET /docs/assets/js/geoportal-tour.js?v=0.10.49 HTTP/1.1" 200 -
[WebServer] ::ffff:127.0.0.1 - - [03/Sep/2026 16:19:36] "GET /docs/assets/js/geoportal-app.js?v=0.10.49 HTTP/1.1" 200 -
[WebServer] ::ffff:127.0.0.1 - - [03/Sep/2026 16:19:36] "GET /docs/assets/img/redsa-isotipo-oficial.png HTTP/1.1" 200 -
[WebServer] ::ffff:127.0.0.1 - - [03/Sep/2026 16:19:36] "GET /docs/assets/img/loader-ecuador-contorno.svg HTTP/1.1" 200 -
[WebServer] ::ffff:127.0.0.1 - - [03/Sep/2026 16:19:36] "GET /docs/assets/img/loader-vias-principales.svg HTTP/1.1" 200 -
[WebServer] ::ffff:127.0.0.1 - - [03/Sep/2026 16:19:36] "GET /docs/ HTTP/1.1" 200 -
[WebServer] ::ffff:127.0.0.1 - - [03/Sep/2026 16:19:36] "GET /docs/assets/css/driver.css HTTP/1.1" 200 -
[WebServer] ::ffff:127.0.0.1 - - [03/Sep/2026 16:19:36] "GET /docs/assets/css/geoportal-experience.css?v=0.10.49 HTTP/1.1" 200 -
[WebServer] ::ffff:127.0.0.1 - - [03/Sep/2026 16:19:36] "GET /docs/assets/css/geoportal-core.css?v=0.10.49 HTTP/1.1" 200 -
[WebServer] ::ffff:127.0.0.1 - - [03/Sep/2026 16:19:36] "GET /docs/assets/css/geoportal-mobile.css?v=0.10.49 HTTP/1.1" 200 -
[WebServer] ::ffff:127.0.0.1 - - [03/Sep/2026 16:19:36] "GET /docs/assets/js/vendor/leaflet-heat.js HTTP/1.1" 200 -
[WebServer] ::ffff:127.0.0.1 - - [03/Sep/2026 16:19:36] "GET /docs/assets/js/vendor/simple-statistics.min.js HTTP/1.1" 200 -
[WebServer] ::ffff:127.0.0.1 - - [03/Sep/2026 16:19:36] "GET /docs/assets/js/vendor/driver.min.js HTTP/1.1" 200 -
[WebServer] ::ffff:127.0.0.1 - - [03/Sep/2026 16:19:36] "GET /docs/assets/js/vendor/html2canvas.min.js HTTP/1.1" 200 -
[WebServer] ::ffff:127.0.0.1 - - [03/Sep/2026 16:19:36] "GET /docs/assets/js/vendor/jspdf.umd.min.js HTTP/1.1" 200 -
[WebServer] ::ffff:127.0.0.1 - - [03/Sep/2026 16:19:36] "GET /docs/assets/js/geoportal-classification.js?v=0.10.49 HTTP/1.1" 200 -
[WebServer] ::ffff:127.0.0.1 - - [03/Sep/2026 16:19:36] "GET /docs/assets/js/geoportal-registry.js?v=0.10.49 HTTP/1.1" 200 -
[WebServer] ::ffff:127.0.0.1 - - [03/Sep/2026 16:19:36] "GET /docs/assets/js/geoportal-overlay-state.js?v=0.10.49 HTTP/1.1" 200 -
[WebServer] ::ffff:127.0.0.1 - - [03/Sep/2026 16:19:36] "GET /docs/assets/js/geoportal-ant-layer.js?v=0.10.49 HTTP/1.1" 200 -
[WebServer] ::ffff:127.0.0.1 - - [03/Sep/2026 16:19:37] "GET /docs/assets/js/geoportal-experience.js?v=0.10.49 HTTP/1.1" 200 -
[WebServer] ::ffff:127.0.0.1 - - [03/Sep/2026 16:19:37] "GET /docs/data/provincias_wgs84.geojson HTTP/1.1" 200 -
[WebServer] ::ffff:127.0.0.1 - - [03/Sep/2026 16:19:37] "GET /docs/data/cantones_indice.json HTTP/1.1" 200 -
[WebServer] ::ffff:127.0.0.1 - - [03/Sep/2026 16:19:37] "GET /docs/assets/js/geoportal-state.js?v=0.10.49 HTTP/1.1" 200 -
[WebServer] ::ffff:127.0.0.1 - - [03/Sep/2026 16:19:37] "GET /docs/assets/js/geoportal-territories.js?v=0.10.49 HTTP/1.1" 200 -
[WebServer] ::ffff:127.0.0.1 - - [03/Sep/2026 16:19:37] "GET /docs/assets/js/geoportal-panels.js?v=0.10.49 HTTP/1.1" 200 -
[WebServer] ::ffff:127.0.0.1 - - [03/Sep/2026 16:19:37] "GET /docs/assets/js/geoportal-institutional.js?v=0.10.49 HTTP/1.1" 200 -
[WebServer] ::ffff:127.0.0.1 - - [03/Sep/2026 16:19:37] "GET /docs/assets/js/geoportal-tour.js?v=0.10.49 HTTP/1.1" 200 -
[WebServer] ::ffff:127.0.0.1 - - [03/Sep/2026 16:19:37] "GET /docs/assets/js/geoportal-catalogo.js?v=0.10.49 HTTP/1.1" 200 -
[WebServer] ::ffff:127.0.0.1 - - [03/Sep/2026 16:19:37] "GET /docs/assets/js/geoportal-app.js?v=0.10.49 HTTP/1.1" 200 -
[WebServer] ::ffff:127.0.0.1 - - [03/Sep/2026 16:19:37] "GET /docs/assets/img/redsa-isotipo-oficial.png HTTP/1.1" 200 -
[WebServer] ::ffff:127.0.0.1 - - [03/Sep/2026 16:19:37] "GET /docs/assets/img/loader-vias-principales.svg HTTP/1.1" 200 -
[WebServer] ::ffff:127.0.0.1 - - [03/Sep/2026 16:19:37] "GET /docs/assets/img/loader-ecuador-contorno.svg HTTP/1.1" 200 -
[WebServer] ::ffff:127.0.0.1 - - [03/Sep/2026 16:19:37] "GET /docs/data/provincias_wgs84.geojson HTTP/1.1" 200 -
[WebServer] ::ffff:127.0.0.1 - - [03/Sep/2026 16:19:37] "GET /docs/data/cantones_indice.json HTTP/1.1" 200 -
[WebServer] ::ffff:127.0.0.1 - - [03/Sep/2026 16:19:39] "GET /docs/ HTTP/1.1" 200 -
[WebServer] ::ffff:127.0.0.1 - - [03/Sep/2026 16:19:39] "GET /docs/assets/css/driver.css HTTP/1.1" 200 -
[WebServer] ::ffff:127.0.0.1 - - [03/Sep/2026 16:19:39] "GET /docs/assets/css/geoportal-experience.css?v=0.10.49 HTTP/1.1" 200 -
[WebServer] ::ffff:127.0.0.1 - - [03/Sep/2026 16:19:39] "GET /docs/assets/css/geoportal-core.css?v=0.10.49 HTTP/1.1" 200 -
[WebServer] ::ffff:127.0.0.1 - - [03/Sep/2026 16:19:39] "GET /docs/assets/css/geoportal-mobile.css?v=0.10.49 HTTP/1.1" 200 -
[WebServer] ::ffff:127.0.0.1 - - [03/Sep/2026 16:19:39] "GET /docs/assets/js/vendor/leaflet-heat.js HTTP/1.1" 200 -
[WebServer] ::ffff:127.0.0.1 - - [03/Sep/2026 16:19:39] "GET /docs/assets/js/vendor/simple-statistics.min.js HTTP/1.1" 200 -
[WebServer] ::ffff:127.0.0.1 - - [03/Sep/2026 16:19:39] "GET /docs/assets/js/vendor/driver.min.js HTTP/1.1" 200 -
[WebServer] ::ffff:127.0.0.1 - - [03/Sep/2026 16:19:39] "GET /docs/assets/js/vendor/html2canvas.min.js HTTP/1.1" 200 -
[WebServer] ::ffff:127.0.0.1 - - [03/Sep/2026 16:19:39] "GET /docs/assets/js/vendor/jspdf.umd.min.js HTTP/1.1" 200 -
[WebServer] ::ffff:127.0.0.1 - - [03/Sep/2026 16:19:39] "GET /docs/assets/js/geoportal-classification.js?v=0.10.49 HTTP/1.1" 200 -
[WebServer] ::ffff:127.0.0.1 - - [03/Sep/2026 16:19:39] "GET /docs/assets/js/geoportal-registry.js?v=0.10.49 HTTP/1.1" 200 -
[WebServer] ::ffff:127.0.0.1 - - [03/Sep/2026 16:19:39] "GET /docs/assets/js/geoportal-overlay-state.js?v=0.10.49 HTTP/1.1" 200 -
[WebServer] ::ffff:127.0.0.1 - - [03/Sep/2026 16:19:39] "GET /docs/assets/js/geoportal-ant-layer.js?v=0.10.49 HTTP/1.1" 200 -
[WebServer] ::ffff:127.0.0.1 - - [03/Sep/2026 16:19:39] "GET /docs/assets/js/geoportal-experience.js?v=0.10.49 HTTP/1.1" 200 -
[WebServer] ::ffff:127.0.0.1 - - [03/Sep/2026 16:19:39] "GET /docs/assets/js/geoportal-state.js?v=0.10.49 HTTP/1.1" 200 -
[WebServer] ::ffff:127.0.0.1 - - [03/Sep/2026 16:19:39] "GET /docs/assets/js/geoportal-territories.js?v=0.10.49 HTTP/1.1" 200 -
[WebServer] ::ffff:127.0.0.1 - - [03/Sep/2026 16:19:39] "GET /docs/assets/js/geoportal-panels.js?v=0.10.49 HTTP/1.1" 200 -
[WebServer] ::ffff:127.0.0.1 - - [03/Sep/2026 16:19:39] "GET /docs/assets/js/geoportal-institutional.js?v=0.10.49 HTTP/1.1" 200 -
[WebServer] ::ffff:127.0.0.1 - - [03/Sep/2026 16:19:39] "GET /docs/assets/js/geoportal-tour.js?v=0.10.49 HTTP/1.1" 200 -
[WebServer] ::ffff:127.0.0.1 - - [03/Sep/2026 16:19:39] "GET /docs/assets/js/geoportal-catalogo.js?v=0.10.49 HTTP/1.1" 200 -
[WebServer] ::ffff:127.0.0.1 - - [03/Sep/2026 16:19:39] "GET /docs/assets/js/geoportal-app.js?v=0.10.49 HTTP/1.1" 200 -
[WebServer] ::ffff:127.0.0.1 - - [03/Sep/2026 16:19:39] "GET /docs/assets/img/redsa-isotipo-oficial.png HTTP/1.1" 200 -
[WebServer] ::ffff:127.0.0.1 - - [03/Sep/2026 16:19:39] "GET /docs/assets/img/loader-ecuador-contorno.svg HTTP/1.1" 200 -
[WebServer] ::ffff:127.0.0.1 - - [03/Sep/2026 16:19:39] "GET /docs/assets/img/loader-vias-principales.svg HTTP/1.1" 200 -
[WebServer] ::ffff:127.0.0.1 - - [03/Sep/2026 16:19:40] "GET /docs/data/provincias_wgs84.geojson HTTP/1.1" 200 -
[WebServer] ::ffff:127.0.0.1 - - [03/Sep/2026 16:19:40] "GET /docs/data/cantones_indice.json HTTP/1.1" 200 -
[WebServer] ::ffff:127.0.0.1 - - [03/Sep/2026 16:19:41] "GET /docs/ HTTP/1.1" 200 -
[WebServer] ::ffff:127.0.0.1 - - [03/Sep/2026 16:19:41] "GET /docs/assets/css/driver.css HTTP/1.1" 200 -
[WebServer] ::ffff:127.0.0.1 - - [03/Sep/2026 16:19:41] "GET /docs/assets/css/geoportal-core.css?v=0.10.49 HTTP/1.1" 200 -
[WebServer] ::ffff:127.0.0.1 - - [03/Sep/2026 16:19:41] "GET /docs/assets/css/geoportal-experience.css?v=0.10.49 HTTP/1.1" 200 -
[WebServer] ::ffff:127.0.0.1 - - [03/Sep/2026 16:19:41] "GET /docs/assets/css/geoportal-mobile.css?v=0.10.49 HTTP/1.1" 200 -
[WebServer] ::ffff:127.0.0.1 - - [03/Sep/2026 16:19:41] "GET /docs/assets/js/vendor/leaflet-heat.js HTTP/1.1" 200 -
[WebServer] ::ffff:127.0.0.1 - - [03/Sep/2026 16:19:41] "GET /docs/assets/js/vendor/simple-statistics.min.js HTTP/1.1" 200 -
[WebServer] ::ffff:127.0.0.1 - - [03/Sep/2026 16:19:41] "GET /docs/assets/js/vendor/driver.min.js HTTP/1.1" 200 -
[WebServer] ::ffff:127.0.0.1 - - [03/Sep/2026 16:19:41] "GET /docs/assets/js/vendor/html2canvas.min.js HTTP/1.1" 200 -
[WebServer] ::ffff:127.0.0.1 - - [03/Sep/2026 16:19:42] "GET /docs/assets/js/vendor/jspdf.umd.min.js HTTP/1.1" 200 -
[WebServer] ::ffff:127.0.0.1 - - [03/Sep/2026 16:19:42] "GET /docs/assets/js/geoportal-classification.js?v=0.10.49 HTTP/1.1" 200 -
[WebServer] ::ffff:127.0.0.1 - - [03/Sep/2026 16:19:42] "GET /docs/assets/js/geoportal-registry.js?v=0.10.49 HTTP/1.1" 200 -
[WebServer] ::ffff:127.0.0.1 - - [03/Sep/2026 16:19:42] "GET /docs/assets/js/geoportal-overlay-state.js?v=0.10.49 HTTP/1.1" 200 -
[WebServer] ::ffff:127.0.0.1 - - [03/Sep/2026 16:19:42] "GET /docs/assets/js/geoportal-ant-layer.js?v=0.10.49 HTTP/1.1" 200 -
[WebServer] ::ffff:127.0.0.1 - - [03/Sep/2026 16:19:42] "GET /docs/assets/js/geoportal-experience.js?v=0.10.49 HTTP/1.1" 200 -
[WebServer] ::ffff:127.0.0.1 - - [03/Sep/2026 16:19:42] "GET /docs/assets/js/geoportal-state.js?v=0.10.49 HTTP/1.1" 200 -
[WebServer] ::ffff:127.0.0.1 - - [03/Sep/2026 16:19:42] "GET /docs/assets/js/geoportal-territories.js?v=0.10.49 HTTP/1.1" 200 -
[WebServer] ::ffff:127.0.0.1 - - [03/Sep/2026 16:19:42] "GET /docs/assets/js/geoportal-panels.js?v=0.10.49 HTTP/1.1" 200 -
[WebServer] ::ffff:127.0.0.1 - - [03/Sep/2026 16:19:42] "GET /docs/assets/js/geoportal-institutional.js?v=0.10.49 HTTP/1.1" 200 -
[WebServer] ::ffff:127.0.0.1 - - [03/Sep/2026 16:19:42] "GET /docs/assets/js/geoportal-tour.js?v=0.10.49 HTTP/1.1" 200 -
[WebServer] ::ffff:127.0.0.1 - - [03/Sep/2026 16:19:42] "GET /docs/assets/js/geoportal-catalogo.js?v=0.10.49 HTTP/1.1" 200 -
[WebServer] ::ffff:127.0.0.1 - - [03/Sep/2026 16:19:42] "GET /docs/assets/js/geoportal-app.js?v=0.10.49 HTTP/1.1" 200 -
[WebServer] ::ffff:127.0.0.1 - - [03/Sep/2026 16:19:42] "GET /docs/assets/img/redsa-isotipo-oficial.png HTTP/1.1" 200 -
[WebServer] ::ffff:127.0.0.1 - - [03/Sep/2026 16:19:42] "GET /docs/assets/img/loader-ecuador-contorno.svg HTTP/1.1" 200 -
[WebServer] ::ffff:127.0.0.1 - - [03/Sep/2026 16:19:42] "GET /docs/assets/img/loader-vias-principales.svg HTTP/1.1" 200 -
[WebServer] ::ffff:127.0.0.1 - - [03/Sep/2026 16:19:42] "GET /docs/ HTTP/1.1" 200 -
[WebServer] ::ffff:127.0.0.1 - - [03/Sep/2026 16:19:42] "GET /docs/assets/css/driver.css HTTP/1.1" 200 -
[WebServer] ::ffff:127.0.0.1 - - [03/Sep/2026 16:19:42] "GET /docs/assets/css/geoportal-experience.css?v=0.10.49 HTTP/1.1" 200 -
[WebServer] ::ffff:127.0.0.1 - - [03/Sep/2026 16:19:42] "GET /docs/assets/css/geoportal-mobile.css?v=0.10.49 HTTP/1.1" 200 -
[WebServer] ::ffff:127.0.0.1 - - [03/Sep/2026 16:19:42] "GET /docs/assets/css/geoportal-core.css?v=0.10.49 HTTP/1.1" 200 -
[WebServer] ::ffff:127.0.0.1 - - [03/Sep/2026 16:19:42] "GET /docs/assets/js/vendor/leaflet-heat.js HTTP/1.1" 200 -
[WebServer] ::ffff:127.0.0.1 - - [03/Sep/2026 16:19:42] "GET /docs/assets/js/vendor/simple-statistics.min.js HTTP/1.1" 200 -
[WebServer] ::ffff:127.0.0.1 - - [03/Sep/2026 16:19:42] "GET /docs/assets/js/vendor/driver.min.js HTTP/1.1" 200 -
[WebServer] ::ffff:127.0.0.1 - - [03/Sep/2026 16:19:42] "GET /docs/assets/js/vendor/html2canvas.min.js HTTP/1.1" 200 -
[WebServer] ::ffff:127.0.0.1 - - [03/Sep/2026 16:19:42] "GET /docs/assets/js/vendor/jspdf.umd.min.js HTTP/1.1" 200 -
[WebServer] ::ffff:127.0.0.1 - - [03/Sep/2026 16:19:42] "GET /docs/data/provincias_wgs84.geojson HTTP/1.1" 200 -
[WebServer] ::ffff:127.0.0.1 - - [03/Sep/2026 16:19:42] "GET /docs/data/cantones_indice.json HTTP/1.1" 200 -
[WebServer] ::ffff:127.0.0.1 - - [03/Sep/2026 16:19:42] "GET /docs/assets/js/geoportal-classification.js?v=0.10.49 HTTP/1.1" 200 -
[WebServer] ::ffff:127.0.0.1 - - [03/Sep/2026 16:19:42] "GET /docs/assets/js/geoportal-registry.js?v=0.10.49 HTTP/1.1" 200 -
[WebServer] ::ffff:127.0.0.1 - - [03/Sep/2026 16:19:42] "GET /docs/assets/js/geoportal-overlay-state.js?v=0.10.49 HTTP/1.1" 200 -
[WebServer] ::ffff:127.0.0.1 - - [03/Sep/2026 16:19:42] "GET /docs/assets/js/geoportal-ant-layer.js?v=0.10.49 HTTP/1.1" 200 -
[WebServer] ::ffff:127.0.0.1 - - [03/Sep/2026 16:19:42] "GET /docs/assets/js/geoportal-experience.js?v=0.10.49 HTTP/1.1" 200 -
[WebServer] ::ffff:127.0.0.1 - - [03/Sep/2026 16:19:42] "GET /docs/assets/js/geoportal-state.js?v=0.10.49 HTTP/1.1" 200 -
[WebServer] ::ffff:127.0.0.1 - - [03/Sep/2026 16:19:42] "GET /docs/assets/js/geoportal-territories.js?v=0.10.49 HTTP/1.1" 200 -
[WebServer] ::ffff:127.0.0.1 - - [03/Sep/2026 16:19:42] "GET /docs/assets/js/geoportal-panels.js?v=0.10.49 HTTP/1.1" 200 -
[WebServer] ::ffff:127.0.0.1 - - [03/Sep/2026 16:19:43] "GET /docs/assets/js/geoportal-institutional.js?v=0.10.49 HTTP/1.1" 200 -
[WebServer] ::ffff:127.0.0.1 - - [03/Sep/2026 16:19:43] "GET /docs/assets/js/geoportal-tour.js?v=0.10.49 HTTP/1.1" 200 -
[WebServer] ::ffff:127.0.0.1 - - [03/Sep/2026 16:19:43] "GET /docs/assets/js/geoportal-catalogo.js?v=0.10.49 HTTP/1.1" 200 -
[WebServer] ::ffff:127.0.0.1 - - [03/Sep/2026 16:19:43] "GET /docs/assets/js/geoportal-app.js?v=0.10.49 HTTP/1.1" 200 -
[WebServer] ::ffff:127.0.0.1 - - [03/Sep/2026 16:19:43] "GET /docs/assets/img/redsa-isotipo-oficial.png HTTP/1.1" 200 -
[WebServer] ::ffff:127.0.0.1 - - [03/Sep/2026 16:19:43] "GET /docs/assets/img/loader-ecuador-contorno.svg HTTP/1.1" 200 -
[WebServer] ::ffff:127.0.0.1 - - [03/Sep/2026 16:19:43] "GET /docs/assets/img/loader-vias-principales.svg HTTP/1.1" 200 -
[WebServer] ::ffff:127.0.0.1 - - [03/Sep/2026 16:19:43] "GET /docs/data/cantones_indice.json HTTP/1.1" 200 -
[WebServer] ::ffff:127.0.0.1 - - [03/Sep/2026 16:19:43] "GET /docs/data/provincias_wgs84.geojson HTTP/1.1" 200 -
[WebServer] ::ffff:127.0.0.1 - - [03/Sep/2026 16:19:44] "GET /docs/ HTTP/1.1" 200 -
[WebServer] ::ffff:127.0.0.1 - - [03/Sep/2026 16:19:44] "GET /docs/assets/css/driver.css HTTP/1.1" 200 -
[WebServer] ::ffff:127.0.0.1 - - [03/Sep/2026 16:19:44] "GET /docs/assets/css/geoportal-core.css?v=0.10.49 HTTP/1.1" 200 -
[WebServer] ::ffff:127.0.0.1 - - [03/Sep/2026 16:19:44] "GET /docs/assets/css/geoportal-experience.css?v=0.10.49 HTTP/1.1" 200 -
[WebServer] ::ffff:127.0.0.1 - - [03/Sep/2026 16:19:44] "GET /docs/assets/css/geoportal-mobile.css?v=0.10.49 HTTP/1.1" 200 -
[WebServer] ::ffff:127.0.0.1 - - [03/Sep/2026 16:19:44] "GET /docs/assets/js/vendor/leaflet-heat.js HTTP/1.1" 200 -
[WebServer] ::ffff:127.0.0.1 - - [03/Sep/2026 16:19:44] "GET /docs/assets/js/vendor/simple-statistics.min.js HTTP/1.1" 200 -
[WebServer] ::ffff:127.0.0.1 - - [03/Sep/2026 16:19:44] "GET /docs/assets/js/vendor/driver.min.js HTTP/1.1" 200 -
[WebServer] ::ffff:127.0.0.1 - - [03/Sep/2026 16:19:44] "GET /docs/assets/js/vendor/html2canvas.min.js HTTP/1.1" 200 -
[WebServer] ::ffff:127.0.0.1 - - [03/Sep/2026 16:19:44] "GET /docs/assets/js/vendor/jspdf.umd.min.js HTTP/1.1" 200 -
[WebServer] ::ffff:127.0.0.1 - - [03/Sep/2026 16:19:44] "GET /docs/assets/js/geoportal-classification.js?v=0.10.49 HTTP/1.1" 200 -
[WebServer] ::ffff:127.0.0.1 - - [03/Sep/2026 16:19:44] "GET /docs/assets/js/geoportal-registry.js?v=0.10.49 HTTP/1.1" 200 -
[WebServer] ::ffff:127.0.0.1 - - [03/Sep/2026 16:19:44] "GET /docs/assets/js/geoportal-overlay-state.js?v=0.10.49 HTTP/1.1" 200 -
[WebServer] ::ffff:127.0.0.1 - - [03/Sep/2026 16:19:44] "GET /docs/assets/js/geoportal-ant-layer.js?v=0.10.49 HTTP/1.1" 200 -
[WebServer] ::ffff:127.0.0.1 - - [03/Sep/2026 16:19:44] "GET /docs/assets/js/geoportal-experience.js?v=0.10.49 HTTP/1.1" 200 -
[WebServer] ::ffff:127.0.0.1 - - [03/Sep/2026 16:19:44] "GET /docs/assets/js/geoportal-state.js?v=0.10.49 HTTP/1.1" 200 -
[WebServer] ::ffff:127.0.0.1 - - [03/Sep/2026 16:19:44] "GET /docs/assets/js/geoportal-territories.js?v=0.10.49 HTTP/1.1" 200 -
[WebServer] ::ffff:127.0.0.1 - - [03/Sep/2026 16:19:44] "GET /docs/assets/js/geoportal-panels.js?v=0.10.49 HTTP/1.1" 200 -
[WebServer] ::ffff:127.0.0.1 - - [03/Sep/2026 16:19:44] "GET /docs/data/hotspots_cantonales.json HTTP/1.1" 200 -
[WebServer] ::ffff:127.0.0.1 - - [03/Sep/2026 16:19:44] "GET /docs/data/cantones_wgs84.geojson HTTP/1.1" 200 -
[WebServer] ::ffff:127.0.0.1 - - [03/Sep/2026 16:19:44] "GET /docs/assets/js/geoportal-institutional.js?v=0.10.49 HTTP/1.1" 200 -
[WebServer] ::ffff:127.0.0.1 - - [03/Sep/2026 16:19:44] "GET /docs/assets/js/geoportal-tour.js?v=0.10.49 HTTP/1.1" 200 -
[WebServer] ::ffff:127.0.0.1 - - [03/Sep/2026 16:19:44] "GET /docs/assets/js/geoportal-catalogo.js?v=0.10.49 HTTP/1.1" 200 -
[WebServer] ::ffff:127.0.0.1 - - [03/Sep/2026 16:19:45] "GET /docs/assets/js/geoportal-app.js?v=0.10.49 HTTP/1.1" 200 -
[WebServer] ::ffff:127.0.0.1 - - [03/Sep/2026 16:19:45] "GET /docs/assets/img/redsa-isotipo-oficial.png HTTP/1.1" 200 -
[WebServer] ::ffff:127.0.0.1 - - [03/Sep/2026 16:19:45] "GET /docs/assets/img/loader-ecuador-contorno.svg HTTP/1.1" 200 -
[WebServer] ::ffff:127.0.0.1 - - [03/Sep/2026 16:19:45] "GET /docs/assets/img/loader-vias-principales.svg HTTP/1.1" 200 -
[WebServer] ::ffff:127.0.0.1 - - [03/Sep/2026 16:19:45] "GET /docs/data/provincias_wgs84.geojson HTTP/1.1" 200 -
[WebServer] ::ffff:127.0.0.1 - - [03/Sep/2026 16:19:45] "GET /docs/data/cantones_indice.json HTTP/1.1" 200 -
[WebServer] ::ffff:127.0.0.1 - - [03/Sep/2026 16:19:46] "GET /docs/ HTTP/1.1" 200 -
[WebServer] ::ffff:127.0.0.1 - - [03/Sep/2026 16:19:46] "GET /docs/assets/css/driver.css HTTP/1.1" 200 -
[WebServer] ::ffff:127.0.0.1 - - [03/Sep/2026 16:19:46] "GET /docs/assets/css/geoportal-core.css?v=0.10.49 HTTP/1.1" 200 -
[WebServer] ::ffff:127.0.0.1 - - [03/Sep/2026 16:19:46] "GET /docs/assets/css/geoportal-experience.css?v=0.10.49 HTTP/1.1" 200 -
[WebServer] ::ffff:127.0.0.1 - - [03/Sep/2026 16:19:46] "GET /docs/assets/js/vendor/leaflet-heat.js HTTP/1.1" 200 -
[WebServer] ::ffff:127.0.0.1 - - [03/Sep/2026 16:19:46] "GET /docs/assets/css/geoportal-mobile.css?v=0.10.49 HTTP/1.1" 200 -
[WebServer] ::ffff:127.0.0.1 - - [03/Sep/2026 16:19:46] "GET /docs/assets/js/vendor/simple-statistics.min.js HTTP/1.1" 200 -
[WebServer] ::ffff:127.0.0.1 - - [03/Sep/2026 16:19:46] "GET /docs/assets/js/vendor/driver.min.js HTTP/1.1" 200 -
[WebServer] ::ffff:127.0.0.1 - - [03/Sep/2026 16:19:46] "GET /docs/assets/js/vendor/html2canvas.min.js HTTP/1.1" 200 -
[WebServer] ::ffff:127.0.0.1 - - [03/Sep/2026 16:19:46] "GET /docs/assets/js/vendor/jspdf.umd.min.js HTTP/1.1" 200 -
[WebServer] ::ffff:127.0.0.1 - - [03/Sep/2026 16:19:46] "GET /docs/assets/js/geoportal-classification.js?v=0.10.49 HTTP/1.1" 200 -
[WebServer] ::ffff:127.0.0.1 - - [03/Sep/2026 16:19:46] "GET /docs/assets/js/geoportal-registry.js?v=0.10.49 HTTP/1.1" 200 -
[WebServer] ::ffff:127.0.0.1 - - [03/Sep/2026 16:19:46] "GET /docs/assets/js/geoportal-overlay-state.js?v=0.10.49 HTTP/1.1" 200 -
[WebServer] ::ffff:127.0.0.1 - - [03/Sep/2026 16:19:46] "GET /docs/assets/js/geoportal-ant-layer.js?v=0.10.49 HTTP/1.1" 200 -
[WebServer] ::ffff:127.0.0.1 - - [03/Sep/2026 16:19:46] "GET /docs/assets/js/geoportal-experience.js?v=0.10.49 HTTP/1.1" 200 -
[WebServer] ::ffff:127.0.0.1 - - [03/Sep/2026 16:19:46] "GET /docs/assets/js/geoportal-state.js?v=0.10.49 HTTP/1.1" 200 -
[WebServer] ::ffff:127.0.0.1 - - [03/Sep/2026 16:19:46] "GET /docs/assets/js/geoportal-territories.js?v=0.10.49 HTTP/1.1" 200 -
[WebServer] ::ffff:127.0.0.1 - - [03/Sep/2026 16:19:47] "GET /docs/assets/js/geoportal-panels.js?v=0.10.49 HTTP/1.1" 200 -
[WebServer] ::ffff:127.0.0.1 - - [03/Sep/2026 16:19:47] "GET /docs/assets/js/geoportal-institutional.js?v=0.10.49 HTTP/1.1" 200 -
[WebServer] ::ffff:127.0.0.1 - - [03/Sep/2026 16:19:47] "GET /docs/assets/js/geoportal-tour.js?v=0.10.49 HTTP/1.1" 200 -
[WebServer] ::ffff:127.0.0.1 - - [03/Sep/2026 16:19:47] "GET /docs/assets/js/geoportal-catalogo.js?v=0.10.49 HTTP/1.1" 200 -
[WebServer] ::ffff:127.0.0.1 - - [03/Sep/2026 16:19:47] "GET /docs/assets/js/geoportal-app.js?v=0.10.49 HTTP/1.1" 200 -
[WebServer] ::ffff:127.0.0.1 - - [03/Sep/2026 16:19:47] "GET /docs/assets/img/redsa-isotipo-oficial.png HTTP/1.1" 200 -
[WebServer] ::ffff:127.0.0.1 - - [03/Sep/2026 16:19:47] "GET /docs/assets/img/loader-vias-principales.svg HTTP/1.1" 200 -
[WebServer] ::ffff:127.0.0.1 - - [03/Sep/2026 16:19:47] "GET /docs/assets/img/loader-ecuador-contorno.svg HTTP/1.1" 200 -
[WebServer] ::ffff:127.0.0.1 - - [03/Sep/2026 16:19:47] "GET /docs/ HTTP/1.1" 200 -
[WebServer] ::ffff:127.0.0.1 - - [03/Sep/2026 16:19:47] "GET /docs/data/provincias_wgs84.geojson HTTP/1.1" 200 -
[WebServer] ::ffff:127.0.0.1 - - [03/Sep/2026 16:19:47] "GET /docs/data/cantones_indice.json HTTP/1.1" 200 -
[WebServer] ::ffff:127.0.0.1 - - [03/Sep/2026 16:19:47] "GET /docs/assets/css/driver.css HTTP/1.1" 200 -
[WebServer] ::ffff:127.0.0.1 - - [03/Sep/2026 16:19:47] "GET /docs/assets/css/geoportal-core.css?v=0.10.49 HTTP/1.1" 200 -
[WebServer] ::ffff:127.0.0.1 - - [03/Sep/2026 16:19:47] "GET /docs/assets/css/geoportal-experience.css?v=0.10.49 HTTP/1.1" 200 -
[WebServer] ::ffff:127.0.0.1 - - [03/Sep/2026 16:19:47] "GET /docs/assets/css/geoportal-mobile.css?v=0.10.49 HTTP/1.1" 200 -
[WebServer] ::ffff:127.0.0.1 - - [03/Sep/2026 16:19:47] "GET /docs/assets/js/vendor/leaflet-heat.js HTTP/1.1" 200 -
[WebServer] ::ffff:127.0.0.1 - - [03/Sep/2026 16:19:47] "GET /docs/assets/js/vendor/simple-statistics.min.js HTTP/1.1" 200 -
[WebServer] ::ffff:127.0.0.1 - - [03/Sep/2026 16:19:47] "GET /docs/assets/js/vendor/driver.min.js HTTP/1.1" 200 -
[WebServer] ::ffff:127.0.0.1 - - [03/Sep/2026 16:19:47] "GET /docs/assets/js/vendor/html2canvas.min.js HTTP/1.1" 200 -
[WebServer] ::ffff:127.0.0.1 - - [03/Sep/2026 16:19:47] "GET /docs/assets/js/vendor/jspdf.umd.min.js HTTP/1.1" 200 -
[WebServer] ::ffff:127.0.0.1 - - [03/Sep/2026 16:19:47] "GET /docs/assets/js/geoportal-classification.js?v=0.10.49 HTTP/1.1" 200 -
[WebServer] ::ffff:127.0.0.1 - - [03/Sep/2026 16:19:47] "GET /docs/assets/js/geoportal-registry.js?v=0.10.49 HTTP/1.1" 200 -
[WebServer] ::ffff:127.0.0.1 - - [03/Sep/2026 16:19:47] "GET /docs/assets/js/geoportal-overlay-state.js?v=0.10.49 HTTP/1.1" 200 -
[WebServer] ::ffff:127.0.0.1 - - [03/Sep/2026 16:19:47] "GET /docs/assets/js/geoportal-ant-layer.js?v=0.10.49 HTTP/1.1" 200 -
[WebServer] ::ffff:127.0.0.1 - - [03/Sep/2026 16:19:47] "GET /docs/assets/js/geoportal-experience.js?v=0.10.49 HTTP/1.1" 200 -
[WebServer] ::ffff:127.0.0.1 - - [03/Sep/2026 16:19:48] "GET /docs/assets/js/geoportal-state.js?v=0.10.49 HTTP/1.1" 200 -
[WebServer] ::ffff:127.0.0.1 - - [03/Sep/2026 16:19:48] "GET /docs/assets/js/geoportal-territories.js?v=0.10.49 HTTP/1.1" 200 -
[WebServer] ::ffff:127.0.0.1 - - [03/Sep/2026 16:19:48] "GET /docs/assets/js/geoportal-panels.js?v=0.10.49 HTTP/1.1" 200 -
[WebServer] ::ffff:127.0.0.1 - - [03/Sep/2026 16:19:48] "GET /docs/assets/js/geoportal-institutional.js?v=0.10.49 HTTP/1.1" 200 -
[WebServer] ::ffff:127.0.0.1 - - [03/Sep/2026 16:19:48] "GET /docs/assets/js/geoportal-tour.js?v=0.10.49 HTTP/1.1" 200 -
[WebServer] ::ffff:127.0.0.1 - - [03/Sep/2026 16:19:48] "GET /docs/assets/js/geoportal-catalogo.js?v=0.10.49 HTTP/1.1" 200 -
[WebServer] ::ffff:127.0.0.1 - - [03/Sep/2026 16:19:48] "GET /docs/assets/js/geoportal-app.js?v=0.10.49 HTTP/1.1" 200 -
[WebServer] ::ffff:127.0.0.1 - - [03/Sep/2026 16:19:48] "GET /docs/assets/img/redsa-isotipo-oficial.png HTTP/1.1" 200 -
[WebServer] ::ffff:127.0.0.1 - - [03/Sep/2026 16:19:48] "GET /docs/assets/img/loader-ecuador-contorno.svg HTTP/1.1" 200 -
[WebServer] ::ffff:127.0.0.1 - - [03/Sep/2026 16:19:48] "GET /docs/assets/img/loader-vias-principales.svg HTTP/1.1" 200 -
[WebServer] ::ffff:127.0.0.1 - - [03/Sep/2026 16:19:48] "GET /docs/data/provincias_wgs84.geojson HTTP/1.1" 200 -
[WebServer] ::ffff:127.0.0.1 - - [03/Sep/2026 16:19:48] "GET /docs/data/cantones_indice.json HTTP/1.1" 200 -
[WebServer] ::ffff:127.0.0.1 - - [03/Sep/2026 16:19:50] "GET /docs/ HTTP/1.1" 200 -
[WebServer] ::ffff:127.0.0.1 - - [03/Sep/2026 16:19:50] "GET /docs/assets/css/driver.css HTTP/1.1" 200 -
[WebServer] ::ffff:127.0.0.1 - - [03/Sep/2026 16:19:50] "GET /docs/assets/css/geoportal-core.css?v=0.10.49 HTTP/1.1" 200 -
[WebServer] ::ffff:127.0.0.1 - - [03/Sep/2026 16:19:50] "GET /docs/assets/css/geoportal-experience.css?v=0.10.49 HTTP/1.1" 200 -
[WebServer] ::ffff:127.0.0.1 - - [03/Sep/2026 16:19:50] "GET /docs/assets/css/geoportal-mobile.css?v=0.10.49 HTTP/1.1" 200 -
[WebServer] ::ffff:127.0.0.1 - - [03/Sep/2026 16:19:50] "GET /docs/assets/js/vendor/leaflet-heat.js HTTP/1.1" 200 -
[WebServer] ::ffff:127.0.0.1 - - [03/Sep/2026 16:19:50] "GET /docs/assets/js/vendor/simple-statistics.min.js HTTP/1.1" 200 -
[WebServer] ::ffff:127.0.0.1 - - [03/Sep/2026 16:19:50] "GET /docs/assets/js/vendor/driver.min.js HTTP/1.1" 200 -
[WebServer] ::ffff:127.0.0.1 - - [03/Sep/2026 16:19:50] "GET /docs/assets/js/vendor/html2canvas.min.js HTTP/1.1" 200 -
[WebServer] ::ffff:127.0.0.1 - - [03/Sep/2026 16:19:50] "GET /docs/assets/js/vendor/jspdf.umd.min.js HTTP/1.1" 200 -
[WebServer] ::ffff:127.0.0.1 - - [03/Sep/2026 16:19:50] "GET /docs/assets/js/geoportal-classification.js?v=0.10.49 HTTP/1.1" 200 -
[WebServer] ::ffff:127.0.0.1 - - [03/Sep/2026 16:19:50] "GET /docs/assets/js/geoportal-registry.js?v=0.10.49 HTTP/1.1" 200 -
[WebServer] ::ffff:127.0.0.1 - - [03/Sep/2026 16:19:50] "GET /docs/assets/js/geoportal-overlay-state.js?v=0.10.49 HTTP/1.1" 200 -
[WebServer] ::ffff:127.0.0.1 - - [03/Sep/2026 16:19:50] "GET /docs/assets/js/geoportal-ant-layer.js?v=0.10.49 HTTP/1.1" 200 -
[WebServer] ::ffff:127.0.0.1 - - [03/Sep/2026 16:19:50] "GET /docs/assets/js/geoportal-experience.js?v=0.10.49 HTTP/1.1" 200 -
[WebServer] ::ffff:127.0.0.1 - - [03/Sep/2026 16:19:50] "GET /docs/data/cantones_wgs84.geojson HTTP/1.1" 200 -
[WebServer] ::ffff:127.0.0.1 - - [03/Sep/2026 16:19:50] "GET /docs/assets/js/geoportal-state.js?v=0.10.49 HTTP/1.1" 200 -
[WebServer] ::ffff:127.0.0.1 - - [03/Sep/2026 16:19:50] "GET /docs/data/hotspots_cantonales.json HTTP/1.1" 200 -
[WebServer] ::ffff:127.0.0.1 - - [03/Sep/2026 16:19:50] "GET /docs/assets/js/geoportal-territories.js?v=0.10.49 HTTP/1.1" 200 -
[WebServer] ::ffff:127.0.0.1 - - [03/Sep/2026 16:19:50] "GET /docs/assets/js/geoportal-panels.js?v=0.10.49 HTTP/1.1" 200 -
[WebServer] ::ffff:127.0.0.1 - - [03/Sep/2026 16:19:50] "GET /docs/assets/js/geoportal-institutional.js?v=0.10.49 HTTP/1.1" 200 -
[WebServer] ::ffff:127.0.0.1 - - [03/Sep/2026 16:19:50] "GET /docs/assets/js/geoportal-tour.js?v=0.10.49 HTTP/1.1" 200 -
[WebServer] ::ffff:127.0.0.1 - - [03/Sep/2026 16:19:50] "GET /docs/assets/js/geoportal-catalogo.js?v=0.10.49 HTTP/1.1" 200 -
[WebServer] ::ffff:127.0.0.1 - - [03/Sep/2026 16:19:50] "GET /docs/assets/js/geoportal-app.js?v=0.10.49 HTTP/1.1" 200 -
[WebServer] ::ffff:127.0.0.1 - - [03/Sep/2026 16:19:50] "GET /docs/assets/img/redsa-isotipo-oficial.png HTTP/1.1" 200 -
[WebServer] ::ffff:127.0.0.1 - - [03/Sep/2026 16:19:50] "GET /docs/assets/img/loader-ecuador-contorno.svg HTTP/1.1" 200 -
[WebServer] ::ffff:127.0.0.1 - - [03/Sep/2026 16:19:50] "GET /docs/assets/img/loader-vias-principales.svg HTTP/1.1" 200 -
[WebServer] ::ffff:127.0.0.1 - - [03/Sep/2026 16:19:50] "GET /docs/data/provincias_wgs84.geojson HTTP/1.1" 200 -
[WebServer] ::ffff:127.0.0.1 - - [03/Sep/2026 16:19:51] "GET /docs/data/cantones_indice.json HTTP/1.1" 200 -
[WebServer] ::ffff:127.0.0.1 - - [03/Sep/2026 16:19:52] "GET /docs/ HTTP/1.1" 200 -
[WebServer] ::ffff:127.0.0.1 - - [03/Sep/2026 16:19:52] "GET /docs/assets/css/geoportal-core.css?v=0.10.49 HTTP/1.1" 200 -
[WebServer] ::ffff:127.0.0.1 - - [03/Sep/2026 16:19:52] "GET /docs/assets/css/driver.css HTTP/1.1" 200 -
[WebServer] ::ffff:127.0.0.1 - - [03/Sep/2026 16:19:52] "GET /docs/assets/css/geoportal-experience.css?v=0.10.49 HTTP/1.1" 200 -
[WebServer] ::ffff:127.0.0.1 - - [03/Sep/2026 16:19:52] "GET /docs/assets/css/geoportal-mobile.css?v=0.10.49 HTTP/1.1" 200 -
[WebServer] ::ffff:127.0.0.1 - - [03/Sep/2026 16:19:52] "GET /docs/assets/js/vendor/leaflet-heat.js HTTP/1.1" 200 -
[WebServer] ::ffff:127.0.0.1 - - [03/Sep/2026 16:19:52] "GET /docs/assets/js/vendor/simple-statistics.min.js HTTP/1.1" 200 -
[WebServer] ::ffff:127.0.0.1 - - [03/Sep/2026 16:19:52] "GET /docs/assets/js/vendor/driver.min.js HTTP/1.1" 200 -
[WebServer] ::ffff:127.0.0.1 - - [03/Sep/2026 16:19:52] "GET /docs/assets/js/vendor/html2canvas.min.js HTTP/1.1" 200 -
[WebServer] ::ffff:127.0.0.1 - - [03/Sep/2026 16:19:52] "GET /docs/assets/js/vendor/jspdf.umd.min.js HTTP/1.1" 200 -
[WebServer] ::ffff:127.0.0.1 - - [03/Sep/2026 16:19:52] "GET /docs/assets/js/geoportal-classification.js?v=0.10.49 HTTP/1.1" 200 -
[WebServer] ::ffff:127.0.0.1 - - [03/Sep/2026 16:19:52] "GET /docs/assets/js/geoportal-registry.js?v=0.10.49 HTTP/1.1" 200 -
[WebServer] ::ffff:127.0.0.1 - - [03/Sep/2026 16:19:52] "GET /docs/assets/js/geoportal-overlay-state.js?v=0.10.49 HTTP/1.1" 200 -
[WebServer] ::ffff:127.0.0.1 - - [03/Sep/2026 16:19:52] "GET /docs/assets/js/geoportal-ant-layer.js?v=0.10.49 HTTP/1.1" 200 -
[WebServer] ::ffff:127.0.0.1 - - [03/Sep/2026 16:19:52] "GET /docs/assets/js/geoportal-experience.js?v=0.10.49 HTTP/1.1" 200 -
[WebServer] ::ffff:127.0.0.1 - - [03/Sep/2026 16:19:52] "GET /docs/assets/js/geoportal-state.js?v=0.10.49 HTTP/1.1" 200 -
[WebServer] ::ffff:127.0.0.1 - - [03/Sep/2026 16:19:52] "GET /docs/assets/js/geoportal-territories.js?v=0.10.49 HTTP/1.1" 200 -
[WebServer] ::ffff:127.0.0.1 - - [03/Sep/2026 16:19:52] "GET /docs/assets/js/geoportal-panels.js?v=0.10.49 HTTP/1.1" 200 -
[WebServer] ::ffff:127.0.0.1 - - [03/Sep/2026 16:19:52] "GET /docs/assets/js/geoportal-institutional.js?v=0.10.49 HTTP/1.1" 200 -
[WebServer] ::ffff:127.0.0.1 - - [03/Sep/2026 16:19:52] "GET /docs/assets/js/geoportal-tour.js?v=0.10.49 HTTP/1.1" 200 -
[WebServer] ::ffff:127.0.0.1 - - [03/Sep/2026 16:19:52] "GET /docs/assets/js/geoportal-catalogo.js?v=0.10.49 HTTP/1.1" 200 -
[WebServer] ::ffff:127.0.0.1 - - [03/Sep/2026 16:19:52] "GET /docs/assets/js/geoportal-app.js?v=0.10.49 HTTP/1.1" 200 -
[WebServer] ::ffff:127.0.0.1 - - [03/Sep/2026 16:19:52] "GET /docs/assets/img/redsa-isotipo-oficial.png HTTP/1.1" 200 -
[WebServer] ::ffff:127.0.0.1 - - [03/Sep/2026 16:19:52] "GET /docs/assets/img/loader-ecuador-contorno.svg HTTP/1.1" 200 -
[WebServer] ::ffff:127.0.0.1 - - [03/Sep/2026 16:19:52] "GET /docs/assets/img/loader-vias-principales.svg HTTP/1.1" 200 -
[WebServer] ::ffff:127.0.0.1 - - [03/Sep/2026 16:19:53] "GET /docs/data/provincias_wgs84.geojson HTTP/1.1" 200 -
[WebServer] ::ffff:127.0.0.1 - - [03/Sep/2026 16:19:53] "GET /docs/data/cantones_indice.json HTTP/1.1" 200 -
[WebServer] ::ffff:127.0.0.1 - - [03/Sep/2026 16:19:53] "GET /docs/ HTTP/1.1" 200 -
[WebServer] ::ffff:127.0.0.1 - - [03/Sep/2026 16:19:53] "GET /docs/assets/css/driver.css HTTP/1.1" 200 -
[WebServer] ::ffff:127.0.0.1 - - [03/Sep/2026 16:19:53] "GET /docs/assets/css/geoportal-core.css?v=0.10.49 HTTP/1.1" 200 -
[WebServer] ::ffff:127.0.0.1 - - [03/Sep/2026 16:19:53] "GET /docs/assets/css/geoportal-experience.css?v=0.10.49 HTTP/1.1" 200 -
[WebServer] ::ffff:127.0.0.1 - - [03/Sep/2026 16:19:53] "GET /docs/assets/js/vendor/leaflet-heat.js HTTP/1.1" 200 -
[WebServer] ::ffff:127.0.0.1 - - [03/Sep/2026 16:19:53] "GET /docs/assets/css/geoportal-mobile.css?v=0.10.49 HTTP/1.1" 200 -
[WebServer] ::ffff:127.0.0.1 - - [03/Sep/2026 16:19:53] "GET /docs/assets/js/vendor/simple-statistics.min.js HTTP/1.1" 200 -
[WebServer] ::ffff:127.0.0.1 - - [03/Sep/2026 16:19:53] "GET /docs/assets/js/vendor/driver.min.js HTTP/1.1" 200 -
[WebServer] ::ffff:127.0.0.1 - - [03/Sep/2026 16:19:53] "GET /docs/assets/js/vendor/html2canvas.min.js HTTP/1.1" 200 -
[WebServer] ::ffff:127.0.0.1 - - [03/Sep/2026 16:19:53] "GET /docs/assets/js/vendor/jspdf.umd.min.js HTTP/1.1" 200 -
[WebServer] ::ffff:127.0.0.1 - - [03/Sep/2026 16:19:53] "GET /docs/assets/js/geoportal-classification.js?v=0.10.49 HTTP/1.1" 200 -
[WebServer] ::ffff:127.0.0.1 - - [03/Sep/2026 16:19:53] "GET /docs/assets/js/geoportal-registry.js?v=0.10.49 HTTP/1.1" 200 -
[WebServer] ::ffff:127.0.0.1 - - [03/Sep/2026 16:19:53] "GET /docs/assets/js/geoportal-overlay-state.js?v=0.10.49 HTTP/1.1" 200 -
[WebServer] ::ffff:127.0.0.1 - - [03/Sep/2026 16:19:53] "GET /docs/assets/js/geoportal-ant-layer.js?v=0.10.49 HTTP/1.1" 200 -
[WebServer] ::ffff:127.0.0.1 - - [03/Sep/2026 16:19:53] "GET /docs/assets/js/geoportal-experience.js?v=0.10.49 HTTP/1.1" 200 -
[WebServer] ::ffff:127.0.0.1 - - [03/Sep/2026 16:19:53] "GET /docs/assets/js/geoportal-state.js?v=0.10.49 HTTP/1.1" 200 -
[WebServer] ::ffff:127.0.0.1 - - [03/Sep/2026 16:19:53] "GET /docs/assets/js/geoportal-territories.js?v=0.10.49 HTTP/1.1" 200 -
[WebServer] ::ffff:127.0.0.1 - - [03/Sep/2026 16:19:53] "GET /docs/assets/js/geoportal-panels.js?v=0.10.49 HTTP/1.1" 200 -
[WebServer] ::ffff:127.0.0.1 - - [03/Sep/2026 16:19:53] "GET /docs/assets/js/geoportal-institutional.js?v=0.10.49 HTTP/1.1" 200 -
[WebServer] ::ffff:127.0.0.1 - - [03/Sep/2026 16:19:53] "GET /docs/assets/js/geoportal-tour.js?v=0.10.49 HTTP/1.1" 200 -
[WebServer] ::ffff:127.0.0.1 - - [03/Sep/2026 16:19:53] "GET /docs/assets/js/geoportal-catalogo.js?v=0.10.49 HTTP/1.1" 200 -
[WebServer] ::ffff:127.0.0.1 - - [03/Sep/2026 16:19:53] "GET /docs/assets/js/geoportal-app.js?v=0.10.49 HTTP/1.1" 200 -
[WebServer] ::ffff:127.0.0.1 - - [03/Sep/2026 16:19:53] "GET /docs/assets/img/redsa-isotipo-oficial.png HTTP/1.1" 200 -
[WebServer] ::ffff:127.0.0.1 - - [03/Sep/2026 16:19:53] "GET /docs/assets/img/loader-ecuador-contorno.svg HTTP/1.1" 200 -
[WebServer] ::ffff:127.0.0.1 - - [03/Sep/2026 16:19:53] "GET /docs/assets/img/loader-vias-principales.svg HTTP/1.1" 200 -
[WebServer] ::ffff:127.0.0.1 - - [03/Sep/2026 16:19:54] "GET /docs/data/provincias_wgs84.geojson HTTP/1.1" 200 -
[WebServer] ::ffff:127.0.0.1 - - [03/Sep/2026 16:19:54] "GET /docs/data/cantones_indice.json HTTP/1.1" 200 -
[WebServer] ::ffff:127.0.0.1 - - [03/Sep/2026 16:19:55] "GET /docs/ HTTP/1.1" 200 -
[WebServer] ::ffff:127.0.0.1 - - [03/Sep/2026 16:19:56] "GET /docs/assets/css/driver.css HTTP/1.1" 200 -
[WebServer] ::ffff:127.0.0.1 - - [03/Sep/2026 16:19:56] "GET /docs/assets/css/geoportal-core.css?v=0.10.49 HTTP/1.1" 200 -
[WebServer] ::ffff:127.0.0.1 - - [03/Sep/2026 16:19:56] "GET /docs/assets/css/geoportal-experience.css?v=0.10.49 HTTP/1.1" 200 -
[WebServer] ::ffff:127.0.0.1 - - [03/Sep/2026 16:19:56] "GET /docs/assets/css/geoportal-mobile.css?v=0.10.49 HTTP/1.1" 200 -
[WebServer] ::ffff:127.0.0.1 - - [03/Sep/2026 16:19:56] "GET /docs/assets/js/vendor/leaflet-heat.js HTTP/1.1" 200 -
[WebServer] ::ffff:127.0.0.1 - - [03/Sep/2026 16:19:56] "GET /docs/assets/js/vendor/simple-statistics.min.js HTTP/1.1" 200 -
[WebServer] ::ffff:127.0.0.1 - - [03/Sep/2026 16:19:56] "GET /docs/assets/js/vendor/driver.min.js HTTP/1.1" 200 -
[WebServer] ::ffff:127.0.0.1 - - [03/Sep/2026 16:19:56] "GET /docs/assets/js/vendor/html2canvas.min.js HTTP/1.1" 200 -
[WebServer] ::ffff:127.0.0.1 - - [03/Sep/2026 16:19:56] "GET /docs/assets/js/vendor/jspdf.umd.min.js HTTP/1.1" 200 -
[WebServer] ::ffff:127.0.0.1 - - [03/Sep/2026 16:19:56] "GET /docs/assets/js/geoportal-classification.js?v=0.10.49 HTTP/1.1" 200 -
[WebServer] ::ffff:127.0.0.1 - - [03/Sep/2026 16:19:56] "GET /docs/assets/js/geoportal-registry.js?v=0.10.49 HTTP/1.1" 200 -
[WebServer] ::ffff:127.0.0.1 - - [03/Sep/2026 16:19:56] "GET /docs/assets/js/geoportal-overlay-state.js?v=0.10.49 HTTP/1.1" 200 -
[WebServer] ::ffff:127.0.0.1 - - [03/Sep/2026 16:19:56] "GET /docs/assets/js/geoportal-ant-layer.js?v=0.10.49 HTTP/1.1" 200 -
[WebServer] ::ffff:127.0.0.1 - - [03/Sep/2026 16:19:56] "GET /docs/assets/js/geoportal-experience.js?v=0.10.49 HTTP/1.1" 200 -
[WebServer] ::ffff:127.0.0.1 - - [03/Sep/2026 16:19:56] "GET /docs/assets/js/geoportal-state.js?v=0.10.49 HTTP/1.1" 200 -
[WebServer] ::ffff:127.0.0.1 - - [03/Sep/2026 16:19:56] "GET /docs/assets/js/geoportal-territories.js?v=0.10.49 HTTP/1.1" 200 -
[WebServer] ::ffff:127.0.0.1 - - [03/Sep/2026 16:19:56] "GET /docs/assets/js/geoportal-panels.js?v=0.10.49 HTTP/1.1" 200 -
[WebServer] ::ffff:127.0.0.1 - - [03/Sep/2026 16:19:56] "GET /docs/assets/js/geoportal-institutional.js?v=0.10.49 HTTP/1.1" 200 -
[WebServer] ::ffff:127.0.0.1 - - [03/Sep/2026 16:19:56] "GET /docs/assets/js/geoportal-tour.js?v=0.10.49 HTTP/1.1" 200 -
[WebServer] ::ffff:127.0.0.1 - - [03/Sep/2026 16:19:56] "GET /docs/assets/js/geoportal-catalogo.js?v=0.10.49 HTTP/1.1" 200 -
[WebServer] ::ffff:127.0.0.1 - - [03/Sep/2026 16:19:56] "GET /docs/assets/js/geoportal-app.js?v=0.10.49 HTTP/1.1" 200 -
[WebServer] ::ffff:127.0.0.1 - - [03/Sep/2026 16:19:56] "GET /docs/assets/img/redsa-isotipo-oficial.png HTTP/1.1" 200 -
[WebServer] ::ffff:127.0.0.1 - - [03/Sep/2026 16:19:56] "GET /docs/assets/img/loader-ecuador-contorno.svg HTTP/1.1" 200 -
[WebServer] ::ffff:127.0.0.1 - - [03/Sep/2026 16:19:56] "GET /docs/assets/img/loader-vias-principales.svg HTTP/1.1" 200 -
[WebServer] ::ffff:127.0.0.1 - - [03/Sep/2026 16:19:56] "GET /docs/data/parroquias_wgs84.geojson HTTP/1.1" 200 -
[WebServer] ::ffff:127.0.0.1 - - [03/Sep/2026 16:19:56] "GET /docs/data/provincias_wgs84.geojson HTTP/1.1" 200 -
[WebServer] ::ffff:127.0.0.1 - - [03/Sep/2026 16:19:56] "GET /docs/data/cantones_indice.json HTTP/1.1" 200 -
[WebServer] ::ffff:127.0.0.1 - - [03/Sep/2026 16:19:59] "GET /docs/ HTTP/1.1" 200 -
[WebServer] ::ffff:127.0.0.1 - - [03/Sep/2026 16:19:59] "GET /docs/assets/css/driver.css HTTP/1.1" 200 -
[WebServer] ::ffff:127.0.0.1 - - [03/Sep/2026 16:19:59] "GET /docs/assets/css/geoportal-core.css?v=0.10.49 HTTP/1.1" 200 -
[WebServer] ::ffff:127.0.0.1 - - [03/Sep/2026 16:19:59] "GET /docs/assets/css/geoportal-experience.css?v=0.10.49 HTTP/1.1" 200 -
[WebServer] ::ffff:127.0.0.1 - - [03/Sep/2026 16:19:59] "GET /docs/assets/css/geoportal-mobile.css?v=0.10.49 HTTP/1.1" 200 -
[WebServer] ::ffff:127.0.0.1 - - [03/Sep/2026 16:19:59] "GET /docs/assets/js/vendor/leaflet-heat.js HTTP/1.1" 200 -
[WebServer] ::ffff:127.0.0.1 - - [03/Sep/2026 16:19:59] "GET /docs/assets/js/vendor/simple-statistics.min.js HTTP/1.1" 200 -
[WebServer] ::ffff:127.0.0.1 - - [03/Sep/2026 16:19:59] "GET /docs/assets/js/vendor/driver.min.js HTTP/1.1" 200 -
[WebServer] ::ffff:127.0.0.1 - - [03/Sep/2026 16:19:59] "GET /docs/assets/js/vendor/html2canvas.min.js HTTP/1.1" 200 -
[WebServer] ::ffff:127.0.0.1 - - [03/Sep/2026 16:19:59] "GET /docs/assets/js/vendor/jspdf.umd.min.js HTTP/1.1" 200 -
[WebServer] ::ffff:127.0.0.1 - - [03/Sep/2026 16:19:59] "GET /docs/assets/js/geoportal-classification.js?v=0.10.49 HTTP/1.1" 200 -
[WebServer] ::ffff:127.0.0.1 - - [03/Sep/2026 16:19:59] "GET /docs/assets/js/geoportal-registry.js?v=0.10.49 HTTP/1.1" 200 -
[WebServer] ::ffff:127.0.0.1 - - [03/Sep/2026 16:19:59] "GET /docs/assets/js/geoportal-overlay-state.js?v=0.10.49 HTTP/1.1" 200 -
[WebServer] ::ffff:127.0.0.1 - - [03/Sep/2026 16:19:59] "GET /docs/assets/js/geoportal-ant-layer.js?v=0.10.49 HTTP/1.1" 200 -
[WebServer] ::ffff:127.0.0.1 - - [03/Sep/2026 16:19:59] "GET /docs/assets/js/geoportal-experience.js?v=0.10.49 HTTP/1.1" 200 -
[WebServer] ::ffff:127.0.0.1 - - [03/Sep/2026 16:19:59] "GET /docs/assets/js/geoportal-state.js?v=0.10.49 HTTP/1.1" 200 -
[WebServer] ::ffff:127.0.0.1 - - [03/Sep/2026 16:19:59] "GET /docs/assets/js/geoportal-territories.js?v=0.10.49 HTTP/1.1" 200 -
[WebServer] ::ffff:127.0.0.1 - - [03/Sep/2026 16:19:59] "GET /docs/assets/js/geoportal-panels.js?v=0.10.49 HTTP/1.1" 200 -
[WebServer] ::ffff:127.0.0.1 - - [03/Sep/2026 16:19:59] "GET /docs/assets/js/geoportal-institutional.js?v=0.10.49 HTTP/1.1" 200 -
[WebServer] ::ffff:127.0.0.1 - - [03/Sep/2026 16:19:59] "GET /docs/assets/js/geoportal-tour.js?v=0.10.49 HTTP/1.1" 200 -
[WebServer] ::ffff:127.0.0.1 - - [03/Sep/2026 16:19:59] "GET /docs/assets/js/geoportal-catalogo.js?v=0.10.49 HTTP/1.1" 200 -
[WebServer] ::ffff:127.0.0.1 - - [03/Sep/2026 16:19:59] "GET /docs/assets/js/geoportal-app.js?v=0.10.49 HTTP/1.1" 200 -
[WebServer] ::ffff:127.0.0.1 - - [03/Sep/2026 16:19:59] "GET /docs/assets/img/redsa-isotipo-oficial.png HTTP/1.1" 200 -
[WebServer] ::ffff:127.0.0.1 - - [03/Sep/2026 16:19:59] "GET /docs/assets/img/loader-ecuador-contorno.svg HTTP/1.1" 200 -
[WebServer] ::ffff:127.0.0.1 - - [03/Sep/2026 16:19:59] "GET /docs/assets/img/loader-vias-principales.svg HTTP/1.1" 200 -
[WebServer] ::ffff:127.0.0.1 - - [03/Sep/2026 16:19:59] "GET /docs/ HTTP/1.1" 200 -
[WebServer] ::ffff:127.0.0.1 - - [03/Sep/2026 16:19:59] "GET /docs/assets/css/geoportal-experience.css?v=0.10.49 HTTP/1.1" 200 -
[WebServer] ::ffff:127.0.0.1 - - [03/Sep/2026 16:19:59] "GET /docs/assets/css/driver.css HTTP/1.1" 200 -
[WebServer] ::ffff:127.0.0.1 - - [03/Sep/2026 16:19:59] "GET /docs/assets/css/geoportal-core.css?v=0.10.49 HTTP/1.1" 200 -
[WebServer] ::ffff:127.0.0.1 - - [03/Sep/2026 16:19:59] "GET /docs/assets/css/geoportal-mobile.css?v=0.10.49 HTTP/1.1" 200 -
[WebServer] ::ffff:127.0.0.1 - - [03/Sep/2026 16:19:59] "GET /docs/assets/js/vendor/leaflet-heat.js HTTP/1.1" 200 -
[WebServer] ::ffff:127.0.0.1 - - [03/Sep/2026 16:19:59] "GET /docs/assets/js/vendor/simple-statistics.min.js HTTP/1.1" 200 -
[WebServer] ::ffff:127.0.0.1 - - [03/Sep/2026 16:19:59] "GET /docs/assets/js/vendor/driver.min.js HTTP/1.1" 200 -
[WebServer] ::ffff:127.0.0.1 - - [03/Sep/2026 16:19:59] "GET /docs/assets/js/vendor/html2canvas.min.js HTTP/1.1" 200 -
[WebServer] ::ffff:127.0.0.1 - - [03/Sep/2026 16:19:59] "GET /docs/assets/js/vendor/jspdf.umd.min.js HTTP/1.1" 200 -
[WebServer] ::ffff:127.0.0.1 - - [03/Sep/2026 16:19:59] "GET /docs/assets/js/geoportal-classification.js?v=0.10.49 HTTP/1.1" 200 -
[WebServer] ::ffff:127.0.0.1 - - [03/Sep/2026 16:19:59] "GET /docs/assets/js/geoportal-registry.js?v=0.10.49 HTTP/1.1" 200 -
[WebServer] ::ffff:127.0.0.1 - - [03/Sep/2026 16:19:59] "GET /docs/assets/js/geoportal-overlay-state.js?v=0.10.49 HTTP/1.1" 200 -
[WebServer] ::ffff:127.0.0.1 - - [03/Sep/2026 16:19:59] "GET /docs/assets/js/geoportal-ant-layer.js?v=0.10.49 HTTP/1.1" 200 -
[WebServer] ::ffff:127.0.0.1 - - [03/Sep/2026 16:19:59] "GET /docs/assets/js/geoportal-experience.js?v=0.10.49 HTTP/1.1" 200 -
[WebServer] ::ffff:127.0.0.1 - - [03/Sep/2026 16:19:59] "GET /docs/assets/js/geoportal-state.js?v=0.10.49 HTTP/1.1" 200 -
[WebServer] ::ffff:127.0.0.1 - - [03/Sep/2026 16:19:59] "GET /docs/assets/js/geoportal-territories.js?v=0.10.49 HTTP/1.1" 200 -
[WebServer] ::ffff:127.0.0.1 - - [03/Sep/2026 16:19:59] "GET /docs/assets/js/geoportal-panels.js?v=0.10.49 HTTP/1.1" 200 -
[WebServer] ::ffff:127.0.0.1 - - [03/Sep/2026 16:19:59] "GET /docs/assets/js/geoportal-institutional.js?v=0.10.49 HTTP/1.1" 200 -
[WebServer] ::ffff:127.0.0.1 - - [03/Sep/2026 16:19:59] "GET /docs/data/provincias_wgs84.geojson HTTP/1.1" 200 -
[WebServer] ::ffff:127.0.0.1 - - [03/Sep/2026 16:19:59] "GET /docs/assets/js/geoportal-tour.js?v=0.10.49 HTTP/1.1" 200 -
[WebServer] ::ffff:127.0.0.1 - - [03/Sep/2026 16:19:59] "GET /docs/data/cantones_indice.json HTTP/1.1" 200 -
[WebServer] ::ffff:127.0.0.1 - - [03/Sep/2026 16:19:59] "GET /docs/assets/js/geoportal-catalogo.js?v=0.10.49 HTTP/1.1" 200 -
[WebServer] ::ffff:127.0.0.1 - - [03/Sep/2026 16:19:59] "GET /docs/assets/js/geoportal-app.js?v=0.10.49 HTTP/1.1" 200 -
[WebServer] ::ffff:127.0.0.1 - - [03/Sep/2026 16:19:59] "GET /docs/assets/img/redsa-isotipo-oficial.png HTTP/1.1" 200 -
[WebServer] ::ffff:127.0.0.1 - - [03/Sep/2026 16:19:59] "GET /docs/assets/img/loader-ecuador-contorno.svg HTTP/1.1" 200 -
[WebServer] ::ffff:127.0.0.1 - - [03/Sep/2026 16:19:59] "GET /docs/assets/img/loader-vias-principales.svg HTTP/1.1" 200 -
[WebServer] ::ffff:127.0.0.1 - - [03/Sep/2026 16:20:00] "GET /docs/data/provincias_wgs84.geojson HTTP/1.1" 200 -
[WebServer] ::ffff:127.0.0.1 - - [03/Sep/2026 16:20:00] "GET /docs/data/cantones_indice.json HTTP/1.1" 200 -
[WebServer] ::ffff:127.0.0.1 - - [03/Sep/2026 16:20:02] "GET /docs/ HTTP/1.1" 200 -
[WebServer] ::ffff:127.0.0.1 - - [03/Sep/2026 16:20:02] "GET /docs/assets/css/driver.css HTTP/1.1" 200 -
[WebServer] ::ffff:127.0.0.1 - - [03/Sep/2026 16:20:02] "GET /docs/assets/css/geoportal-core.css?v=0.10.49 HTTP/1.1" 200 -
[WebServer] ::ffff:127.0.0.1 - - [03/Sep/2026 16:20:02] "GET /docs/assets/css/geoportal-experience.css?v=0.10.49 HTTP/1.1" 200 -
[WebServer] ::ffff:127.0.0.1 - - [03/Sep/2026 16:20:02] "GET /docs/assets/css/geoportal-mobile.css?v=0.10.49 HTTP/1.1" 200 -
[WebServer] ::ffff:127.0.0.1 - - [03/Sep/2026 16:20:02] "GET /docs/assets/js/vendor/leaflet-heat.js HTTP/1.1" 200 -
[WebServer] ::ffff:127.0.0.1 - - [03/Sep/2026 16:20:02] "GET /docs/assets/js/vendor/simple-statistics.min.js HTTP/1.1" 200 -
[WebServer] ::ffff:127.0.0.1 - - [03/Sep/2026 16:20:02] "GET /docs/assets/js/vendor/driver.min.js HTTP/1.1" 200 -
[WebServer] ::ffff:127.0.0.1 - - [03/Sep/2026 16:20:02] "GET /docs/assets/js/vendor/html2canvas.min.js HTTP/1.1" 200 -
[WebServer] ::ffff:127.0.0.1 - - [03/Sep/2026 16:20:02] "GET /docs/assets/js/vendor/jspdf.umd.min.js HTTP/1.1" 200 -
[WebServer] ::ffff:127.0.0.1 - - [03/Sep/2026 16:20:02] "GET /docs/assets/js/geoportal-classification.js?v=0.10.49 HTTP/1.1" 200 -
[WebServer] ::ffff:127.0.0.1 - - [03/Sep/2026 16:20:02] "GET /docs/assets/js/geoportal-registry.js?v=0.10.49 HTTP/1.1" 200 -
[WebServer] ::ffff:127.0.0.1 - - [03/Sep/2026 16:20:02] "GET /docs/assets/js/geoportal-overlay-state.js?v=0.10.49 HTTP/1.1" 200 -
[WebServer] ::ffff:127.0.0.1 - - [03/Sep/2026 16:20:02] "GET /docs/assets/js/geoportal-ant-layer.js?v=0.10.49 HTTP/1.1" 200 -
[WebServer] ::ffff:127.0.0.1 - - [03/Sep/2026 16:20:02] "GET /docs/assets/js/geoportal-experience.js?v=0.10.49 HTTP/1.1" 200 -
[WebServer] ::ffff:127.0.0.1 - - [03/Sep/2026 16:20:02] "GET /docs/assets/js/geoportal-state.js?v=0.10.49 HTTP/1.1" 200 -
[WebServer] ::ffff:127.0.0.1 - - [03/Sep/2026 16:20:02] "GET /docs/assets/js/geoportal-territories.js?v=0.10.49 HTTP/1.1" 200 -
[WebServer] ::ffff:127.0.0.1 - - [03/Sep/2026 16:20:02] "GET /docs/assets/js/geoportal-panels.js?v=0.10.49 HTTP/1.1" 200 -
[WebServer] ::ffff:127.0.0.1 - - [03/Sep/2026 16:20:02] "GET /docs/assets/js/geoportal-institutional.js?v=0.10.49 HTTP/1.1" 200 -
[WebServer] ::ffff:127.0.0.1 - - [03/Sep/2026 16:20:02] "GET /docs/assets/js/geoportal-tour.js?v=0.10.49 HTTP/1.1" 200 -
[WebServer] ::ffff:127.0.0.1 - - [03/Sep/2026 16:20:02] "GET /docs/assets/js/geoportal-catalogo.js?v=0.10.49 HTTP/1.1" 200 -
[WebServer] ::ffff:127.0.0.1 - - [03/Sep/2026 16:20:02] "GET /docs/assets/js/geoportal-app.js?v=0.10.49 HTTP/1.1" 200 -
[WebServer] ::ffff:127.0.0.1 - - [03/Sep/2026 16:20:02] "GET /docs/assets/img/redsa-isotipo-oficial.png HTTP/1.1" 200 -
[WebServer] ::ffff:127.0.0.1 - - [03/Sep/2026 16:20:02] "GET /docs/assets/img/loader-ecuador-contorno.svg HTTP/1.1" 200 -
[WebServer] ::ffff:127.0.0.1 - - [03/Sep/2026 16:20:02] "GET /docs/assets/img/loader-vias-principales.svg HTTP/1.1" 200 -
[WebServer] ::ffff:127.0.0.1 - - [03/Sep/2026 16:20:02] "GET /docs/data/provincias_wgs84.geojson HTTP/1.1" 200 -
[WebServer] ::ffff:127.0.0.1 - - [03/Sep/2026 16:20:02] "GET /docs/data/cantones_indice.json HTTP/1.1" 200 -
[WebServer] ::ffff:127.0.0.1 - - [03/Sep/2026 16:20:04] "GET /docs/ HTTP/1.1" 200 -
[WebServer] ::ffff:127.0.0.1 - - [03/Sep/2026 16:20:04] "GET /docs/assets/css/driver.css HTTP/1.1" 200 -
[WebServer] ::ffff:127.0.0.1 - - [03/Sep/2026 16:20:04] "GET /docs/assets/css/geoportal-core.css?v=0.10.49 HTTP/1.1" 200 -
[WebServer] ::ffff:127.0.0.1 - - [03/Sep/2026 16:20:04] "GET /docs/assets/css/geoportal-experience.css?v=0.10.49 HTTP/1.1" 200 -
[WebServer] ::ffff:127.0.0.1 - - [03/Sep/2026 16:20:04] "GET /docs/assets/css/geoportal-mobile.css?v=0.10.49 HTTP/1.1" 200 -
[WebServer] ::ffff:127.0.0.1 - - [03/Sep/2026 16:20:04] "GET /docs/assets/js/vendor/leaflet-heat.js HTTP/1.1" 200 -
[WebServer] ::ffff:127.0.0.1 - - [03/Sep/2026 16:20:04] "GET /docs/assets/js/vendor/simple-statistics.min.js HTTP/1.1" 200 -
[WebServer] ::ffff:127.0.0.1 - - [03/Sep/2026 16:20:04] "GET /docs/assets/js/vendor/driver.min.js HTTP/1.1" 200 -
[WebServer] ::ffff:127.0.0.1 - - [03/Sep/2026 16:20:04] "GET /docs/assets/js/vendor/html2canvas.min.js HTTP/1.1" 200 -
[WebServer] ::ffff:127.0.0.1 - - [03/Sep/2026 16:20:04] "GET /docs/assets/js/vendor/jspdf.umd.min.js HTTP/1.1" 200 -
[WebServer] ::ffff:127.0.0.1 - - [03/Sep/2026 16:20:04] "GET /docs/assets/js/geoportal-classification.js?v=0.10.49 HTTP/1.1" 200 -
[WebServer] ::ffff:127.0.0.1 - - [03/Sep/2026 16:20:04] "GET /docs/assets/js/geoportal-registry.js?v=0.10.49 HTTP/1.1" 200 -
[WebServer] ::ffff:127.0.0.1 - - [03/Sep/2026 16:20:04] "GET /docs/assets/js/geoportal-overlay-state.js?v=0.10.49 HTTP/1.1" 200 -
[WebServer] ::ffff:127.0.0.1 - - [03/Sep/2026 16:20:04] "GET /docs/assets/js/geoportal-ant-layer.js?v=0.10.49 HTTP/1.1" 200 -
[WebServer] ::ffff:127.0.0.1 - - [03/Sep/2026 16:20:04] "GET /docs/assets/js/geoportal-experience.js?v=0.10.49 HTTP/1.1" 200 -
[WebServer] ::ffff:127.0.0.1 - - [03/Sep/2026 16:20:04] "GET /docs/assets/js/geoportal-state.js?v=0.10.49 HTTP/1.1" 200 -
[WebServer] ::ffff:127.0.0.1 - - [03/Sep/2026 16:20:04] "GET /docs/assets/js/geoportal-territories.js?v=0.10.49 HTTP/1.1" 200 -
[WebServer] ::ffff:127.0.0.1 - - [03/Sep/2026 16:20:04] "GET /docs/assets/js/geoportal-panels.js?v=0.10.49 HTTP/1.1" 200 -
[WebServer] ::ffff:127.0.0.1 - - [03/Sep/2026 16:20:04] "GET /docs/assets/js/geoportal-institutional.js?v=0.10.49 HTTP/1.1" 200 -
[WebServer] ::ffff:127.0.0.1 - - [03/Sep/2026 16:20:04] "GET /docs/assets/js/geoportal-tour.js?v=0.10.49 HTTP/1.1" 200 -
[WebServer] ::ffff:127.0.0.1 - - [03/Sep/2026 16:20:04] "GET /docs/assets/js/geoportal-catalogo.js?v=0.10.49 HTTP/1.1" 200 -
[WebServer] ::ffff:127.0.0.1 - - [03/Sep/2026 16:20:04] "GET /docs/assets/js/geoportal-app.js?v=0.10.49 HTTP/1.1" 200 -
[WebServer] ::ffff:127.0.0.1 - - [03/Sep/2026 16:20:04] "GET /docs/assets/img/redsa-isotipo-oficial.png HTTP/1.1" 200 -
[WebServer] ::ffff:127.0.0.1 - - [03/Sep/2026 16:20:04] "GET /docs/assets/img/loader-ecuador-contorno.svg HTTP/1.1" 200 -
[WebServer] ::ffff:127.0.0.1 - - [03/Sep/2026 16:20:05] "GET /docs/data/provincias_wgs84.geojson HTTP/1.1" 200 -
[WebServer] ::ffff:127.0.0.1 - - [03/Sep/2026 16:20:05] "GET /docs/data/cantones_indice.json HTTP/1.1" 200 -
[WebServer] ::ffff:127.0.0.1 - - [03/Sep/2026 16:20:05] "GET /docs/assets/img/loader-vias-principales.svg HTTP/1.1" 200 -
[WebServer] ::ffff:127.0.0.1 - - [03/Sep/2026 16:20:05] "GET /docs/ HTTP/1.1" 200 -
[WebServer] ::ffff:127.0.0.1 - - [03/Sep/2026 16:20:05] "GET /docs/assets/css/driver.css HTTP/1.1" 200 -
[WebServer] ::ffff:127.0.0.1 - - [03/Sep/2026 16:20:05] "GET /docs/assets/css/geoportal-core.css?v=0.10.49 HTTP/1.1" 200 -
[WebServer] ::ffff:127.0.0.1 - - [03/Sep/2026 16:20:05] "GET /docs/assets/css/geoportal-experience.css?v=0.10.49 HTTP/1.1" 200 -
[WebServer] ::ffff:127.0.0.1 - - [03/Sep/2026 16:20:05] "GET /docs/assets/css/geoportal-mobile.css?v=0.10.49 HTTP/1.1" 200 -
[WebServer] ::ffff:127.0.0.1 - - [03/Sep/2026 16:20:05] "GET /docs/assets/js/vendor/leaflet-heat.js HTTP/1.1" 200 -
[WebServer] ::ffff:127.0.0.1 - - [03/Sep/2026 16:20:05] "GET /docs/assets/js/vendor/simple-statistics.min.js HTTP/1.1" 200 -
[WebServer] ::ffff:127.0.0.1 - - [03/Sep/2026 16:20:05] "GET /docs/assets/js/vendor/driver.min.js HTTP/1.1" 200 -
[WebServer] ::ffff:127.0.0.1 - - [03/Sep/2026 16:20:05] "GET /docs/assets/js/vendor/html2canvas.min.js HTTP/1.1" 200 -
[WebServer] ::ffff:127.0.0.1 - - [03/Sep/2026 16:20:05] "GET /docs/assets/js/vendor/jspdf.umd.min.js HTTP/1.1" 200 -
[WebServer] ::ffff:127.0.0.1 - - [03/Sep/2026 16:20:05] "GET /docs/assets/js/geoportal-classification.js?v=0.10.49 HTTP/1.1" 200 -
[WebServer] ::ffff:127.0.0.1 - - [03/Sep/2026 16:20:05] "GET /docs/assets/js/geoportal-registry.js?v=0.10.49 HTTP/1.1" 200 -
[WebServer] ::ffff:127.0.0.1 - - [03/Sep/2026 16:20:05] "GET /docs/assets/js/geoportal-overlay-state.js?v=0.10.49 HTTP/1.1" 200 -
[WebServer] ::ffff:127.0.0.1 - - [03/Sep/2026 16:20:06] "GET /docs/assets/js/geoportal-ant-layer.js?v=0.10.49 HTTP/1.1" 200 -
[WebServer] ::ffff:127.0.0.1 - - [03/Sep/2026 16:20:06] "GET /docs/assets/js/geoportal-territories.js?v=0.10.49 HTTP/1.1" 200 -
[WebServer] ::ffff:127.0.0.1 - - [03/Sep/2026 16:20:06] "GET /docs/assets/js/geoportal-state.js?v=0.10.49 HTTP/1.1" 200 -
[WebServer] ::ffff:127.0.0.1 - - [03/Sep/2026 16:20:06] "GET /docs/assets/js/geoportal-experience.js?v=0.10.49 HTTP/1.1" 200 -
[WebServer] ::ffff:127.0.0.1 - - [03/Sep/2026 16:20:06] "GET /docs/assets/js/geoportal-panels.js?v=0.10.49 HTTP/1.1" 200 -
[WebServer] ::ffff:127.0.0.1 - - [03/Sep/2026 16:20:06] "GET /docs/assets/js/geoportal-institutional.js?v=0.10.49 HTTP/1.1" 200 -
[WebServer] ::ffff:127.0.0.1 - - [03/Sep/2026 16:20:06] "GET /docs/assets/js/geoportal-tour.js?v=0.10.49 HTTP/1.1" 200 -
[WebServer] ::ffff:127.0.0.1 - - [03/Sep/2026 16:20:06] "GET /docs/assets/js/geoportal-catalogo.js?v=0.10.49 HTTP/1.1" 200 -
[WebServer] ::ffff:127.0.0.1 - - [03/Sep/2026 16:20:06] "GET /docs/assets/img/redsa-isotipo-oficial.png HTTP/1.1" 200 -
[WebServer] ::ffff:127.0.0.1 - - [03/Sep/2026 16:20:06] "GET /docs/assets/js/geoportal-app.js?v=0.10.49 HTTP/1.1" 200 -
[WebServer] ::ffff:127.0.0.1 - - [03/Sep/2026 16:20:06] "GET /docs/assets/img/loader-ecuador-contorno.svg HTTP/1.1" 200 -
[WebServer] ::ffff:127.0.0.1 - - [03/Sep/2026 16:20:06] "GET /docs/assets/img/loader-vias-principales.svg HTTP/1.1" 200 -
[WebServer] ::ffff:127.0.0.1 - - [03/Sep/2026 16:20:06] "GET /docs/data/provincias_wgs84.geojson HTTP/1.1" 200 -
[WebServer] ::ffff:127.0.0.1 - - [03/Sep/2026 16:20:06] "GET /docs/data/cantones_indice.json HTTP/1.1" 200 -
[WebServer] ::ffff:127.0.0.1 - - [03/Sep/2026 16:20:07] "GET /docs/data/ciclovias_ecuador.geojson HTTP/1.1" 200 -
[WebServer] ::ffff:127.0.0.1 - - [03/Sep/2026 16:20:07] "GET /docs/data/cantones_wgs84.geojson HTTP/1.1" 200 -
[WebServer] ::ffff:127.0.0.1 - - [03/Sep/2026 16:20:07] "GET /docs/data/hotspots_cantonales.json HTTP/1.1" 200 -
[WebServer] ::ffff:127.0.0.1 - - [03/Sep/2026 16:20:08] "GET /docs/data/cantones_wgs84.geojson HTTP/1.1" 200 -
[WebServer] ::ffff:127.0.0.1 - - [03/Sep/2026 16:20:08] "GET /docs/data/hotspots_cantonales.json HTTP/1.1" 200 -
[WebServer] ::ffff:127.0.0.1 - - [03/Sep/2026 16:20:10] "GET /docs/ HTTP/1.1" 200 -
[WebServer] ::ffff:127.0.0.1 - - [03/Sep/2026 16:20:10] "GET /docs/assets/css/driver.css HTTP/1.1" 200 -
[WebServer] ::ffff:127.0.0.1 - - [03/Sep/2026 16:20:10] "GET /docs/assets/css/geoportal-core.css?v=0.10.49 HTTP/1.1" 200 -
[WebServer] ::ffff:127.0.0.1 - - [03/Sep/2026 16:20:10] "GET /docs/assets/css/geoportal-experience.css?v=0.10.49 HTTP/1.1" 200 -
[WebServer] ::ffff:127.0.0.1 - - [03/Sep/2026 16:20:10] "GET /docs/assets/css/geoportal-mobile.css?v=0.10.49 HTTP/1.1" 200 -
[WebServer] ::ffff:127.0.0.1 - - [03/Sep/2026 16:20:10] "GET /docs/assets/js/vendor/leaflet-heat.js HTTP/1.1" 200 -
[WebServer] ::ffff:127.0.0.1 - - [03/Sep/2026 16:20:10] "GET /docs/assets/js/vendor/simple-statistics.min.js HTTP/1.1" 200 -
[WebServer] ::ffff:127.0.0.1 - - [03/Sep/2026 16:20:10] "GET /docs/assets/js/vendor/driver.min.js HTTP/1.1" 200 -
[WebServer] ::ffff:127.0.0.1 - - [03/Sep/2026 16:20:10] "GET /docs/assets/js/vendor/html2canvas.min.js HTTP/1.1" 200 -
[WebServer] ::ffff:127.0.0.1 - - [03/Sep/2026 16:20:10] "GET /docs/assets/js/vendor/jspdf.umd.min.js HTTP/1.1" 200 -
[WebServer] ::ffff:127.0.0.1 - - [03/Sep/2026 16:20:10] "GET /docs/assets/js/geoportal-classification.js?v=0.10.49 HTTP/1.1" 200 -
[WebServer] ::ffff:127.0.0.1 - - [03/Sep/2026 16:20:10] "GET /docs/assets/js/geoportal-registry.js?v=0.10.49 HTTP/1.1" 200 -
[WebServer] ::ffff:127.0.0.1 - - [03/Sep/2026 16:20:10] "GET /docs/assets/js/geoportal-overlay-state.js?v=0.10.49 HTTP/1.1" 200 -
[WebServer] ::ffff:127.0.0.1 - - [03/Sep/2026 16:20:10] "GET /docs/assets/js/geoportal-ant-layer.js?v=0.10.49 HTTP/1.1" 200 -
[WebServer] ::ffff:127.0.0.1 - - [03/Sep/2026 16:20:10] "GET /docs/assets/js/geoportal-experience.js?v=0.10.49 HTTP/1.1" 200 -
[WebServer] ::ffff:127.0.0.1 - - [03/Sep/2026 16:20:10] "GET /docs/assets/js/geoportal-state.js?v=0.10.49 HTTP/1.1" 200 -
[WebServer] ::ffff:127.0.0.1 - - [03/Sep/2026 16:20:10] "GET /docs/assets/js/geoportal-territories.js?v=0.10.49 HTTP/1.1" 200 -
[WebServer] ::ffff:127.0.0.1 - - [03/Sep/2026 16:20:10] "GET /docs/assets/js/geoportal-panels.js?v=0.10.49 HTTP/1.1" 200 -
[WebServer] ::ffff:127.0.0.1 - - [03/Sep/2026 16:20:10] "GET /docs/assets/js/geoportal-institutional.js?v=0.10.49 HTTP/1.1" 200 -
[WebServer] ::ffff:127.0.0.1 - - [03/Sep/2026 16:20:10] "GET /docs/assets/js/geoportal-tour.js?v=0.10.49 HTTP/1.1" 200 -
[WebServer] ::ffff:127.0.0.1 - - [03/Sep/2026 16:20:10] "GET /docs/assets/js/geoportal-catalogo.js?v=0.10.49 HTTP/1.1" 200 -
[WebServer] ::ffff:127.0.0.1 - - [03/Sep/2026 16:20:10] "GET /docs/assets/js/geoportal-app.js?v=0.10.49 HTTP/1.1" 200 -
[WebServer] ::ffff:127.0.0.1 - - [03/Sep/2026 16:20:10] "GET /docs/assets/img/redsa-isotipo-oficial.png HTTP/1.1" 200 -
[WebServer] ::ffff:127.0.0.1 - - [03/Sep/2026 16:20:10] "GET /docs/assets/img/loader-ecuador-contorno.svg HTTP/1.1" 200 -
[WebServer] ::ffff:127.0.0.1 - - [03/Sep/2026 16:20:10] "GET /docs/assets/img/loader-vias-principales.svg HTTP/1.1" 200 -
[WebServer] ::ffff:127.0.0.1 - - [03/Sep/2026 16:20:11] "GET /docs/ HTTP/1.1" 200 -
[WebServer] ::ffff:127.0.0.1 - - [03/Sep/2026 16:20:11] "GET /docs/assets/css/driver.css HTTP/1.1" 200 -
[WebServer] ::ffff:127.0.0.1 - - [03/Sep/2026 16:20:11] "GET /docs/assets/css/geoportal-core.css?v=0.10.49 HTTP/1.1" 200 -
[WebServer] ::ffff:127.0.0.1 - - [03/Sep/2026 16:20:11] "GET /docs/assets/css/geoportal-experience.css?v=0.10.49 HTTP/1.1" 200 -
[WebServer] ::ffff:127.0.0.1 - - [03/Sep/2026 16:20:11] "GET /docs/assets/css/geoportal-mobile.css?v=0.10.49 HTTP/1.1" 200 -
[WebServer] ::ffff:127.0.0.1 - - [03/Sep/2026 16:20:11] "GET /docs/assets/js/vendor/leaflet-heat.js HTTP/1.1" 200 -
[WebServer] ::ffff:127.0.0.1 - - [03/Sep/2026 16:20:11] "GET /docs/assets/js/vendor/simple-statistics.min.js HTTP/1.1" 200 -
[WebServer] ::ffff:127.0.0.1 - - [03/Sep/2026 16:20:11] "GET /docs/assets/js/vendor/driver.min.js HTTP/1.1" 200 -
[WebServer] ::ffff:127.0.0.1 - - [03/Sep/2026 16:20:11] "GET /docs/assets/js/vendor/html2canvas.min.js HTTP/1.1" 200 -
[WebServer] ::ffff:127.0.0.1 - - [03/Sep/2026 16:20:11] "GET /docs/assets/js/vendor/jspdf.umd.min.js HTTP/1.1" 200 -
[WebServer] ::ffff:127.0.0.1 - - [03/Sep/2026 16:20:11] "GET /docs/assets/js/geoportal-classification.js?v=0.10.49 HTTP/1.1" 200 -
[WebServer] ::ffff:127.0.0.1 - - [03/Sep/2026 16:20:11] "GET /docs/data/provincias_wgs84.geojson HTTP/1.1" 200 -
[WebServer] ::ffff:127.0.0.1 - - [03/Sep/2026 16:20:11] "GET /docs/data/cantones_indice.json HTTP/1.1" 200 -
[WebServer] ::ffff:127.0.0.1 - - [03/Sep/2026 16:20:11] "GET /docs/assets/js/geoportal-registry.js?v=0.10.49 HTTP/1.1" 200 -
[WebServer] ::ffff:127.0.0.1 - - [03/Sep/2026 16:20:11] "GET /docs/assets/js/geoportal-overlay-state.js?v=0.10.49 HTTP/1.1" 200 -
[WebServer] ::ffff:127.0.0.1 - - [03/Sep/2026 16:20:11] "GET /docs/assets/js/geoportal-ant-layer.js?v=0.10.49 HTTP/1.1" 200 -
[WebServer] ::ffff:127.0.0.1 - - [03/Sep/2026 16:20:11] "GET /docs/assets/js/geoportal-experience.js?v=0.10.49 HTTP/1.1" 200 -
[WebServer] ::ffff:127.0.0.1 - - [03/Sep/2026 16:20:11] "GET /docs/assets/js/geoportal-state.js?v=0.10.49 HTTP/1.1" 200 -
[WebServer] ::ffff:127.0.0.1 - - [03/Sep/2026 16:20:11] "GET /docs/assets/js/geoportal-territories.js?v=0.10.49 HTTP/1.1" 200 -
[WebServer] ::ffff:127.0.0.1 - - [03/Sep/2026 16:20:11] "GET /docs/assets/js/geoportal-panels.js?v=0.10.49 HTTP/1.1" 200 -
[WebServer] ::ffff:127.0.0.1 - - [03/Sep/2026 16:20:11] "GET /docs/assets/js/geoportal-institutional.js?v=0.10.49 HTTP/1.1" 200 -
[WebServer] ::ffff:127.0.0.1 - - [03/Sep/2026 16:20:11] "GET /docs/assets/js/geoportal-tour.js?v=0.10.49 HTTP/1.1" 200 -
[WebServer] ::ffff:127.0.0.1 - - [03/Sep/2026 16:20:11] "GET /docs/assets/js/geoportal-catalogo.js?v=0.10.49 HTTP/1.1" 200 -
[WebServer] ::ffff:127.0.0.1 - - [03/Sep/2026 16:20:11] "GET /docs/assets/js/geoportal-app.js?v=0.10.49 HTTP/1.1" 200 -
[WebServer] ::ffff:127.0.0.1 - - [03/Sep/2026 16:20:11] "GET /docs/assets/img/redsa-isotipo-oficial.png HTTP/1.1" 200 -
[WebServer] ::ffff:127.0.0.1 - - [03/Sep/2026 16:20:11] "GET /docs/assets/img/loader-ecuador-contorno.svg HTTP/1.1" 200 -
[WebServer] ::ffff:127.0.0.1 - - [03/Sep/2026 16:20:11] "GET /docs/assets/img/loader-vias-principales.svg HTTP/1.1" 200 -
[WebServer] ::ffff:127.0.0.1 - - [03/Sep/2026 16:20:12] "GET /docs/data/provincias_wgs84.geojson HTTP/1.1" 200 -
[WebServer] ::ffff:127.0.0.1 - - [03/Sep/2026 16:20:12] "GET /docs/data/cantones_indice.json HTTP/1.1" 200 -
[WebServer] ::ffff:127.0.0.1 - - [03/Sep/2026 16:20:13] "GET /docs/data/cantones_wgs84.geojson HTTP/1.1" 200 -
[WebServer] ::ffff:127.0.0.1 - - [03/Sep/2026 16:20:13] "GET /docs/data/hotspots_cantonales.json HTTP/1.1" 200 -
[WebServer] ::ffff:127.0.0.1 - - [03/Sep/2026 16:20:13] "GET /docs/data/cantones_wgs84.geojson HTTP/1.1" 200 -
[WebServer] ::ffff:127.0.0.1 - - [03/Sep/2026 16:20:13] "GET /docs/data/hotspots_cantonales.json HTTP/1.1" 200 -
[WebServer] ::ffff:127.0.0.1 - - [03/Sep/2026 16:20:14] "GET /docs/data/ciclovias_ecuador.geojson HTTP/1.1" 200 -
[WebServer] ::ffff:127.0.0.1 - - [03/Sep/2026 16:20:15] "GET /docs/ HTTP/1.1" 200 -
[WebServer] ::ffff:127.0.0.1 - - [03/Sep/2026 16:20:15] "GET /docs/assets/css/driver.css HTTP/1.1" 200 -
[WebServer] ::ffff:127.0.0.1 - - [03/Sep/2026 16:20:15] "GET /docs/assets/css/geoportal-experience.css?v=0.10.49 HTTP/1.1" 200 -
[WebServer] ::ffff:127.0.0.1 - - [03/Sep/2026 16:20:15] "GET /docs/assets/css/geoportal-core.css?v=0.10.49 HTTP/1.1" 200 -
[WebServer] ::ffff:127.0.0.1 - - [03/Sep/2026 16:20:15] "GET /docs/assets/css/geoportal-mobile.css?v=0.10.49 HTTP/1.1" 200 -
[WebServer] ::ffff:127.0.0.1 - - [03/Sep/2026 16:20:15] "GET /docs/assets/js/vendor/leaflet-heat.js HTTP/1.1" 200 -
[WebServer] ::ffff:127.0.0.1 - - [03/Sep/2026 16:20:15] "GET /docs/assets/js/vendor/simple-statistics.min.js HTTP/1.1" 200 -
[WebServer] ::ffff:127.0.0.1 - - [03/Sep/2026 16:20:15] "GET /docs/assets/js/vendor/driver.min.js HTTP/1.1" 200 -
[WebServer] ::ffff:127.0.0.1 - - [03/Sep/2026 16:20:15] "GET /docs/assets/js/vendor/html2canvas.min.js HTTP/1.1" 200 -
[WebServer] ::ffff:127.0.0.1 - - [03/Sep/2026 16:20:15] "GET /docs/assets/js/vendor/jspdf.umd.min.js HTTP/1.1" 200 -
[WebServer] ::ffff:127.0.0.1 - - [03/Sep/2026 16:20:15] "GET /docs/assets/js/geoportal-classification.js?v=0.10.49 HTTP/1.1" 200 -
[WebServer] ::ffff:127.0.0.1 - - [03/Sep/2026 16:20:15] "GET /docs/assets/js/geoportal-registry.js?v=0.10.49 HTTP/1.1" 200 -
[WebServer] ::ffff:127.0.0.1 - - [03/Sep/2026 16:20:15] "GET /docs/assets/js/geoportal-overlay-state.js?v=0.10.49 HTTP/1.1" 200 -
[WebServer] ::ffff:127.0.0.1 - - [03/Sep/2026 16:20:15] "GET /docs/assets/js/geoportal-ant-layer.js?v=0.10.49 HTTP/1.1" 200 -
[WebServer] ::ffff:127.0.0.1 - - [03/Sep/2026 16:20:15] "GET /docs/assets/js/geoportal-experience.js?v=0.10.49 HTTP/1.1" 200 -
[WebServer] ::ffff:127.0.0.1 - - [03/Sep/2026 16:20:15] "GET /docs/assets/js/geoportal-state.js?v=0.10.49 HTTP/1.1" 200 -
[WebServer] ::ffff:127.0.0.1 - - [03/Sep/2026 16:20:15] "GET /docs/assets/js/geoportal-territories.js?v=0.10.49 HTTP/1.1" 200 -
[WebServer] ::ffff:127.0.0.1 - - [03/Sep/2026 16:20:15] "GET /docs/assets/js/geoportal-panels.js?v=0.10.49 HTTP/1.1" 200 -
[WebServer] ::ffff:127.0.0.1 - - [03/Sep/2026 16:20:15] "GET /docs/assets/js/geoportal-institutional.js?v=0.10.49 HTTP/1.1" 200 -
[WebServer] ::ffff:127.0.0.1 - - [03/Sep/2026 16:20:15] "GET /docs/assets/js/geoportal-tour.js?v=0.10.49 HTTP/1.1" 200 -
[WebServer] ::ffff:127.0.0.1 - - [03/Sep/2026 16:20:15] "GET /docs/assets/js/geoportal-catalogo.js?v=0.10.49 HTTP/1.1" 200 -
[WebServer] ::ffff:127.0.0.1 - - [03/Sep/2026 16:20:15] "GET /docs/assets/js/geoportal-app.js?v=0.10.49 HTTP/1.1" 200 -
[WebServer] ::ffff:127.0.0.1 - - [03/Sep/2026 16:20:15] "GET /docs/assets/img/redsa-isotipo-oficial.png HTTP/1.1" 200 -
[WebServer] ::ffff:127.0.0.1 - - [03/Sep/2026 16:20:15] "GET /docs/assets/img/loader-ecuador-contorno.svg HTTP/1.1" 200 -
[WebServer] ::ffff:127.0.0.1 - - [03/Sep/2026 16:20:15] "GET /docs/assets/img/loader-vias-principales.svg HTTP/1.1" 200 -
[WebServer] ::ffff:127.0.0.1 - - [03/Sep/2026 16:20:16] "GET /docs/data/provincias_wgs84.geojson HTTP/1.1" 200 -
[WebServer] ::ffff:127.0.0.1 - - [03/Sep/2026 16:20:16] "GET /docs/data/cantones_indice.json HTTP/1.1" 200 -
[WebServer] ::ffff:127.0.0.1 - - [03/Sep/2026 16:20:17] "GET /docs/ HTTP/1.1" 200 -
[WebServer] ::ffff:127.0.0.1 - - [03/Sep/2026 16:20:17] "GET /docs/assets/css/driver.css HTTP/1.1" 200 -
[WebServer] ::ffff:127.0.0.1 - - [03/Sep/2026 16:20:17] "GET /docs/assets/css/geoportal-core.css?v=0.10.49 HTTP/1.1" 200 -
[WebServer] ::ffff:127.0.0.1 - - [03/Sep/2026 16:20:17] "GET /docs/assets/css/geoportal-experience.css?v=0.10.49 HTTP/1.1" 200 -
[WebServer] ::ffff:127.0.0.1 - - [03/Sep/2026 16:20:17] "GET /docs/assets/css/geoportal-mobile.css?v=0.10.49 HTTP/1.1" 200 -
[WebServer] ::ffff:127.0.0.1 - - [03/Sep/2026 16:20:17] "GET /docs/assets/js/vendor/leaflet-heat.js HTTP/1.1" 200 -
[WebServer] ::ffff:127.0.0.1 - - [03/Sep/2026 16:20:17] "GET /docs/assets/js/vendor/simple-statistics.min.js HTTP/1.1" 200 -
[WebServer] ::ffff:127.0.0.1 - - [03/Sep/2026 16:20:17] "GET /docs/assets/js/vendor/driver.min.js HTTP/1.1" 200 -
[WebServer] ::ffff:127.0.0.1 - - [03/Sep/2026 16:20:17] "GET /docs/assets/js/vendor/html2canvas.min.js HTTP/1.1" 200 -
[WebServer] ::ffff:127.0.0.1 - - [03/Sep/2026 16:20:17] "GET /docs/assets/js/vendor/jspdf.umd.min.js HTTP/1.1" 200 -
[WebServer] ::ffff:127.0.0.1 - - [03/Sep/2026 16:20:17] "GET /docs/assets/js/geoportal-classification.js?v=0.10.49 HTTP/1.1" 200 -
[WebServer] ::ffff:127.0.0.1 - - [03/Sep/2026 16:20:17] "GET /docs/assets/js/geoportal-registry.js?v=0.10.49 HTTP/1.1" 200 -
[WebServer] ::ffff:127.0.0.1 - - [03/Sep/2026 16:20:17] "GET /docs/assets/js/geoportal-overlay-state.js?v=0.10.49 HTTP/1.1" 200 -
[WebServer] ::ffff:127.0.0.1 - - [03/Sep/2026 16:20:17] "GET /docs/assets/js/geoportal-ant-layer.js?v=0.10.49 HTTP/1.1" 200 -
[WebServer] ::ffff:127.0.0.1 - - [03/Sep/2026 16:20:17] "GET /docs/assets/js/geoportal-experience.js?v=0.10.49 HTTP/1.1" 200 -
[WebServer] ::ffff:127.0.0.1 - - [03/Sep/2026 16:20:17] "GET /docs/assets/js/geoportal-state.js?v=0.10.49 HTTP/1.1" 200 -
[WebServer] ::ffff:127.0.0.1 - - [03/Sep/2026 16:20:17] "GET /docs/assets/js/geoportal-territories.js?v=0.10.49 HTTP/1.1" 200 -
[WebServer] ::ffff:127.0.0.1 - - [03/Sep/2026 16:20:17] "GET /docs/assets/js/geoportal-panels.js?v=0.10.49 HTTP/1.1" 200 -
[WebServer] ::ffff:127.0.0.1 - - [03/Sep/2026 16:20:17] "GET /docs/assets/js/geoportal-institutional.js?v=0.10.49 HTTP/1.1" 200 -
[WebServer] ::ffff:127.0.0.1 - - [03/Sep/2026 16:20:17] "GET /docs/assets/js/geoportal-tour.js?v=0.10.49 HTTP/1.1" 200 -
[WebServer] ::ffff:127.0.0.1 - - [03/Sep/2026 16:20:17] "GET /docs/assets/js/geoportal-catalogo.js?v=0.10.49 HTTP/1.1" 200 -
[WebServer] ::ffff:127.0.0.1 - - [03/Sep/2026 16:20:17] "GET /docs/assets/js/geoportal-app.js?v=0.10.49 HTTP/1.1" 200 -
[WebServer] ::ffff:127.0.0.1 - - [03/Sep/2026 16:20:17] "GET /docs/assets/img/redsa-isotipo-oficial.png HTTP/1.1" 200 -
[WebServer] ::ffff:127.0.0.1 - - [03/Sep/2026 16:20:17] "GET /docs/assets/img/loader-ecuador-contorno.svg HTTP/1.1" 200 -
[WebServer] ::ffff:127.0.0.1 - - [03/Sep/2026 16:20:17] "GET /docs/assets/img/loader-vias-principales.svg HTTP/1.1" 200 -
[WebServer] ::ffff:127.0.0.1 - - [03/Sep/2026 16:20:18] "GET /docs/data/cantones_indice.json HTTP/1.1" 200 -
[WebServer] ::ffff:127.0.0.1 - - [03/Sep/2026 16:20:18] "GET /docs/data/provincias_wgs84.geojson HTTP/1.1" 200 -
[WebServer] ::ffff:127.0.0.1 - - [03/Sep/2026 16:20:19] "GET /docs/data/ciclovias_ecuador.geojson HTTP/1.1" 200 -
[WebServer] ::ffff:127.0.0.1 - - [03/Sep/2026 16:20:19] "GET /docs/data/cantones_wgs84.geojson HTTP/1.1" 200 -
[WebServer] ::ffff:127.0.0.1 - - [03/Sep/2026 16:20:19] "GET /docs/data/hotspots_cantonales.json HTTP/1.1" 200 -
[WebServer] ::ffff:127.0.0.1 - - [03/Sep/2026 16:20:20] "GET /docs/data/aceras_ecuador.geojson HTTP/1.1" 200 -
[WebServer] ::ffff:127.0.0.1 - - [03/Sep/2026 16:20:22] "GET /docs/ HTTP/1.1" 200 -
[WebServer] ::ffff:127.0.0.1 - - [03/Sep/2026 16:20:22] "GET /docs/assets/css/driver.css HTTP/1.1" 200 -
[WebServer] ::ffff:127.0.0.1 - - [03/Sep/2026 16:20:22] "GET /docs/assets/css/geoportal-experience.css?v=0.10.49 HTTP/1.1" 200 -
[WebServer] ::ffff:127.0.0.1 - - [03/Sep/2026 16:20:22] "GET /docs/assets/css/geoportal-core.css?v=0.10.49 HTTP/1.1" 200 -
[WebServer] ::ffff:127.0.0.1 - - [03/Sep/2026 16:20:22] "GET /docs/assets/css/geoportal-mobile.css?v=0.10.49 HTTP/1.1" 200 -
[WebServer] ::ffff:127.0.0.1 - - [03/Sep/2026 16:20:22] "GET /docs/assets/js/vendor/leaflet-heat.js HTTP/1.1" 200 -
[WebServer] ::ffff:127.0.0.1 - - [03/Sep/2026 16:20:22] "GET /docs/assets/js/vendor/simple-statistics.min.js HTTP/1.1" 200 -
[WebServer] ::ffff:127.0.0.1 - - [03/Sep/2026 16:20:22] "GET /docs/assets/js/vendor/driver.min.js HTTP/1.1" 200 -
[WebServer] ::ffff:127.0.0.1 - - [03/Sep/2026 16:20:22] "GET /docs/assets/js/vendor/html2canvas.min.js HTTP/1.1" 200 -
[WebServer] ::ffff:127.0.0.1 - - [03/Sep/2026 16:20:22] "GET /docs/assets/js/vendor/jspdf.umd.min.js HTTP/1.1" 200 -
[WebServer] ::ffff:127.0.0.1 - - [03/Sep/2026 16:20:22] "GET /docs/assets/js/geoportal-classification.js?v=0.10.49 HTTP/1.1" 200 -
[WebServer] ::ffff:127.0.0.1 - - [03/Sep/2026 16:20:22] "GET /docs/assets/js/geoportal-registry.js?v=0.10.49 HTTP/1.1" 200 -
[WebServer] ::ffff:127.0.0.1 - - [03/Sep/2026 16:20:22] "GET /docs/assets/js/geoportal-overlay-state.js?v=0.10.49 HTTP/1.1" 200 -
[WebServer] ::ffff:127.0.0.1 - - [03/Sep/2026 16:20:22] "GET /docs/assets/js/geoportal-ant-layer.js?v=0.10.49 HTTP/1.1" 200 -
[WebServer] ::ffff:127.0.0.1 - - [03/Sep/2026 16:20:22] "GET /docs/assets/js/geoportal-experience.js?v=0.10.49 HTTP/1.1" 200 -
[WebServer] ::ffff:127.0.0.1 - - [03/Sep/2026 16:20:22] "GET /docs/assets/js/geoportal-state.js?v=0.10.49 HTTP/1.1" 200 -
[WebServer] ::ffff:127.0.0.1 - - [03/Sep/2026 16:20:22] "GET /docs/assets/js/geoportal-territories.js?v=0.10.49 HTTP/1.1" 200 -
[WebServer] ::ffff:127.0.0.1 - - [03/Sep/2026 16:20:22] "GET /docs/assets/js/geoportal-panels.js?v=0.10.49 HTTP/1.1" 200 -
[WebServer] ::ffff:127.0.0.1 - - [03/Sep/2026 16:20:22] "GET /docs/assets/js/geoportal-institutional.js?v=0.10.49 HTTP/1.1" 200 -
[WebServer] ::ffff:127.0.0.1 - - [03/Sep/2026 16:20:22] "GET /docs/assets/js/geoportal-tour.js?v=0.10.49 HTTP/1.1" 200 -
[WebServer] ::ffff:127.0.0.1 - - [03/Sep/2026 16:20:22] "GET /docs/assets/js/geoportal-catalogo.js?v=0.10.49 HTTP/1.1" 200 -
[WebServer] ::ffff:127.0.0.1 - - [03/Sep/2026 16:20:22] "GET /docs/assets/js/geoportal-app.js?v=0.10.49 HTTP/1.1" 200 -
[WebServer] ::ffff:127.0.0.1 - - [03/Sep/2026 16:20:22] "GET /docs/assets/img/redsa-isotipo-oficial.png HTTP/1.1" 200 -
[WebServer] ::ffff:127.0.0.1 - - [03/Sep/2026 16:20:22] "GET /docs/assets/img/loader-ecuador-contorno.svg HTTP/1.1" 200 -
[WebServer] ::ffff:127.0.0.1 - - [03/Sep/2026 16:20:22] "GET /docs/assets/img/loader-vias-principales.svg HTTP/1.1" 200 -
[WebServer] ::ffff:127.0.0.1 - - [03/Sep/2026 16:20:22] "GET /docs/data/provincias_wgs84.geojson HTTP/1.1" 200 -
[WebServer] ::ffff:127.0.0.1 - - [03/Sep/2026 16:20:22] "GET /docs/data/cantones_indice.json HTTP/1.1" 200 -
[WebServer] ::ffff:127.0.0.1 - - [03/Sep/2026 16:20:24] "GET /docs/ HTTP/1.1" 200 -
[WebServer] ::ffff:127.0.0.1 - - [03/Sep/2026 16:20:24] "GET /docs/assets/css/driver.css HTTP/1.1" 200 -
[WebServer] ::ffff:127.0.0.1 - - [03/Sep/2026 16:20:24] "GET /docs/assets/css/geoportal-core.css?v=0.10.49 HTTP/1.1" 200 -
[WebServer] ::ffff:127.0.0.1 - - [03/Sep/2026 16:20:24] "GET /docs/assets/css/geoportal-experience.css?v=0.10.49 HTTP/1.1" 200 -
[WebServer] ::ffff:127.0.0.1 - - [03/Sep/2026 16:20:24] "GET /docs/assets/css/geoportal-mobile.css?v=0.10.49 HTTP/1.1" 200 -
[WebServer] ::ffff:127.0.0.1 - - [03/Sep/2026 16:20:24] "GET /docs/assets/js/vendor/leaflet-heat.js HTTP/1.1" 200 -
[WebServer] ::ffff:127.0.0.1 - - [03/Sep/2026 16:20:24] "GET /docs/assets/js/vendor/simple-statistics.min.js HTTP/1.1" 200 -
[WebServer] ::ffff:127.0.0.1 - - [03/Sep/2026 16:20:24] "GET /docs/assets/js/vendor/driver.min.js HTTP/1.1" 200 -
[WebServer] ::ffff:127.0.0.1 - - [03/Sep/2026 16:20:24] "GET /docs/assets/js/vendor/html2canvas.min.js HTTP/1.1" 200 -
[WebServer] ::ffff:127.0.0.1 - - [03/Sep/2026 16:20:24] "GET /docs/assets/js/vendor/jspdf.umd.min.js HTTP/1.1" 200 -
[WebServer] ::ffff:127.0.0.1 - - [03/Sep/2026 16:20:24] "GET /docs/assets/js/geoportal-classification.js?v=0.10.49 HTTP/1.1" 200 -
[WebServer] ::ffff:127.0.0.1 - - [03/Sep/2026 16:20:24] "GET /docs/assets/js/geoportal-registry.js?v=0.10.49 HTTP/1.1" 200 -
[WebServer] ::ffff:127.0.0.1 - - [03/Sep/2026 16:20:24] "GET /docs/assets/js/geoportal-overlay-state.js?v=0.10.49 HTTP/1.1" 200 -
[WebServer] ::ffff:127.0.0.1 - - [03/Sep/2026 16:20:24] "GET /docs/assets/js/geoportal-ant-layer.js?v=0.10.49 HTTP/1.1" 200 -
[WebServer] ::ffff:127.0.0.1 - - [03/Sep/2026 16:20:24] "GET /docs/assets/js/geoportal-experience.js?v=0.10.49 HTTP/1.1" 200 -
[WebServer] ::ffff:127.0.0.1 - - [03/Sep/2026 16:20:24] "GET /docs/assets/js/geoportal-state.js?v=0.10.49 HTTP/1.1" 200 -
[WebServer] ::ffff:127.0.0.1 - - [03/Sep/2026 16:20:24] "GET /docs/assets/js/geoportal-territories.js?v=0.10.49 HTTP/1.1" 200 -
[WebServer] ::ffff:127.0.0.1 - - [03/Sep/2026 16:20:24] "GET /docs/assets/js/geoportal-panels.js?v=0.10.49 HTTP/1.1" 200 -
[WebServer] ::ffff:127.0.0.1 - - [03/Sep/2026 16:20:24] "GET /docs/assets/js/geoportal-institutional.js?v=0.10.49 HTTP/1.1" 200 -
[WebServer] ::ffff:127.0.0.1 - - [03/Sep/2026 16:20:24] "GET /docs/assets/js/geoportal-tour.js?v=0.10.49 HTTP/1.1" 200 -
[WebServer] ::ffff:127.0.0.1 - - [03/Sep/2026 16:20:24] "GET /docs/assets/js/geoportal-catalogo.js?v=0.10.49 HTTP/1.1" 200 -
[WebServer] ::ffff:127.0.0.1 - - [03/Sep/2026 16:20:24] "GET /docs/assets/js/geoportal-app.js?v=0.10.49 HTTP/1.1" 200 -
[WebServer] ::ffff:127.0.0.1 - - [03/Sep/2026 16:20:24] "GET /docs/data/parroquias_wgs84.geojson HTTP/1.1" 200 -
[WebServer] ::ffff:127.0.0.1 - - [03/Sep/2026 16:20:24] "GET /docs/assets/img/redsa-isotipo-oficial.png HTTP/1.1" 200 -
[WebServer] ::ffff:127.0.0.1 - - [03/Sep/2026 16:20:24] "GET /docs/assets/img/loader-ecuador-contorno.svg HTTP/1.1" 200 -
[WebServer] ::ffff:127.0.0.1 - - [03/Sep/2026 16:20:24] "GET /docs/assets/img/loader-vias-principales.svg HTTP/1.1" 200 -
[WebServer] ::ffff:127.0.0.1 - - [03/Sep/2026 16:20:24] "GET /docs/data/provincias_wgs84.geojson HTTP/1.1" 200 -
[WebServer] ::ffff:127.0.0.1 - - [03/Sep/2026 16:20:24] "GET /docs/data/cantones_indice.json HTTP/1.1" 200 -
[WebServer] ::ffff:127.0.0.1 - - [03/Sep/2026 16:20:26] "GET /docs/data/cantones_wgs84.geojson HTTP/1.1" 200 -
[WebServer] ::ffff:127.0.0.1 - - [03/Sep/2026 16:20:26] "GET /docs/data/hotspots_cantonales.json HTTP/1.1" 200 -
[WebServer] ::ffff:127.0.0.1 - - [03/Sep/2026 16:20:27] "GET /docs/ HTTP/1.1" 200 -
[WebServer] ::ffff:127.0.0.1 - - [03/Sep/2026 16:20:27] "GET /docs/assets/css/driver.css HTTP/1.1" 200 -
[WebServer] ::ffff:127.0.0.1 - - [03/Sep/2026 16:20:27] "GET /docs/assets/css/geoportal-core.css?v=0.10.49 HTTP/1.1" 200 -
[WebServer] ::ffff:127.0.0.1 - - [03/Sep/2026 16:20:27] "GET /docs/assets/css/geoportal-experience.css?v=0.10.49 HTTP/1.1" 200 -
[WebServer] ::ffff:127.0.0.1 - - [03/Sep/2026 16:20:27] "GET /docs/assets/css/geoportal-mobile.css?v=0.10.49 HTTP/1.1" 200 -
[WebServer] ::ffff:127.0.0.1 - - [03/Sep/2026 16:20:27] "GET /docs/assets/js/vendor/leaflet-heat.js HTTP/1.1" 200 -
[WebServer] ::ffff:127.0.0.1 - - [03/Sep/2026 16:20:27] "GET /docs/assets/js/vendor/simple-statistics.min.js HTTP/1.1" 200 -
[WebServer] ::ffff:127.0.0.1 - - [03/Sep/2026 16:20:27] "GET /docs/assets/js/vendor/driver.min.js HTTP/1.1" 200 -
[WebServer] ::ffff:127.0.0.1 - - [03/Sep/2026 16:20:27] "GET /docs/assets/js/vendor/html2canvas.min.js HTTP/1.1" 200 -
[WebServer] ::ffff:127.0.0.1 - - [03/Sep/2026 16:20:27] "GET /docs/assets/js/vendor/jspdf.umd.min.js HTTP/1.1" 200 -
[WebServer] ::ffff:127.0.0.1 - - [03/Sep/2026 16:20:27] "GET /docs/assets/js/geoportal-classification.js?v=0.10.49 HTTP/1.1" 200 -
[WebServer] ::ffff:127.0.0.1 - - [03/Sep/2026 16:20:27] "GET /docs/assets/js/geoportal-registry.js?v=0.10.49 HTTP/1.1" 200 -
[WebServer] ::ffff:127.0.0.1 - - [03/Sep/2026 16:20:27] "GET /docs/assets/js/geoportal-overlay-state.js?v=0.10.49 HTTP/1.1" 200 -
[WebServer] ::ffff:127.0.0.1 - - [03/Sep/2026 16:20:27] "GET /docs/assets/js/geoportal-ant-layer.js?v=0.10.49 HTTP/1.1" 200 -
[WebServer] ::ffff:127.0.0.1 - - [03/Sep/2026 16:20:27] "GET /docs/assets/js/geoportal-experience.js?v=0.10.49 HTTP/1.1" 200 -
[WebServer] ::ffff:127.0.0.1 - - [03/Sep/2026 16:20:27] "GET /docs/assets/js/geoportal-state.js?v=0.10.49 HTTP/1.1" 200 -
[WebServer] ::ffff:127.0.0.1 - - [03/Sep/2026 16:20:27] "GET /docs/assets/js/geoportal-territories.js?v=0.10.49 HTTP/1.1" 200 -
[WebServer] ::ffff:127.0.0.1 - - [03/Sep/2026 16:20:27] "GET /docs/assets/js/geoportal-panels.js?v=0.10.49 HTTP/1.1" 200 -
[WebServer] ::ffff:127.0.0.1 - - [03/Sep/2026 16:20:27] "GET /docs/assets/js/geoportal-institutional.js?v=0.10.49 HTTP/1.1" 200 -
[WebServer] ::ffff:127.0.0.1 - - [03/Sep/2026 16:20:27] "GET /docs/assets/js/geoportal-tour.js?v=0.10.49 HTTP/1.1" 200 -
[WebServer] ::ffff:127.0.0.1 - - [03/Sep/2026 16:20:27] "GET /docs/assets/js/geoportal-catalogo.js?v=0.10.49 HTTP/1.1" 200 -
[WebServer] ::ffff:127.0.0.1 - - [03/Sep/2026 16:20:27] "GET /docs/assets/js/geoportal-app.js?v=0.10.49 HTTP/1.1" 200 -
[WebServer] ::ffff:127.0.0.1 - - [03/Sep/2026 16:20:27] "GET /docs/assets/img/redsa-isotipo-oficial.png HTTP/1.1" 200 -
[WebServer] ::ffff:127.0.0.1 - - [03/Sep/2026 16:20:27] "GET /docs/assets/img/loader-ecuador-contorno.svg HTTP/1.1" 200 -
[WebServer] ::ffff:127.0.0.1 - - [03/Sep/2026 16:20:27] "GET /docs/assets/img/loader-vias-principales.svg HTTP/1.1" 200 -
[WebServer] ::ffff:127.0.0.1 - - [03/Sep/2026 16:20:28] "GET /docs/data/provincias_wgs84.geojson HTTP/1.1" 200 -
[WebServer] ::ffff:127.0.0.1 - - [03/Sep/2026 16:20:28] "GET /docs/data/cantones_indice.json HTTP/1.1" 200 -
[WebServer] ::ffff:127.0.0.1 - - [03/Sep/2026 16:20:30] "GET /docs/ HTTP/1.1" 200 -
[WebServer] ::ffff:127.0.0.1 - - [03/Sep/2026 16:20:30] "GET /docs/assets/css/driver.css HTTP/1.1" 200 -
[WebServer] ::ffff:127.0.0.1 - - [03/Sep/2026 16:20:30] "GET /docs/assets/css/geoportal-core.css?v=0.10.49 HTTP/1.1" 200 -
[WebServer] ::ffff:127.0.0.1 - - [03/Sep/2026 16:20:30] "GET /docs/assets/css/geoportal-experience.css?v=0.10.49 HTTP/1.1" 200 -
[WebServer] ::ffff:127.0.0.1 - - [03/Sep/2026 16:20:30] "GET /docs/assets/css/geoportal-mobile.css?v=0.10.49 HTTP/1.1" 200 -
[WebServer] ::ffff:127.0.0.1 - - [03/Sep/2026 16:20:30] "GET /docs/assets/js/vendor/leaflet-heat.js HTTP/1.1" 200 -
[WebServer] ::ffff:127.0.0.1 - - [03/Sep/2026 16:20:30] "GET /docs/data/cantones_wgs84.geojson HTTP/1.1" 200 -
[WebServer] ::ffff:127.0.0.1 - - [03/Sep/2026 16:20:30] "GET /docs/data/hotspots_cantonales.json HTTP/1.1" 200 -
[WebServer] ::ffff:127.0.0.1 - - [03/Sep/2026 16:20:30] "GET /docs/assets/js/vendor/simple-statistics.min.js HTTP/1.1" 200 -
[WebServer] ::ffff:127.0.0.1 - - [03/Sep/2026 16:20:30] "GET /docs/assets/js/vendor/driver.min.js HTTP/1.1" 200 -
[WebServer] ::ffff:127.0.0.1 - - [03/Sep/2026 16:20:30] "GET /docs/assets/js/vendor/html2canvas.min.js HTTP/1.1" 200 -
[WebServer] ::ffff:127.0.0.1 - - [03/Sep/2026 16:20:30] "GET /docs/assets/js/vendor/jspdf.umd.min.js HTTP/1.1" 200 -
[WebServer] ::ffff:127.0.0.1 - - [03/Sep/2026 16:20:30] "GET /docs/assets/js/geoportal-classification.js?v=0.10.49 HTTP/1.1" 200 -
[WebServer] ::ffff:127.0.0.1 - - [03/Sep/2026 16:20:30] "GET /docs/assets/js/geoportal-registry.js?v=0.10.49 HTTP/1.1" 200 -
[WebServer] ::ffff:127.0.0.1 - - [03/Sep/2026 16:20:30] "GET /docs/assets/js/geoportal-ant-layer.js?v=0.10.49 HTTP/1.1" 200 -
[WebServer] ::ffff:127.0.0.1 - - [03/Sep/2026 16:20:30] "GET /docs/assets/js/geoportal-overlay-state.js?v=0.10.49 HTTP/1.1" 200 -
[WebServer] ::ffff:127.0.0.1 - - [03/Sep/2026 16:20:30] "GET /docs/assets/js/geoportal-experience.js?v=0.10.49 HTTP/1.1" 200 -
[WebServer] ::ffff:127.0.0.1 - - [03/Sep/2026 16:20:30] "GET /docs/assets/js/geoportal-state.js?v=0.10.49 HTTP/1.1" 200 -
[WebServer] ::ffff:127.0.0.1 - - [03/Sep/2026 16:20:30] "GET /docs/assets/js/geoportal-territories.js?v=0.10.49 HTTP/1.1" 200 -
[WebServer] ::ffff:127.0.0.1 - - [03/Sep/2026 16:20:30] "GET /docs/assets/js/geoportal-panels.js?v=0.10.49 HTTP/1.1" 200 -
[WebServer] ::ffff:127.0.0.1 - - [03/Sep/2026 16:20:31] "GET /docs/assets/js/geoportal-institutional.js?v=0.10.49 HTTP/1.1" 200 -
[WebServer] ::ffff:127.0.0.1 - - [03/Sep/2026 16:20:31] "GET /docs/assets/js/geoportal-tour.js?v=0.10.49 HTTP/1.1" 200 -
[WebServer] ::ffff:127.0.0.1 - - [03/Sep/2026 16:20:31] "GET /docs/assets/js/geoportal-catalogo.js?v=0.10.49 HTTP/1.1" 200 -
[WebServer] ::ffff:127.0.0.1 - - [03/Sep/2026 16:20:31] "GET /docs/assets/js/geoportal-app.js?v=0.10.49 HTTP/1.1" 200 -
[WebServer] ::ffff:127.0.0.1 - - [03/Sep/2026 16:20:31] "GET /docs/assets/img/redsa-isotipo-oficial.png HTTP/1.1" 200 -
[WebServer] ::ffff:127.0.0.1 - - [03/Sep/2026 16:20:31] "GET /docs/assets/img/loader-ecuador-contorno.svg HTTP/1.1" 200 -
[WebServer] ::ffff:127.0.0.1 - - [03/Sep/2026 16:20:31] "GET /docs/data/provincias_wgs84.geojson HTTP/1.1" 200 -
[WebServer] ::ffff:127.0.0.1 - - [03/Sep/2026 16:20:31] "GET /docs/data/cantones_indice.json HTTP/1.1" 200 -
[WebServer] ::ffff:127.0.0.1 - - [03/Sep/2026 16:20:31] "GET /docs/assets/img/loader-vias-principales.svg HTTP/1.1" 200 -
[WebServer] ::ffff:127.0.0.1 - - [03/Sep/2026 16:20:31] "GET /docs/data/parroquias_wgs84.geojson HTTP/1.1" 200 -
[WebServer] ::ffff:127.0.0.1 - - [03/Sep/2026 16:20:33] "GET /docs/data/hotspots_cantonales.json HTTP/1.1" 200 -
[WebServer] ::ffff:127.0.0.1 - - [03/Sep/2026 16:20:33] "GET /docs/data/cantones_wgs84.geojson HTTP/1.1" 200 -
[WebServer] ::ffff:127.0.0.1 - - [03/Sep/2026 16:20:35] "GET /docs/ HTTP/1.1" 200 -
[WebServer] ::ffff:127.0.0.1 - - [03/Sep/2026 16:20:35] "GET /docs/assets/css/driver.css HTTP/1.1" 200 -
[WebServer] ::ffff:127.0.0.1 - - [03/Sep/2026 16:20:35] "GET /docs/assets/css/geoportal-core.css?v=0.10.49 HTTP/1.1" 200 -
[WebServer] ::ffff:127.0.0.1 - - [03/Sep/2026 16:20:35] "GET /docs/assets/css/geoportal-experience.css?v=0.10.49 HTTP/1.1" 200 -
[WebServer] ::ffff:127.0.0.1 - - [03/Sep/2026 16:20:35] "GET /docs/assets/css/geoportal-mobile.css?v=0.10.49 HTTP/1.1" 200 -
[WebServer] ::ffff:127.0.0.1 - - [03/Sep/2026 16:20:35] "GET /docs/assets/js/vendor/leaflet-heat.js HTTP/1.1" 200 -
[WebServer] ::ffff:127.0.0.1 - - [03/Sep/2026 16:20:35] "GET /docs/assets/js/vendor/simple-statistics.min.js HTTP/1.1" 200 -
[WebServer] ::ffff:127.0.0.1 - - [03/Sep/2026 16:20:35] "GET /docs/assets/js/vendor/driver.min.js HTTP/1.1" 200 -
[WebServer] ::ffff:127.0.0.1 - - [03/Sep/2026 16:20:35] "GET /docs/assets/js/vendor/html2canvas.min.js HTTP/1.1" 200 -
[WebServer] ::ffff:127.0.0.1 - - [03/Sep/2026 16:20:35] "GET /docs/assets/js/vendor/jspdf.umd.min.js HTTP/1.1" 200 -
[WebServer] ::ffff:127.0.0.1 - - [03/Sep/2026 16:20:35] "GET /docs/assets/js/geoportal-classification.js?v=0.10.49 HTTP/1.1" 200 -
[WebServer] ::ffff:127.0.0.1 - - [03/Sep/2026 16:20:35] "GET /docs/assets/js/geoportal-registry.js?v=0.10.49 HTTP/1.1" 200 -
[WebServer] ::ffff:127.0.0.1 - - [03/Sep/2026 16:20:35] "GET /docs/assets/js/geoportal-overlay-state.js?v=0.10.49 HTTP/1.1" 200 -
[WebServer] ::ffff:127.0.0.1 - - [03/Sep/2026 16:20:35] "GET /docs/assets/js/geoportal-ant-layer.js?v=0.10.49 HTTP/1.1" 200 -
[WebServer] ::ffff:127.0.0.1 - - [03/Sep/2026 16:20:35] "GET /docs/assets/js/geoportal-experience.js?v=0.10.49 HTTP/1.1" 200 -
[WebServer] ::ffff:127.0.0.1 - - [03/Sep/2026 16:20:35] "GET /docs/assets/js/geoportal-state.js?v=0.10.49 HTTP/1.1" 200 -
[WebServer] ::ffff:127.0.0.1 - - [03/Sep/2026 16:20:35] "GET /docs/assets/js/geoportal-territories.js?v=0.10.49 HTTP/1.1" 200 -
[WebServer] ::ffff:127.0.0.1 - - [03/Sep/2026 16:20:35] "GET /docs/assets/js/geoportal-panels.js?v=0.10.49 HTTP/1.1" 200 -
[WebServer] ::ffff:127.0.0.1 - - [03/Sep/2026 16:20:35] "GET /docs/assets/js/geoportal-tour.js?v=0.10.49 HTTP/1.1" 200 -
[WebServer] ::ffff:127.0.0.1 - - [03/Sep/2026 16:20:35] "GET /docs/assets/js/geoportal-institutional.js?v=0.10.49 HTTP/1.1" 200 -
[WebServer] ::ffff:127.0.0.1 - - [03/Sep/2026 16:20:35] "GET /docs/assets/js/geoportal-catalogo.js?v=0.10.49 HTTP/1.1" 200 -
[WebServer] ::ffff:127.0.0.1 - - [03/Sep/2026 16:20:35] "GET /docs/assets/js/geoportal-app.js?v=0.10.49 HTTP/1.1" 200 -
[WebServer] ::ffff:127.0.0.1 - - [03/Sep/2026 16:20:35] "GET /docs/assets/img/redsa-isotipo-oficial.png HTTP/1.1" 200 -
[WebServer] ::ffff:127.0.0.1 - - [03/Sep/2026 16:20:35] "GET /docs/assets/img/loader-ecuador-contorno.svg HTTP/1.1" 200 -
[WebServer] ::ffff:127.0.0.1 - - [03/Sep/2026 16:20:35] "GET /docs/assets/img/loader-vias-principales.svg HTTP/1.1" 200 -
[WebServer] ::ffff:127.0.0.1 - - [03/Sep/2026 16:20:36] "GET /docs/data/cantones_indice.json HTTP/1.1" 200 -
[WebServer] ::ffff:127.0.0.1 - - [03/Sep/2026 16:20:36] "GET /docs/data/provincias_wgs84.geojson HTTP/1.1" 200 -
[WebServer] ::ffff:127.0.0.1 - - [03/Sep/2026 16:20:37] "GET /docs/ HTTP/1.1" 200 -
[WebServer] ::ffff:127.0.0.1 - - [03/Sep/2026 16:20:37] "GET /docs/assets/css/driver.css HTTP/1.1" 200 -
[WebServer] ::ffff:127.0.0.1 - - [03/Sep/2026 16:20:37] "GET /docs/assets/css/geoportal-core.css?v=0.10.49 HTTP/1.1" 200 -
[WebServer] ::ffff:127.0.0.1 - - [03/Sep/2026 16:20:37] "GET /docs/assets/css/geoportal-experience.css?v=0.10.49 HTTP/1.1" 200 -
[WebServer] ::ffff:127.0.0.1 - - [03/Sep/2026 16:20:37] "GET /docs/assets/css/geoportal-mobile.css?v=0.10.49 HTTP/1.1" 200 -
[WebServer] ::ffff:127.0.0.1 - - [03/Sep/2026 16:20:37] "GET /docs/assets/js/vendor/leaflet-heat.js HTTP/1.1" 200 -
[WebServer] ::ffff:127.0.0.1 - - [03/Sep/2026 16:20:37] "GET /docs/assets/js/vendor/simple-statistics.min.js HTTP/1.1" 200 -
[WebServer] ::ffff:127.0.0.1 - - [03/Sep/2026 16:20:37] "GET /docs/assets/js/vendor/driver.min.js HTTP/1.1" 200 -
[WebServer] ::ffff:127.0.0.1 - - [03/Sep/2026 16:20:37] "GET /docs/assets/js/vendor/html2canvas.min.js HTTP/1.1" 200 -
[WebServer] ::ffff:127.0.0.1 - - [03/Sep/2026 16:20:37] "GET /docs/assets/js/vendor/jspdf.umd.min.js HTTP/1.1" 200 -
[WebServer] ::ffff:127.0.0.1 - - [03/Sep/2026 16:20:37] "GET /docs/data/hotspots_cantonales.json HTTP/1.1" 200 -
[WebServer] ::ffff:127.0.0.1 - - [03/Sep/2026 16:20:38] "GET /docs/data/cantones_wgs84.geojson HTTP/1.1" 200 -
[WebServer] ::ffff:127.0.0.1 - - [03/Sep/2026 16:20:38] "GET /docs/assets/js/geoportal-classification.js?v=0.10.49 HTTP/1.1" 200 -
[WebServer] ::ffff:127.0.0.1 - - [03/Sep/2026 16:20:38] "GET /docs/assets/js/geoportal-overlay-state.js?v=0.10.49 HTTP/1.1" 200 -
[WebServer] ::ffff:127.0.0.1 - - [03/Sep/2026 16:20:38] "GET /docs/assets/js/geoportal-registry.js?v=0.10.49 HTTP/1.1" 200 -
[WebServer] ::ffff:127.0.0.1 - - [03/Sep/2026 16:20:38] "GET /docs/assets/img/redsa-isotipo-oficial.png HTTP/1.1" 200 -
[WebServer] ::ffff:127.0.0.1 - - [03/Sep/2026 16:20:38] "GET /docs/assets/js/geoportal-ant-layer.js?v=0.10.49 HTTP/1.1" 200 -
[WebServer] ::ffff:127.0.0.1 - - [03/Sep/2026 16:20:38] "GET /docs/assets/js/geoportal-experience.js?v=0.10.49 HTTP/1.1" 200 -
[WebServer] ::ffff:127.0.0.1 - - [03/Sep/2026 16:20:38] "GET /docs/assets/js/geoportal-state.js?v=0.10.49 HTTP/1.1" 200 -
[WebServer] ::ffff:127.0.0.1 - - [03/Sep/2026 16:20:38] "GET /docs/assets/js/geoportal-territories.js?v=0.10.49 HTTP/1.1" 200 -
[WebServer] ::ffff:127.0.0.1 - - [03/Sep/2026 16:20:38] "GET /docs/assets/js/geoportal-panels.js?v=0.10.49 HTTP/1.1" 200 -
[WebServer] ::ffff:127.0.0.1 - - [03/Sep/2026 16:20:38] "GET /docs/assets/js/geoportal-institutional.js?v=0.10.49 HTTP/1.1" 200 -
[WebServer] ::ffff:127.0.0.1 - - [03/Sep/2026 16:20:38] "GET /docs/assets/js/geoportal-tour.js?v=0.10.49 HTTP/1.1" 200 -
[WebServer] ::ffff:127.0.0.1 - - [03/Sep/2026 16:20:38] "GET /docs/assets/js/geoportal-catalogo.js?v=0.10.49 HTTP/1.1" 200 -
[WebServer] ::ffff:127.0.0.1 - - [03/Sep/2026 16:20:38] "GET /docs/assets/js/geoportal-app.js?v=0.10.49 HTTP/1.1" 200 -
[WebServer] ::ffff:127.0.0.1 - - [03/Sep/2026 16:20:38] "GET /docs/assets/img/loader-ecuador-contorno.svg HTTP/1.1" 200 -
[WebServer] ::ffff:127.0.0.1 - - [03/Sep/2026 16:20:38] "GET /docs/assets/img/loader-vias-principales.svg HTTP/1.1" 200 -
[WebServer] ::ffff:127.0.0.1 - - [03/Sep/2026 16:20:38] "GET /docs/data/provincias_wgs84.geojson HTTP/1.1" 200 -
[WebServer] ::ffff:127.0.0.1 - - [03/Sep/2026 16:20:39] "GET /docs/data/cantones_indice.json HTTP/1.1" 200 -
[WebServer] ::ffff:127.0.0.1 - - [03/Sep/2026 16:20:41] "GET /docs/ HTTP/1.1" 200 -
[WebServer] ::ffff:127.0.0.1 - - [03/Sep/2026 16:20:41] "GET /docs/assets/css/driver.css HTTP/1.1" 200 -
[WebServer] ::ffff:127.0.0.1 - - [03/Sep/2026 16:20:41] "GET /docs/assets/css/geoportal-core.css?v=0.10.49 HTTP/1.1" 200 -
[WebServer] ::ffff:127.0.0.1 - - [03/Sep/2026 16:20:41] "GET /docs/assets/css/geoportal-experience.css?v=0.10.49 HTTP/1.1" 200 -
[WebServer] ::ffff:127.0.0.1 - - [03/Sep/2026 16:20:41] "GET /docs/assets/css/geoportal-mobile.css?v=0.10.49 HTTP/1.1" 200 -
[WebServer] ::ffff:127.0.0.1 - - [03/Sep/2026 16:20:41] "GET /docs/assets/js/vendor/leaflet-heat.js HTTP/1.1" 200 -
[WebServer] ::ffff:127.0.0.1 - - [03/Sep/2026 16:20:41] "GET /docs/assets/js/vendor/simple-statistics.min.js HTTP/1.1" 200 -
[WebServer] ::ffff:127.0.0.1 - - [03/Sep/2026 16:20:41] "GET /docs/assets/js/vendor/driver.min.js HTTP/1.1" 200 -
[WebServer] ::ffff:127.0.0.1 - - [03/Sep/2026 16:20:41] "GET /docs/assets/js/vendor/html2canvas.min.js HTTP/1.1" 200 -
[WebServer] ::ffff:127.0.0.1 - - [03/Sep/2026 16:20:41] "GET /docs/assets/js/vendor/jspdf.umd.min.js HTTP/1.1" 200 -
[WebServer] ::ffff:127.0.0.1 - - [03/Sep/2026 16:20:41] "GET /docs/assets/js/geoportal-registry.js?v=0.10.49 HTTP/1.1" 200 -
[WebServer] ::ffff:127.0.0.1 - - [03/Sep/2026 16:20:41] "GET /docs/assets/js/geoportal-classification.js?v=0.10.49 HTTP/1.1" 200 -
[WebServer] ::ffff:127.0.0.1 - - [03/Sep/2026 16:20:41] "GET /docs/assets/js/geoportal-overlay-state.js?v=0.10.49 HTTP/1.1" 200 -
[WebServer] ::ffff:127.0.0.1 - - [03/Sep/2026 16:20:41] "GET /docs/assets/js/geoportal-ant-layer.js?v=0.10.49 HTTP/1.1" 200 -
[WebServer] ::ffff:127.0.0.1 - - [03/Sep/2026 16:20:41] "GET /docs/assets/js/geoportal-state.js?v=0.10.49 HTTP/1.1" 200 -
[WebServer] ::ffff:127.0.0.1 - - [03/Sep/2026 16:20:41] "GET /docs/assets/js/geoportal-territories.js?v=0.10.49 HTTP/1.1" 200 -
[WebServer] ::ffff:127.0.0.1 - - [03/Sep/2026 16:20:41] "GET /docs/assets/js/geoportal-experience.js?v=0.10.49 HTTP/1.1" 200 -
[WebServer] ::ffff:127.0.0.1 - - [03/Sep/2026 16:20:41] "GET /docs/assets/js/geoportal-panels.js?v=0.10.49 HTTP/1.1" 200 -
[WebServer] ::ffff:127.0.0.1 - - [03/Sep/2026 16:20:42] "GET /docs/assets/js/geoportal-institutional.js?v=0.10.49 HTTP/1.1" 200 -
[WebServer] ::ffff:127.0.0.1 - - [03/Sep/2026 16:20:42] "GET /docs/assets/js/geoportal-tour.js?v=0.10.49 HTTP/1.1" 200 -
[WebServer] ::ffff:127.0.0.1 - - [03/Sep/2026 16:20:42] "GET /docs/assets/js/geoportal-catalogo.js?v=0.10.49 HTTP/1.1" 200 -
[WebServer] ::ffff:127.0.0.1 - - [03/Sep/2026 16:20:42] "GET /docs/assets/js/geoportal-app.js?v=0.10.49 HTTP/1.1" 200 -
[WebServer] ::ffff:127.0.0.1 - - [03/Sep/2026 16:20:42] "GET /docs/assets/img/redsa-isotipo-oficial.png HTTP/1.1" 200 -
[WebServer] ::ffff:127.0.0.1 - - [03/Sep/2026 16:20:42] "GET /docs/assets/img/loader-ecuador-contorno.svg HTTP/1.1" 200 -
[WebServer] ::ffff:127.0.0.1 - - [03/Sep/2026 16:20:42] "GET /docs/assets/img/loader-vias-principales.svg HTTP/1.1" 200 -
[WebServer] ::ffff:127.0.0.1 - - [03/Sep/2026 16:20:42] "GET /docs/data/provincias_wgs84.geojson HTTP/1.1" 200 -
[WebServer] ::ffff:127.0.0.1 - - [03/Sep/2026 16:20:42] "GET /docs/data/cantones_indice.json HTTP/1.1" 200 -
[WebServer] ::ffff:127.0.0.1 - - [03/Sep/2026 16:20:43] "GET /docs/ HTTP/1.1" 200 -
[WebServer] ::ffff:127.0.0.1 - - [03/Sep/2026 16:20:43] "GET /docs/assets/js/vendor/leaflet-heat.js HTTP/1.1" 200 -
[WebServer] ::ffff:127.0.0.1 - - [03/Sep/2026 16:20:43] "GET /docs/assets/css/geoportal-mobile.css?v=0.10.49 HTTP/1.1" 200 -
[WebServer] ::ffff:127.0.0.1 - - [03/Sep/2026 16:20:43] "GET /docs/assets/css/geoportal-experience.css?v=0.10.49 HTTP/1.1" 200 -
[WebServer] ::ffff:127.0.0.1 - - [03/Sep/2026 16:20:43] "GET /docs/assets/css/geoportal-core.css?v=0.10.49 HTTP/1.1" 200 -
[WebServer] ::ffff:127.0.0.1 - - [03/Sep/2026 16:20:43] "GET /docs/assets/css/driver.css HTTP/1.1" 200 -
[WebServer] ::ffff:127.0.0.1 - - [03/Sep/2026 16:20:43] "GET /docs/assets/js/vendor/simple-statistics.min.js HTTP/1.1" 200 -
[WebServer] ::ffff:127.0.0.1 - - [03/Sep/2026 16:20:43] "GET /docs/assets/js/vendor/driver.min.js HTTP/1.1" 200 -
[WebServer] ::ffff:127.0.0.1 - - [03/Sep/2026 16:20:43] "GET /docs/assets/js/vendor/html2canvas.min.js HTTP/1.1" 200 -
[WebServer] ::ffff:127.0.0.1 - - [03/Sep/2026 16:20:43] "GET /docs/assets/js/vendor/jspdf.umd.min.js HTTP/1.1" 200 -
[WebServer] ::ffff:127.0.0.1 - - [03/Sep/2026 16:20:43] "GET /docs/assets/js/geoportal-classification.js?v=0.10.49 HTTP/1.1" 200 -
[WebServer] ::ffff:127.0.0.1 - - [03/Sep/2026 16:20:43] "GET /docs/assets/js/geoportal-registry.js?v=0.10.49 HTTP/1.1" 200 -
[WebServer] ::ffff:127.0.0.1 - - [03/Sep/2026 16:20:43] "GET /docs/assets/js/geoportal-overlay-state.js?v=0.10.49 HTTP/1.1" 200 -
[WebServer] ::ffff:127.0.0.1 - - [03/Sep/2026 16:20:43] "GET /docs/assets/js/geoportal-ant-layer.js?v=0.10.49 HTTP/1.1" 200 -
[WebServer] ::ffff:127.0.0.1 - - [03/Sep/2026 16:20:43] "GET /docs/assets/js/geoportal-experience.js?v=0.10.49 HTTP/1.1" 200 -
[WebServer] ::ffff:127.0.0.1 - - [03/Sep/2026 16:20:43] "GET /docs/assets/js/geoportal-state.js?v=0.10.49 HTTP/1.1" 200 -
[WebServer] ::ffff:127.0.0.1 - - [03/Sep/2026 16:20:43] "GET /docs/assets/js/geoportal-territories.js?v=0.10.49 HTTP/1.1" 200 -
[WebServer] ::ffff:127.0.0.1 - - [03/Sep/2026 16:20:43] "GET /docs/assets/js/geoportal-panels.js?v=0.10.49 HTTP/1.1" 200 -
[WebServer] ::ffff:127.0.0.1 - - [03/Sep/2026 16:20:43] "GET /docs/assets/js/geoportal-institutional.js?v=0.10.49 HTTP/1.1" 200 -
[WebServer] ::ffff:127.0.0.1 - - [03/Sep/2026 16:20:43] "GET /docs/assets/js/geoportal-catalogo.js?v=0.10.49 HTTP/1.1" 200 -
[WebServer] ::ffff:127.0.0.1 - - [03/Sep/2026 16:20:43] "GET /docs/assets/js/geoportal-app.js?v=0.10.49 HTTP/1.1" 200 -
[WebServer] ::ffff:127.0.0.1 - - [03/Sep/2026 16:20:43] "GET /docs/assets/js/geoportal-tour.js?v=0.10.49 HTTP/1.1" 200 -
[WebServer] ::ffff:127.0.0.1 - - [03/Sep/2026 16:20:43] "GET /docs/assets/img/redsa-isotipo-oficial.png HTTP/1.1" 200 -
[WebServer] ::ffff:127.0.0.1 - - [03/Sep/2026 16:20:43] "GET /docs/assets/img/loader-ecuador-contorno.svg HTTP/1.1" 200 -
[WebServer] ::ffff:127.0.0.1 - - [03/Sep/2026 16:20:43] "GET /docs/assets/img/loader-vias-principales.svg HTTP/1.1" 200 -
[WebServer] ::ffff:127.0.0.1 - - [03/Sep/2026 16:20:44] "GET /docs/data/provincias_wgs84.geojson HTTP/1.1" 200 -
[WebServer] ::ffff:127.0.0.1 - - [03/Sep/2026 16:20:44] "GET /docs/data/cantones_indice.json HTTP/1.1" 200 -
[WebServer] ::ffff:127.0.0.1 - - [03/Sep/2026 16:20:44] "GET /docs/data/hotspots_cantonales.json HTTP/1.1" 200 -
[WebServer] ::ffff:127.0.0.1 - - [03/Sep/2026 16:20:44] "GET /docs/data/cantones_wgs84.geojson HTTP/1.1" 200 -
[WebServer] ::ffff:127.0.0.1 - - [03/Sep/2026 16:20:45] "GET /docs/data/ciclovias_ecuador.geojson HTTP/1.1" 200 -
[WebServer] ::ffff:127.0.0.1 - - [03/Sep/2026 16:20:45] "GET /docs/data/cantones_wgs84.geojson HTTP/1.1" 200 -
[WebServer] ::ffff:127.0.0.1 - - [03/Sep/2026 16:20:45] "GET /docs/data/hotspots_cantonales.json HTTP/1.1" 200 -
[WebServer] ::ffff:127.0.0.1 - - [03/Sep/2026 16:20:47] "GET /docs/ HTTP/1.1" 200 -
[WebServer] ::ffff:127.0.0.1 - - [03/Sep/2026 16:20:47] "GET /docs/assets/css/driver.css HTTP/1.1" 200 -
[WebServer] ::ffff:127.0.0.1 - - [03/Sep/2026 16:20:47] "GET /docs/assets/css/geoportal-core.css?v=0.10.49 HTTP/1.1" 200 -
[WebServer] ::ffff:127.0.0.1 - - [03/Sep/2026 16:20:47] "GET /docs/assets/css/geoportal-experience.css?v=0.10.49 HTTP/1.1" 200 -
[WebServer] ::ffff:127.0.0.1 - - [03/Sep/2026 16:20:47] "GET /docs/assets/css/geoportal-mobile.css?v=0.10.49 HTTP/1.1" 200 -
[WebServer] ::ffff:127.0.0.1 - - [03/Sep/2026 16:20:47] "GET /docs/assets/js/vendor/leaflet-heat.js HTTP/1.1" 200 -
[WebServer] ::ffff:127.0.0.1 - - [03/Sep/2026 16:20:47] "GET /docs/assets/js/vendor/simple-statistics.min.js HTTP/1.1" 200 -
[WebServer] ::ffff:127.0.0.1 - - [03/Sep/2026 16:20:47] "GET /docs/assets/js/vendor/driver.min.js HTTP/1.1" 200 -
[WebServer] ::ffff:127.0.0.1 - - [03/Sep/2026 16:20:47] "GET /docs/assets/js/vendor/html2canvas.min.js HTTP/1.1" 200 -
[WebServer] ::ffff:127.0.0.1 - - [03/Sep/2026 16:20:47] "GET /docs/assets/js/vendor/jspdf.umd.min.js HTTP/1.1" 200 -
[WebServer] ::ffff:127.0.0.1 - - [03/Sep/2026 16:20:47] "GET /docs/assets/js/geoportal-classification.js?v=0.10.49 HTTP/1.1" 200 -
[WebServer] ::ffff:127.0.0.1 - - [03/Sep/2026 16:20:47] "GET /docs/assets/js/geoportal-registry.js?v=0.10.49 HTTP/1.1" 200 -
[WebServer] ::ffff:127.0.0.1 - - [03/Sep/2026 16:20:47] "GET /docs/assets/js/geoportal-overlay-state.js?v=0.10.49 HTTP/1.1" 200 -
[WebServer] ::ffff:127.0.0.1 - - [03/Sep/2026 16:20:47] "GET /docs/assets/js/geoportal-ant-layer.js?v=0.10.49 HTTP/1.1" 200 -
[WebServer] ::ffff:127.0.0.1 - - [03/Sep/2026 16:20:47] "GET /docs/assets/js/geoportal-experience.js?v=0.10.49 HTTP/1.1" 200 -
[WebServer] ::ffff:127.0.0.1 - - [03/Sep/2026 16:20:47] "GET /docs/assets/js/geoportal-state.js?v=0.10.49 HTTP/1.1" 200 -
[WebServer] ::ffff:127.0.0.1 - - [03/Sep/2026 16:20:47] "GET /docs/assets/js/geoportal-territories.js?v=0.10.49 HTTP/1.1" 200 -
[WebServer] ::ffff:127.0.0.1 - - [03/Sep/2026 16:20:47] "GET /docs/assets/js/geoportal-panels.js?v=0.10.49 HTTP/1.1" 200 -
[WebServer] ::ffff:127.0.0.1 - - [03/Sep/2026 16:20:47] "GET /docs/assets/js/geoportal-institutional.js?v=0.10.49 HTTP/1.1" 200 -
[WebServer] ::ffff:127.0.0.1 - - [03/Sep/2026 16:20:47] "GET /docs/assets/js/geoportal-tour.js?v=0.10.49 HTTP/1.1" 200 -
[WebServer] ::ffff:127.0.0.1 - - [03/Sep/2026 16:20:47] "GET /docs/assets/js/geoportal-catalogo.js?v=0.10.49 HTTP/1.1" 200 -
[WebServer] ::ffff:127.0.0.1 - - [03/Sep/2026 16:20:47] "GET /docs/assets/js/geoportal-app.js?v=0.10.49 HTTP/1.1" 200 -
[WebServer] ::ffff:127.0.0.1 - - [03/Sep/2026 16:20:47] "GET /docs/assets/img/redsa-isotipo-oficial.png HTTP/1.1" 200 -
[WebServer] ::ffff:127.0.0.1 - - [03/Sep/2026 16:20:47] "GET /docs/assets/img/loader-ecuador-contorno.svg HTTP/1.1" 200 -
[WebServer] ::ffff:127.0.0.1 - - [03/Sep/2026 16:20:47] "GET /docs/assets/img/loader-vias-principales.svg HTTP/1.1" 200 -
[WebServer] ::ffff:127.0.0.1 - - [03/Sep/2026 16:20:48] "GET /docs/data/provincias_wgs84.geojson HTTP/1.1" 200 -
[WebServer] ::ffff:127.0.0.1 - - [03/Sep/2026 16:20:48] "GET /docs/data/cantones_indice.json HTTP/1.1" 200 -
[WebServer] ::ffff:127.0.0.1 - - [03/Sep/2026 16:20:48] "GET /docs/ HTTP/1.1" 200 -
[WebServer] ::ffff:127.0.0.1 - - [03/Sep/2026 16:20:48] "GET /docs/assets/css/driver.css HTTP/1.1" 200 -
[WebServer] ::ffff:127.0.0.1 - - [03/Sep/2026 16:20:48] "GET /docs/assets/css/geoportal-core.css?v=0.10.49 HTTP/1.1" 200 -
[WebServer] ::ffff:127.0.0.1 - - [03/Sep/2026 16:20:48] "GET /docs/assets/css/geoportal-experience.css?v=0.10.49 HTTP/1.1" 200 -
[WebServer] ::ffff:127.0.0.1 - - [03/Sep/2026 16:20:48] "GET /docs/assets/css/geoportal-mobile.css?v=0.10.49 HTTP/1.1" 200 -
[WebServer] ::ffff:127.0.0.1 - - [03/Sep/2026 16:20:48] "GET /docs/assets/js/vendor/leaflet-heat.js HTTP/1.1" 200 -
[WebServer] ::ffff:127.0.0.1 - - [03/Sep/2026 16:20:48] "GET /docs/assets/js/vendor/simple-statistics.min.js HTTP/1.1" 200 -
[WebServer] ::ffff:127.0.0.1 - - [03/Sep/2026 16:20:49] "GET /docs/assets/js/vendor/driver.min.js HTTP/1.1" 200 -
[WebServer] ::ffff:127.0.0.1 - - [03/Sep/2026 16:20:49] "GET /docs/assets/js/vendor/html2canvas.min.js HTTP/1.1" 200 -
[WebServer] ::ffff:127.0.0.1 - - [03/Sep/2026 16:20:49] "GET /docs/assets/js/vendor/jspdf.umd.min.js HTTP/1.1" 200 -
[WebServer] ::ffff:127.0.0.1 - - [03/Sep/2026 16:20:49] "GET /docs/assets/js/geoportal-classification.js?v=0.10.49 HTTP/1.1" 200 -
[WebServer] ::ffff:127.0.0.1 - - [03/Sep/2026 16:20:49] "GET /docs/assets/js/geoportal-registry.js?v=0.10.49 HTTP/1.1" 200 -
[WebServer] ::ffff:127.0.0.1 - - [03/Sep/2026 16:20:49] "GET /docs/assets/js/geoportal-overlay-state.js?v=0.10.49 HTTP/1.1" 200 -
[WebServer] ::ffff:127.0.0.1 - - [03/Sep/2026 16:20:49] "GET /docs/assets/js/geoportal-territories.js?v=0.10.49 HTTP/1.1" 200 -
[WebServer] ::ffff:127.0.0.1 - - [03/Sep/2026 16:20:49] "GET /docs/assets/js/geoportal-state.js?v=0.10.49 HTTP/1.1" 200 -
[WebServer] ::ffff:127.0.0.1 - - [03/Sep/2026 16:20:49] "GET /docs/assets/js/geoportal-experience.js?v=0.10.49 HTTP/1.1" 200 -
[WebServer] ::ffff:127.0.0.1 - - [03/Sep/2026 16:20:49] "GET /docs/assets/js/geoportal-ant-layer.js?v=0.10.49 HTTP/1.1" 200 -
[WebServer] ::ffff:127.0.0.1 - - [03/Sep/2026 16:20:49] "GET /docs/assets/js/geoportal-panels.js?v=0.10.49 HTTP/1.1" 200 -
[WebServer] ::ffff:127.0.0.1 - - [03/Sep/2026 16:20:49] "GET /docs/assets/js/geoportal-institutional.js?v=0.10.49 HTTP/1.1" 200 -
[WebServer] ::ffff:127.0.0.1 - - [03/Sep/2026 16:20:49] "GET /docs/assets/js/geoportal-tour.js?v=0.10.49 HTTP/1.1" 200 -
[WebServer] ::ffff:127.0.0.1 - - [03/Sep/2026 16:20:49] "GET /docs/assets/js/geoportal-catalogo.js?v=0.10.49 HTTP/1.1" 200 -
[WebServer] ::ffff:127.0.0.1 - - [03/Sep/2026 16:20:49] "GET /docs/assets/js/geoportal-app.js?v=0.10.49 HTTP/1.1" 200 -
[WebServer] ::ffff:127.0.0.1 - - [03/Sep/2026 16:20:49] "GET /docs/assets/img/loader-ecuador-contorno.svg HTTP/1.1" 200 -
[WebServer] ::ffff:127.0.0.1 - - [03/Sep/2026 16:20:49] "GET /docs/assets/img/redsa-isotipo-oficial.png HTTP/1.1" 200 -
[WebServer] ::ffff:127.0.0.1 - - [03/Sep/2026 16:20:50] "GET /docs/assets/img/loader-vias-principales.svg HTTP/1.1" 200 -
[WebServer] ::ffff:127.0.0.1 - - [03/Sep/2026 16:20:50] "GET /docs/data/cantones_indice.json HTTP/1.1" 200 -
[WebServer] ::ffff:127.0.0.1 - - [03/Sep/2026 16:20:50] "GET /docs/data/provincias_wgs84.geojson HTTP/1.1" 200 -
[WebServer] ::ffff:127.0.0.1 - - [03/Sep/2026 16:20:50] "GET /docs/data/hotspots_cantonales.json HTTP/1.1" 200 -
[WebServer] ::ffff:127.0.0.1 - - [03/Sep/2026 16:20:50] "GET /docs/data/cantones_wgs84.geojson HTTP/1.1" 200 -
[WebServer] ::ffff:127.0.0.1 - - [03/Sep/2026 16:20:52] "GET /docs/ HTTP/1.1" 200 -
[WebServer] ::ffff:127.0.0.1 - - [03/Sep/2026 16:20:52] "GET /docs/assets/css/driver.css HTTP/1.1" 200 -
[WebServer] ::ffff:127.0.0.1 - - [03/Sep/2026 16:20:52] "GET /docs/assets/css/geoportal-core.css?v=0.10.49 HTTP/1.1" 200 -
[WebServer] ::ffff:127.0.0.1 - - [03/Sep/2026 16:20:52] "GET /docs/assets/css/geoportal-experience.css?v=0.10.49 HTTP/1.1" 200 -
[WebServer] ::ffff:127.0.0.1 - - [03/Sep/2026 16:20:52] "GET /docs/assets/css/geoportal-mobile.css?v=0.10.49 HTTP/1.1" 200 -
[WebServer] ::ffff:127.0.0.1 - - [03/Sep/2026 16:20:52] "GET /docs/assets/js/vendor/leaflet-heat.js HTTP/1.1" 200 -
[WebServer] ::ffff:127.0.0.1 - - [03/Sep/2026 16:20:52] "GET /docs/assets/js/vendor/simple-statistics.min.js HTTP/1.1" 200 -
[WebServer] ::ffff:127.0.0.1 - - [03/Sep/2026 16:20:52] "GET /docs/assets/js/vendor/driver.min.js HTTP/1.1" 200 -
[WebServer] ::ffff:127.0.0.1 - - [03/Sep/2026 16:20:52] "GET /docs/assets/js/vendor/html2canvas.min.js HTTP/1.1" 200 -
[WebServer] ::ffff:127.0.0.1 - - [03/Sep/2026 16:20:52] "GET /docs/assets/js/vendor/jspdf.umd.min.js HTTP/1.1" 200 -
[WebServer] ::ffff:127.0.0.1 - - [03/Sep/2026 16:20:52] "GET /docs/assets/js/geoportal-classification.js?v=0.10.49 HTTP/1.1" 200 -
[WebServer] ::ffff:127.0.0.1 - - [03/Sep/2026 16:20:52] "GET /docs/assets/js/geoportal-registry.js?v=0.10.49 HTTP/1.1" 200 -
[WebServer] ::ffff:127.0.0.1 - - [03/Sep/2026 16:20:52] "GET /docs/assets/js/geoportal-overlay-state.js?v=0.10.49 HTTP/1.1" 200 -
[WebServer] ::ffff:127.0.0.1 - - [03/Sep/2026 16:20:52] "GET /docs/assets/js/geoportal-ant-layer.js?v=0.10.49 HTTP/1.1" 200 -
[WebServer] ::ffff:127.0.0.1 - - [03/Sep/2026 16:20:52] "GET /docs/assets/js/geoportal-experience.js?v=0.10.49 HTTP/1.1" 200 -
[WebServer] ::ffff:127.0.0.1 - - [03/Sep/2026 16:20:52] "GET /docs/assets/js/geoportal-state.js?v=0.10.49 HTTP/1.1" 200 -
[WebServer] ::ffff:127.0.0.1 - - [03/Sep/2026 16:20:52] "GET /docs/assets/js/geoportal-territories.js?v=0.10.49 HTTP/1.1" 200 -
[WebServer] ::ffff:127.0.0.1 - - [03/Sep/2026 16:20:52] "GET /docs/ HTTP/1.1" 200 -
[WebServer] ::ffff:127.0.0.1 - - [03/Sep/2026 16:20:52] "GET /docs/assets/js/geoportal-panels.js?v=0.10.49 HTTP/1.1" 200 -
[WebServer] ::ffff:127.0.0.1 - - [03/Sep/2026 16:20:52] "GET /docs/assets/js/geoportal-tour.js?v=0.10.49 HTTP/1.1" 200 -
[WebServer] ::ffff:127.0.0.1 - - [03/Sep/2026 16:20:52] "GET /docs/assets/js/geoportal-catalogo.js?v=0.10.49 HTTP/1.1" 200 -
[WebServer] ::ffff:127.0.0.1 - - [03/Sep/2026 16:20:52] "GET /docs/assets/js/geoportal-institutional.js?v=0.10.49 HTTP/1.1" 200 -
[WebServer] ::ffff:127.0.0.1 - - [03/Sep/2026 16:20:52] "GET /docs/assets/img/redsa-isotipo-oficial.png HTTP/1.1" 200 -
[WebServer] ::ffff:127.0.0.1 - - [03/Sep/2026 16:20:52] "GET /docs/assets/js/geoportal-app.js?v=0.10.49 HTTP/1.1" 200 -
[WebServer] ::ffff:127.0.0.1 - - [03/Sep/2026 16:20:52] "GET /docs/assets/css/driver.css HTTP/1.1" 200 -
[WebServer] ::ffff:127.0.0.1 - - [03/Sep/2026 16:20:52] "GET /docs/assets/img/loader-ecuador-contorno.svg HTTP/1.1" 200 -
[WebServer] ::ffff:127.0.0.1 - - [03/Sep/2026 16:20:52] "GET /docs/assets/css/geoportal-core.css?v=0.10.49 HTTP/1.1" 200 -
[WebServer] ::ffff:127.0.0.1 - - [03/Sep/2026 16:20:52] "GET /docs/assets/css/geoportal-experience.css?v=0.10.49 HTTP/1.1" 200 -
[WebServer] ::ffff:127.0.0.1 - - [03/Sep/2026 16:20:53] "GET /docs/data/provincias_wgs84.geojson HTTP/1.1" 200 -
[WebServer] ::ffff:127.0.0.1 - - [03/Sep/2026 16:20:53] "GET /docs/data/cantones_indice.json HTTP/1.1" 200 -
[WebServer] ::ffff:127.0.0.1 - - [03/Sep/2026 16:20:53] "GET /docs/assets/img/loader-vias-principales.svg HTTP/1.1" 200 -
[WebServer] ::ffff:127.0.0.1 - - [03/Sep/2026 16:20:53] "GET /docs/assets/css/geoportal-mobile.css?v=0.10.49 HTTP/1.1" 200 -
[WebServer] ::ffff:127.0.0.1 - - [03/Sep/2026 16:20:53] "GET /docs/assets/js/vendor/simple-statistics.min.js HTTP/1.1" 200 -
[WebServer] ::ffff:127.0.0.1 - - [03/Sep/2026 16:20:53] "GET /docs/assets/js/vendor/driver.min.js HTTP/1.1" 200 -
[WebServer] ::ffff:127.0.0.1 - - [03/Sep/2026 16:20:53] "GET /docs/assets/js/vendor/leaflet-heat.js HTTP/1.1" 200 -
[WebServer] ::ffff:127.0.0.1 - - [03/Sep/2026 16:20:53] "GET /docs/assets/js/vendor/html2canvas.min.js HTTP/1.1" 200 -
[WebServer] ::ffff:127.0.0.1 - - [03/Sep/2026 16:20:53] "GET /docs/assets/js/vendor/jspdf.umd.min.js HTTP/1.1" 200 -
[WebServer] ::ffff:127.0.0.1 - - [03/Sep/2026 16:20:53] "GET /docs/assets/js/geoportal-classification.js?v=0.10.49 HTTP/1.1" 200 -
[WebServer] ::ffff:127.0.0.1 - - [03/Sep/2026 16:20:53] "GET /docs/assets/js/geoportal-registry.js?v=0.10.49 HTTP/1.1" 200 -
[WebServer] ::ffff:127.0.0.1 - - [03/Sep/2026 16:20:53] "GET /docs/assets/js/geoportal-overlay-state.js?v=0.10.49 HTTP/1.1" 200 -
[WebServer] ::ffff:127.0.0.1 - - [03/Sep/2026 16:20:53] "GET /docs/assets/js/geoportal-ant-layer.js?v=0.10.49 HTTP/1.1" 200 -
[WebServer] ::ffff:127.0.0.1 - - [03/Sep/2026 16:20:53] "GET /docs/assets/js/geoportal-experience.js?v=0.10.49 HTTP/1.1" 200 -
[WebServer] ::ffff:127.0.0.1 - - [03/Sep/2026 16:20:53] "GET /docs/assets/js/geoportal-state.js?v=0.10.49 HTTP/1.1" 200 -
[WebServer] ::ffff:127.0.0.1 - - [03/Sep/2026 16:20:53] "GET /docs/assets/js/geoportal-territories.js?v=0.10.49 HTTP/1.1" 200 -
[WebServer] ::ffff:127.0.0.1 - - [03/Sep/2026 16:20:53] "GET /docs/assets/js/geoportal-panels.js?v=0.10.49 HTTP/1.1" 200 -
[WebServer] ::ffff:127.0.0.1 - - [03/Sep/2026 16:20:53] "GET /docs/assets/js/geoportal-institutional.js?v=0.10.49 HTTP/1.1" 200 -
[WebServer] ::ffff:127.0.0.1 - - [03/Sep/2026 16:20:53] "GET /docs/assets/js/geoportal-tour.js?v=0.10.49 HTTP/1.1" 200 -
[WebServer] ::ffff:127.0.0.1 - - [03/Sep/2026 16:20:53] "GET /docs/assets/js/geoportal-catalogo.js?v=0.10.49 HTTP/1.1" 200 -
[WebServer] ::ffff:127.0.0.1 - - [03/Sep/2026 16:20:53] "GET /docs/assets/js/geoportal-app.js?v=0.10.49 HTTP/1.1" 200 -
[WebServer] ::ffff:127.0.0.1 - - [03/Sep/2026 16:20:53] "GET /docs/assets/img/redsa-isotipo-oficial.png HTTP/1.1" 200 -
[WebServer] ::ffff:127.0.0.1 - - [03/Sep/2026 16:20:53] "GET /docs/assets/img/loader-ecuador-contorno.svg HTTP/1.1" 200 -
[WebServer] ::ffff:127.0.0.1 - - [03/Sep/2026 16:20:53] "GET /docs/assets/img/loader-vias-principales.svg HTTP/1.1" 200 -
[WebServer] ::ffff:127.0.0.1 - - [03/Sep/2026 16:20:54] "GET /docs/data/provincias_wgs84.geojson HTTP/1.1" 200 -
[WebServer] ::ffff:127.0.0.1 - - [03/Sep/2026 16:20:54] "GET /docs/data/cantones_indice.json HTTP/1.1" 200 -
[WebServer] ::ffff:127.0.0.1 - - [03/Sep/2026 16:20:55] "GET /docs/ HTTP/1.1" 200 -
[WebServer] ::ffff:127.0.0.1 - - [03/Sep/2026 16:20:55] "GET /docs/assets/css/driver.css HTTP/1.1" 200 -
[WebServer] ::ffff:127.0.0.1 - - [03/Sep/2026 16:20:55] "GET /docs/assets/css/geoportal-core.css?v=0.10.49 HTTP/1.1" 200 -
[WebServer] ::ffff:127.0.0.1 - - [03/Sep/2026 16:20:55] "GET /docs/assets/css/geoportal-experience.css?v=0.10.49 HTTP/1.1" 200 -
[WebServer] ::ffff:127.0.0.1 - - [03/Sep/2026 16:20:55] "GET /docs/assets/css/geoportal-mobile.css?v=0.10.49 HTTP/1.1" 200 -
[WebServer] ::ffff:127.0.0.1 - - [03/Sep/2026 16:20:55] "GET /docs/assets/js/vendor/leaflet-heat.js HTTP/1.1" 200 -
[WebServer] ::ffff:127.0.0.1 - - [03/Sep/2026 16:20:55] "GET /docs/assets/js/vendor/simple-statistics.min.js HTTP/1.1" 200 -
[WebServer] ::ffff:127.0.0.1 - - [03/Sep/2026 16:20:55] "GET /docs/assets/js/vendor/driver.min.js HTTP/1.1" 200 -
[WebServer] ::ffff:127.0.0.1 - - [03/Sep/2026 16:20:55] "GET /docs/assets/js/vendor/html2canvas.min.js HTTP/1.1" 200 -
[WebServer] ::ffff:127.0.0.1 - - [03/Sep/2026 16:20:55] "GET /docs/assets/js/vendor/jspdf.umd.min.js HTTP/1.1" 200 -
[WebServer] ::ffff:127.0.0.1 - - [03/Sep/2026 16:20:55] "GET /docs/data/cantones_wgs84.geojson HTTP/1.1" 200 -
[WebServer] ::ffff:127.0.0.1 - - [03/Sep/2026 16:20:55] "GET /docs/data/hotspots_cantonales.json HTTP/1.1" 200 -
[WebServer] ::ffff:127.0.0.1 - - [03/Sep/2026 16:20:55] "GET /docs/assets/js/geoportal-classification.js?v=0.10.49 HTTP/1.1" 200 -
[WebServer] ::ffff:127.0.0.1 - - [03/Sep/2026 16:20:55] "GET /docs/assets/js/geoportal-registry.js?v=0.10.49 HTTP/1.1" 200 -
[WebServer] ::ffff:127.0.0.1 - - [03/Sep/2026 16:20:55] "GET /docs/assets/js/geoportal-overlay-state.js?v=0.10.49 HTTP/1.1" 200 -
[WebServer] ::ffff:127.0.0.1 - - [03/Sep/2026 16:20:55] "GET /docs/assets/js/geoportal-ant-layer.js?v=0.10.49 HTTP/1.1" 200 -
[WebServer] ::ffff:127.0.0.1 - - [03/Sep/2026 16:20:55] "GET /docs/assets/js/geoportal-experience.js?v=0.10.49 HTTP/1.1" 200 -
[WebServer] ::ffff:127.0.0.1 - - [03/Sep/2026 16:20:55] "GET /docs/assets/js/geoportal-state.js?v=0.10.49 HTTP/1.1" 200 -
[WebServer] ::ffff:127.0.0.1 - - [03/Sep/2026 16:20:55] "GET /docs/assets/js/geoportal-territories.js?v=0.10.49 HTTP/1.1" 200 -
[WebServer] ::ffff:127.0.0.1 - - [03/Sep/2026 16:20:55] "GET /docs/assets/js/geoportal-panels.js?v=0.10.49 HTTP/1.1" 200 -
[WebServer] ::ffff:127.0.0.1 - - [03/Sep/2026 16:20:55] "GET /docs/assets/js/geoportal-institutional.js?v=0.10.49 HTTP/1.1" 200 -
[WebServer] ::ffff:127.0.0.1 - - [03/Sep/2026 16:20:55] "GET /docs/assets/js/geoportal-tour.js?v=0.10.49 HTTP/1.1" 200 -
[WebServer] ::ffff:127.0.0.1 - - [03/Sep/2026 16:20:55] "GET /docs/assets/js/geoportal-catalogo.js?v=0.10.49 HTTP/1.1" 200 -
[WebServer] ::ffff:127.0.0.1 - - [03/Sep/2026 16:20:55] "GET /docs/assets/js/geoportal-app.js?v=0.10.49 HTTP/1.1" 200 -
[WebServer] ::ffff:127.0.0.1 - - [03/Sep/2026 16:20:55] "GET /docs/assets/img/redsa-isotipo-oficial.png HTTP/1.1" 200 -
[WebServer] ::ffff:127.0.0.1 - - [03/Sep/2026 16:20:55] "GET /docs/assets/img/loader-ecuador-contorno.svg HTTP/1.1" 200 -
[WebServer] ::ffff:127.0.0.1 - - [03/Sep/2026 16:20:55] "GET /docs/assets/img/loader-vias-principales.svg HTTP/1.1" 200 -
[WebServer] ::ffff:127.0.0.1 - - [03/Sep/2026 16:20:56] "GET /docs/data/provincias_wgs84.geojson HTTP/1.1" 200 -
[WebServer] ::ffff:127.0.0.1 - - [03/Sep/2026 16:20:56] "GET /docs/data/cantones_indice.json HTTP/1.1" 200 -
[WebServer] ::ffff:127.0.0.1 - - [03/Sep/2026 16:20:56] "GET /docs/data/parroquias_wgs84.geojson HTTP/1.1" 200 -
[WebServer] ::ffff:127.0.0.1 - - [03/Sep/2026 16:20:57] "GET /docs/data/hotspots_cantonales.json HTTP/1.1" 200 -
[WebServer] ::ffff:127.0.0.1 - - [03/Sep/2026 16:20:57] "GET /docs/data/cantones_wgs84.geojson HTTP/1.1" 200 -
[WebServer] ::ffff:127.0.0.1 - - [03/Sep/2026 16:20:57] "GET /docs/data/ciclovias_ecuador.geojson HTTP/1.1" 200 -
[WebServer] ::ffff:127.0.0.1 - - [03/Sep/2026 16:20:58] "GET /docs/ HTTP/1.1" 200 -
[WebServer] ::ffff:127.0.0.1 - - [03/Sep/2026 16:20:58] "GET /docs/assets/css/driver.css HTTP/1.1" 200 -
[WebServer] ::ffff:127.0.0.1 - - [03/Sep/2026 16:20:58] "GET /docs/assets/css/geoportal-core.css?v=0.10.49 HTTP/1.1" 200 -
[WebServer] ::ffff:127.0.0.1 - - [03/Sep/2026 16:20:58] "GET /docs/assets/css/geoportal-experience.css?v=0.10.49 HTTP/1.1" 200 -
[WebServer] ::ffff:127.0.0.1 - - [03/Sep/2026 16:20:58] "GET /docs/assets/css/geoportal-mobile.css?v=0.10.49 HTTP/1.1" 200 -
[WebServer] ::ffff:127.0.0.1 - - [03/Sep/2026 16:20:58] "GET /docs/assets/js/vendor/leaflet-heat.js HTTP/1.1" 200 -
[WebServer] ::ffff:127.0.0.1 - - [03/Sep/2026 16:20:58] "GET /docs/assets/js/vendor/simple-statistics.min.js HTTP/1.1" 200 -
[WebServer] ::ffff:127.0.0.1 - - [03/Sep/2026 16:20:58] "GET /docs/assets/js/vendor/driver.min.js HTTP/1.1" 200 -
[WebServer] ::ffff:127.0.0.1 - - [03/Sep/2026 16:20:58] "GET /docs/assets/js/vendor/html2canvas.min.js HTTP/1.1" 200 -
[WebServer] ::ffff:127.0.0.1 - - [03/Sep/2026 16:20:58] "GET /docs/assets/js/vendor/jspdf.umd.min.js HTTP/1.1" 200 -
[WebServer] ::ffff:127.0.0.1 - - [03/Sep/2026 16:20:58] "GET /docs/assets/js/geoportal-classification.js?v=0.10.49 HTTP/1.1" 200 -
[WebServer] ::ffff:127.0.0.1 - - [03/Sep/2026 16:20:58] "GET /docs/assets/js/geoportal-registry.js?v=0.10.49 HTTP/1.1" 200 -
[WebServer] ::ffff:127.0.0.1 - - [03/Sep/2026 16:20:58] "GET /docs/assets/js/geoportal-overlay-state.js?v=0.10.49 HTTP/1.1" 200 -
[WebServer] ::ffff:127.0.0.1 - - [03/Sep/2026 16:20:58] "GET /docs/assets/js/geoportal-ant-layer.js?v=0.10.49 HTTP/1.1" 200 -
[WebServer] ::ffff:127.0.0.1 - - [03/Sep/2026 16:20:58] "GET /docs/assets/js/geoportal-experience.js?v=0.10.49 HTTP/1.1" 200 -
[WebServer] ::ffff:127.0.0.1 - - [03/Sep/2026 16:20:58] "GET /docs/assets/js/geoportal-state.js?v=0.10.49 HTTP/1.1" 200 -
[WebServer] ::ffff:127.0.0.1 - - [03/Sep/2026 16:20:58] "GET /docs/assets/js/geoportal-territories.js?v=0.10.49 HTTP/1.1" 200 -
[WebServer] ::ffff:127.0.0.1 - - [03/Sep/2026 16:20:58] "GET /docs/assets/js/geoportal-panels.js?v=0.10.49 HTTP/1.1" 200 -
[WebServer] ::ffff:127.0.0.1 - - [03/Sep/2026 16:20:58] "GET /docs/assets/js/geoportal-institutional.js?v=0.10.49 HTTP/1.1" 200 -
[WebServer] ::ffff:127.0.0.1 - - [03/Sep/2026 16:20:58] "GET /docs/assets/js/geoportal-tour.js?v=0.10.49 HTTP/1.1" 200 -
[WebServer] ::ffff:127.0.0.1 - - [03/Sep/2026 16:20:58] "GET /docs/assets/js/geoportal-catalogo.js?v=0.10.49 HTTP/1.1" 200 -
[WebServer] ::ffff:127.0.0.1 - - [03/Sep/2026 16:20:58] "GET /docs/assets/js/geoportal-app.js?v=0.10.49 HTTP/1.1" 200 -
[WebServer] ::ffff:127.0.0.1 - - [03/Sep/2026 16:20:58] "GET /docs/assets/img/redsa-isotipo-oficial.png HTTP/1.1" 200 -
[WebServer] ::ffff:127.0.0.1 - - [03/Sep/2026 16:20:58] "GET /docs/assets/img/loader-ecuador-contorno.svg HTTP/1.1" 200 -
[WebServer] ::ffff:127.0.0.1 - - [03/Sep/2026 16:20:58] "GET /docs/assets/img/loader-vias-principales.svg HTTP/1.1" 200 -
[WebServer] ::ffff:127.0.0.1 - - [03/Sep/2026 16:20:59] "GET /docs/data/provincias_wgs84.geojson HTTP/1.1" 200 -
[WebServer] ::ffff:127.0.0.1 - - [03/Sep/2026 16:20:59] "GET /docs/data/cantones_indice.json HTTP/1.1" 200 -
[WebServer] ::ffff:127.0.0.1 - - [03/Sep/2026 16:21:00] "GET /docs/data/cantones_wgs84.geojson HTTP/1.1" 200 -
[WebServer] ::ffff:127.0.0.1 - - [03/Sep/2026 16:21:00] "GET /docs/data/hotspots_cantonales.json HTTP/1.1" 200 -
[WebServer] ::ffff:127.0.0.1 - - [03/Sep/2026 16:21:00] "GET /docs/ HTTP/1.1" 200 -
[WebServer] ::ffff:127.0.0.1 - - [03/Sep/2026 16:21:00] "GET /docs/assets/css/driver.css HTTP/1.1" 200 -
[WebServer] ::ffff:127.0.0.1 - - [03/Sep/2026 16:21:00] "GET /docs/assets/css/geoportal-core.css?v=0.10.49 HTTP/1.1" 200 -
[WebServer] ::ffff:127.0.0.1 - - [03/Sep/2026 16:21:00] "GET /docs/assets/css/geoportal-experience.css?v=0.10.49 HTTP/1.1" 200 -
[WebServer] ::ffff:127.0.0.1 - - [03/Sep/2026 16:21:01] "GET /docs/assets/css/geoportal-mobile.css?v=0.10.49 HTTP/1.1" 200 -
[WebServer] ::ffff:127.0.0.1 - - [03/Sep/2026 16:21:01] "GET /docs/assets/js/vendor/leaflet-heat.js HTTP/1.1" 200 -
[WebServer] ::ffff:127.0.0.1 - - [03/Sep/2026 16:21:01] "GET /docs/assets/js/vendor/simple-statistics.min.js HTTP/1.1" 200 -
[WebServer] ::ffff:127.0.0.1 - - [03/Sep/2026 16:21:01] "GET /docs/assets/js/vendor/driver.min.js HTTP/1.1" 200 -
[WebServer] ::ffff:127.0.0.1 - - [03/Sep/2026 16:21:01] "GET /docs/assets/js/vendor/html2canvas.min.js HTTP/1.1" 200 -
[WebServer] ::ffff:127.0.0.1 - - [03/Sep/2026 16:21:01] "GET /docs/assets/js/vendor/jspdf.umd.min.js HTTP/1.1" 200 -
[WebServer] ::ffff:127.0.0.1 - - [03/Sep/2026 16:21:01] "GET /docs/assets/js/geoportal-classification.js?v=0.10.49 HTTP/1.1" 200 -
[WebServer] ::ffff:127.0.0.1 - - [03/Sep/2026 16:21:01] "GET /docs/assets/js/geoportal-registry.js?v=0.10.49 HTTP/1.1" 200 -
[WebServer] ::ffff:127.0.0.1 - - [03/Sep/2026 16:21:01] "GET /docs/assets/js/geoportal-overlay-state.js?v=0.10.49 HTTP/1.1" 200 -
[WebServer] ::ffff:127.0.0.1 - - [03/Sep/2026 16:21:01] "GET /docs/assets/js/geoportal-ant-layer.js?v=0.10.49 HTTP/1.1" 200 -
[WebServer] ::ffff:127.0.0.1 - - [03/Sep/2026 16:21:01] "GET /docs/assets/js/geoportal-experience.js?v=0.10.49 HTTP/1.1" 200 -
[WebServer] ::ffff:127.0.0.1 - - [03/Sep/2026 16:21:01] "GET /docs/assets/js/geoportal-state.js?v=0.10.49 HTTP/1.1" 200 -
[WebServer] ::ffff:127.0.0.1 - - [03/Sep/2026 16:21:01] "GET /docs/assets/js/geoportal-territories.js?v=0.10.49 HTTP/1.1" 200 -
[WebServer] ::ffff:127.0.0.1 - - [03/Sep/2026 16:21:01] "GET /docs/assets/js/geoportal-panels.js?v=0.10.49 HTTP/1.1" 200 -
[WebServer] ::ffff:127.0.0.1 - - [03/Sep/2026 16:21:01] "GET /docs/assets/js/geoportal-institutional.js?v=0.10.49 HTTP/1.1" 200 -
[WebServer] ::ffff:127.0.0.1 - - [03/Sep/2026 16:21:01] "GET /docs/assets/js/geoportal-tour.js?v=0.10.49 HTTP/1.1" 200 -
[WebServer] ::ffff:127.0.0.1 - - [03/Sep/2026 16:21:01] "GET /docs/assets/js/geoportal-catalogo.js?v=0.10.49 HTTP/1.1" 200 -
[WebServer] ::ffff:127.0.0.1 - - [03/Sep/2026 16:21:01] "GET /docs/assets/js/geoportal-app.js?v=0.10.49 HTTP/1.1" 200 -
[WebServer] ::ffff:127.0.0.1 - - [03/Sep/2026 16:21:01] "GET /docs/assets/img/redsa-isotipo-oficial.png HTTP/1.1" 200 -
[WebServer] ::ffff:127.0.0.1 - - [03/Sep/2026 16:21:01] "GET /docs/assets/img/loader-ecuador-contorno.svg HTTP/1.1" 200 -
[WebServer] ::ffff:127.0.0.1 - - [03/Sep/2026 16:21:01] "GET /docs/assets/img/loader-vias-principales.svg HTTP/1.1" 200 -
[WebServer] ::ffff:127.0.0.1 - - [03/Sep/2026 16:21:01] "GET /docs/data/cantones_indice.json HTTP/1.1" 200 -
[WebServer] ::ffff:127.0.0.1 - - [03/Sep/2026 16:21:02] "GET /docs/data/provincias_wgs84.geojson HTTP/1.1" 200 -
[WebServer] ::ffff:127.0.0.1 - - [03/Sep/2026 16:21:02] "GET /docs/data/parroquias_wgs84.geojson HTTP/1.1" 200 -
[WebServer] ::ffff:127.0.0.1 - - [03/Sep/2026 16:21:04] "GET /docs/ HTTP/1.1" 200 -
[WebServer] ::ffff:127.0.0.1 - - [03/Sep/2026 16:21:04] "GET /docs/assets/css/driver.css HTTP/1.1" 200 -
[WebServer] ::ffff:127.0.0.1 - - [03/Sep/2026 16:21:04] "GET /docs/assets/css/geoportal-core.css?v=0.10.49 HTTP/1.1" 200 -
[WebServer] ::ffff:127.0.0.1 - - [03/Sep/2026 16:21:04] "GET /docs/assets/css/geoportal-experience.css?v=0.10.49 HTTP/1.1" 200 -
[WebServer] ::ffff:127.0.0.1 - - [03/Sep/2026 16:21:04] "GET /docs/assets/css/geoportal-mobile.css?v=0.10.49 HTTP/1.1" 200 -
[WebServer] ::ffff:127.0.0.1 - - [03/Sep/2026 16:21:04] "GET /docs/assets/js/vendor/leaflet-heat.js HTTP/1.1" 200 -
[WebServer] ::ffff:127.0.0.1 - - [03/Sep/2026 16:21:04] "GET /docs/assets/js/vendor/simple-statistics.min.js HTTP/1.1" 200 -
[WebServer] ::ffff:127.0.0.1 - - [03/Sep/2026 16:21:04] "GET /docs/assets/js/vendor/driver.min.js HTTP/1.1" 200 -
[WebServer] ::ffff:127.0.0.1 - - [03/Sep/2026 16:21:04] "GET /docs/assets/js/vendor/html2canvas.min.js HTTP/1.1" 200 -
[WebServer] ::ffff:127.0.0.1 - - [03/Sep/2026 16:21:04] "GET /docs/assets/js/vendor/jspdf.umd.min.js HTTP/1.1" 200 -
[WebServer] ::ffff:127.0.0.1 - - [03/Sep/2026 16:21:04] "GET /docs/assets/js/geoportal-classification.js?v=0.10.49 HTTP/1.1" 200 -
[WebServer] ::ffff:127.0.0.1 - - [03/Sep/2026 16:21:04] "GET /docs/assets/js/geoportal-registry.js?v=0.10.49 HTTP/1.1" 200 -
[WebServer] ::ffff:127.0.0.1 - - [03/Sep/2026 16:21:04] "GET /docs/assets/js/geoportal-overlay-state.js?v=0.10.49 HTTP/1.1" 200 -
[WebServer] ::ffff:127.0.0.1 - - [03/Sep/2026 16:21:04] "GET /docs/assets/js/geoportal-ant-layer.js?v=0.10.49 HTTP/1.1" 200 -
[WebServer] ::ffff:127.0.0.1 - - [03/Sep/2026 16:21:04] "GET /docs/assets/js/geoportal-experience.js?v=0.10.49 HTTP/1.1" 200 -
[WebServer] ::ffff:127.0.0.1 - - [03/Sep/2026 16:21:04] "GET /docs/assets/js/geoportal-state.js?v=0.10.49 HTTP/1.1" 200 -
[WebServer] ::ffff:127.0.0.1 - - [03/Sep/2026 16:21:04] "GET /docs/assets/js/geoportal-territories.js?v=0.10.49 HTTP/1.1" 200 -
[WebServer] ::ffff:127.0.0.1 - - [03/Sep/2026 16:21:04] "GET /docs/assets/js/geoportal-panels.js?v=0.10.49 HTTP/1.1" 200 -
[WebServer] ::ffff:127.0.0.1 - - [03/Sep/2026 16:21:04] "GET /docs/assets/js/geoportal-institutional.js?v=0.10.49 HTTP/1.1" 200 -
[WebServer] ::ffff:127.0.0.1 - - [03/Sep/2026 16:21:04] "GET /docs/ HTTP/1.1" 200 -
[WebServer] ::ffff:127.0.0.1 - - [03/Sep/2026 16:21:04] "GET /docs/assets/js/geoportal-tour.js?v=0.10.49 HTTP/1.1" 200 -
[WebServer] ::ffff:127.0.0.1 - - [03/Sep/2026 16:21:04] "GET /docs/assets/css/driver.css HTTP/1.1" 200 -
[WebServer] ::ffff:127.0.0.1 - - [03/Sep/2026 16:21:04] "GET /docs/assets/js/geoportal-catalogo.js?v=0.10.49 HTTP/1.1" 200 -
[WebServer] ::ffff:127.0.0.1 - - [03/Sep/2026 16:21:04] "GET /docs/assets/css/geoportal-core.css?v=0.10.49 HTTP/1.1" 200 -
[WebServer] ::ffff:127.0.0.1 - - [03/Sep/2026 16:21:04] "GET /docs/assets/css/geoportal-experience.css?v=0.10.49 HTTP/1.1" 200 -
[WebServer] ::ffff:127.0.0.1 - - [03/Sep/2026 16:21:04] "GET /docs/assets/css/geoportal-mobile.css?v=0.10.49 HTTP/1.1" 200 -
[WebServer] ::ffff:127.0.0.1 - - [03/Sep/2026 16:21:04] "GET /docs/assets/js/vendor/leaflet-heat.js HTTP/1.1" 200 -
[WebServer] ::ffff:127.0.0.1 - - [03/Sep/2026 16:21:04] "GET /docs/assets/js/geoportal-app.js?v=0.10.49 HTTP/1.1" 200 -
[WebServer] ::ffff:127.0.0.1 - - [03/Sep/2026 16:21:04] "GET /docs/assets/js/vendor/simple-statistics.min.js HTTP/1.1" 200 -
[WebServer] ::ffff:127.0.0.1 - - [03/Sep/2026 16:21:04] "GET /docs/assets/js/vendor/driver.min.js HTTP/1.1" 200 -
[WebServer] ::ffff:127.0.0.1 - - [03/Sep/2026 16:21:04] "GET /docs/assets/img/redsa-isotipo-oficial.png HTTP/1.1" 200 -
[WebServer] ::ffff:127.0.0.1 - - [03/Sep/2026 16:21:04] "GET /docs/assets/js/vendor/html2canvas.min.js HTTP/1.1" 200 -
[WebServer] ::ffff:127.0.0.1 - - [03/Sep/2026 16:21:04] "GET /docs/assets/js/vendor/jspdf.umd.min.js HTTP/1.1" 200 -
[WebServer] ::ffff:127.0.0.1 - - [03/Sep/2026 16:21:04] "GET /docs/assets/img/loader-ecuador-contorno.svg HTTP/1.1" 200 -
[WebServer] ::ffff:127.0.0.1 - - [03/Sep/2026 16:21:04] "GET /docs/assets/img/loader-vias-principales.svg HTTP/1.1" 200 -
[WebServer] ::ffff:127.0.0.1 - - [03/Sep/2026 16:21:04] "GET /docs/assets/js/geoportal-classification.js?v=0.10.49 HTTP/1.1" 200 -
[WebServer] ::ffff:127.0.0.1 - - [03/Sep/2026 16:21:04] "GET /docs/assets/js/geoportal-registry.js?v=0.10.49 HTTP/1.1" 200 -
[WebServer] ::ffff:127.0.0.1 - - [03/Sep/2026 16:21:05] "GET /docs/assets/js/geoportal-overlay-state.js?v=0.10.49 HTTP/1.1" 200 -
[WebServer] ::ffff:127.0.0.1 - - [03/Sep/2026 16:21:05] "GET /docs/assets/js/geoportal-ant-layer.js?v=0.10.49 HTTP/1.1" 200 -
[WebServer] ::ffff:127.0.0.1 - - [03/Sep/2026 16:21:05] "GET /docs/assets/js/geoportal-experience.js?v=0.10.49 HTTP/1.1" 200 -
[WebServer] ::ffff:127.0.0.1 - - [03/Sep/2026 16:21:05] "GET /docs/assets/js/geoportal-state.js?v=0.10.49 HTTP/1.1" 200 -
[WebServer] ::ffff:127.0.0.1 - - [03/Sep/2026 16:21:05] "GET /docs/assets/js/geoportal-territories.js?v=0.10.49 HTTP/1.1" 200 -
[WebServer] ::ffff:127.0.0.1 - - [03/Sep/2026 16:21:05] "GET /docs/assets/js/geoportal-panels.js?v=0.10.49 HTTP/1.1" 200 -
[WebServer] ::ffff:127.0.0.1 - - [03/Sep/2026 16:21:05] "GET /docs/assets/js/geoportal-institutional.js?v=0.10.49 HTTP/1.1" 200 -
[WebServer] ::ffff:127.0.0.1 - - [03/Sep/2026 16:21:05] "GET /docs/assets/js/geoportal-tour.js?v=0.10.49 HTTP/1.1" 200 -
[WebServer] ::ffff:127.0.0.1 - - [03/Sep/2026 16:21:05] "GET /docs/assets/js/geoportal-catalogo.js?v=0.10.49 HTTP/1.1" 200 -
[WebServer] ::ffff:127.0.0.1 - - [03/Sep/2026 16:21:05] "GET /docs/assets/js/geoportal-app.js?v=0.10.49 HTTP/1.1" 200 -
[WebServer] ::ffff:127.0.0.1 - - [03/Sep/2026 16:21:05] "GET /docs/assets/img/redsa-isotipo-oficial.png HTTP/1.1" 200 -
[WebServer] ::ffff:127.0.0.1 - - [03/Sep/2026 16:21:05] "GET /docs/assets/img/loader-ecuador-contorno.svg HTTP/1.1" 200 -
[WebServer] ::ffff:127.0.0.1 - - [03/Sep/2026 16:21:05] "GET /docs/assets/img/loader-vias-principales.svg HTTP/1.1" 200 -
[WebServer] ::ffff:127.0.0.1 - - [03/Sep/2026 16:21:05] "GET /docs/data/provincias_wgs84.geojson HTTP/1.1" 200 -
[WebServer] ::ffff:127.0.0.1 - - [03/Sep/2026 16:21:05] "GET /docs/data/cantones_indice.json HTTP/1.1" 200 -
[WebServer] ::ffff:127.0.0.1 - - [03/Sep/2026 16:21:05] "GET /docs/data/provincias_wgs84.geojson HTTP/1.1" 200 -
[WebServer] ::ffff:127.0.0.1 - - [03/Sep/2026 16:21:06] "GET /docs/data/cantones_indice.json HTTP/1.1" 200 -
[WebServer] ::ffff:127.0.0.1 - - [03/Sep/2026 16:21:07] "GET /docs/data/cantones_wgs84.geojson HTTP/1.1" 200 -
[WebServer] ::ffff:127.0.0.1 - - [03/Sep/2026 16:21:07] "GET /docs/data/hotspots_cantonales.json HTTP/1.1" 200 -
[WebServer] ::ffff:127.0.0.1 - - [03/Sep/2026 16:21:07] "GET /docs/data/cantones_wgs84.geojson HTTP/1.1" 200 -
[WebServer] ::ffff:127.0.0.1 - - [03/Sep/2026 16:21:07] "GET /docs/data/hotspots_cantonales.json HTTP/1.1" 200 -
[WebServer] ::ffff:127.0.0.1 - - [03/Sep/2026 16:21:09] "GET /docs/ HTTP/1.1" 200 -
[WebServer] ::ffff:127.0.0.1 - - [03/Sep/2026 16:21:09] "GET /docs/assets/css/driver.css HTTP/1.1" 200 -
[WebServer] ::ffff:127.0.0.1 - - [03/Sep/2026 16:21:09] "GET /docs/assets/css/geoportal-core.css?v=0.10.49 HTTP/1.1" 200 -
[WebServer] ::ffff:127.0.0.1 - - [03/Sep/2026 16:21:09] "GET /docs/assets/css/geoportal-experience.css?v=0.10.49 HTTP/1.1" 200 -
[WebServer] ::ffff:127.0.0.1 - - [03/Sep/2026 16:21:09] "GET /docs/assets/css/geoportal-mobile.css?v=0.10.49 HTTP/1.1" 200 -
[WebServer] ::ffff:127.0.0.1 - - [03/Sep/2026 16:21:09] "GET /docs/assets/js/vendor/leaflet-heat.js HTTP/1.1" 200 -
[WebServer] ::ffff:127.0.0.1 - - [03/Sep/2026 16:21:09] "GET /docs/assets/js/vendor/simple-statistics.min.js HTTP/1.1" 200 -
[WebServer] ::ffff:127.0.0.1 - - [03/Sep/2026 16:21:09] "GET /docs/assets/js/vendor/driver.min.js HTTP/1.1" 200 -
[WebServer] ::ffff:127.0.0.1 - - [03/Sep/2026 16:21:09] "GET /docs/assets/js/vendor/html2canvas.min.js HTTP/1.1" 200 -
[WebServer] ::ffff:127.0.0.1 - - [03/Sep/2026 16:21:09] "GET /docs/assets/js/vendor/jspdf.umd.min.js HTTP/1.1" 200 -
[WebServer] ::ffff:127.0.0.1 - - [03/Sep/2026 16:21:09] "GET /docs/assets/js/geoportal-classification.js?v=0.10.49 HTTP/1.1" 200 -
[WebServer] ::ffff:127.0.0.1 - - [03/Sep/2026 16:21:09] "GET /docs/assets/js/geoportal-registry.js?v=0.10.49 HTTP/1.1" 200 -
[WebServer] ::ffff:127.0.0.1 - - [03/Sep/2026 16:21:09] "GET /docs/assets/js/geoportal-overlay-state.js?v=0.10.49 HTTP/1.1" 200 -
[WebServer] ::ffff:127.0.0.1 - - [03/Sep/2026 16:21:09] "GET /docs/assets/js/geoportal-ant-layer.js?v=0.10.49 HTTP/1.1" 200 -
[WebServer] ::ffff:127.0.0.1 - - [03/Sep/2026 16:21:09] "GET /docs/assets/js/geoportal-experience.js?v=0.10.49 HTTP/1.1" 200 -
[WebServer] ::ffff:127.0.0.1 - - [03/Sep/2026 16:21:09] "GET /docs/assets/js/geoportal-state.js?v=0.10.49 HTTP/1.1" 200 -
[WebServer] ::ffff:127.0.0.1 - - [03/Sep/2026 16:21:09] "GET /docs/assets/js/geoportal-territories.js?v=0.10.49 HTTP/1.1" 200 -
[WebServer] ::ffff:127.0.0.1 - - [03/Sep/2026 16:21:09] "GET /docs/assets/js/geoportal-panels.js?v=0.10.49 HTTP/1.1" 200 -
[WebServer] ::ffff:127.0.0.1 - - [03/Sep/2026 16:21:09] "GET /docs/assets/js/geoportal-institutional.js?v=0.10.49 HTTP/1.1" 200 -
[WebServer] ::ffff:127.0.0.1 - - [03/Sep/2026 16:21:10] "GET /docs/assets/js/geoportal-tour.js?v=0.10.49 HTTP/1.1" 200 -
[WebServer] ::ffff:127.0.0.1 - - [03/Sep/2026 16:21:10] "GET /docs/assets/js/geoportal-catalogo.js?v=0.10.49 HTTP/1.1" 200 -
[WebServer] ::ffff:127.0.0.1 - - [03/Sep/2026 16:21:10] "GET /docs/assets/js/geoportal-app.js?v=0.10.49 HTTP/1.1" 200 -
[WebServer] ::ffff:127.0.0.1 - - [03/Sep/2026 16:21:10] "GET /docs/assets/img/redsa-isotipo-oficial.png HTTP/1.1" 200 -
[WebServer] ::ffff:127.0.0.1 - - [03/Sep/2026 16:21:10] "GET /docs/assets/img/loader-ecuador-contorno.svg HTTP/1.1" 200 -
[WebServer] ::ffff:127.0.0.1 - - [03/Sep/2026 16:21:10] "GET /docs/assets/img/loader-vias-principales.svg HTTP/1.1" 200 -
[WebServer] ::ffff:127.0.0.1 - - [03/Sep/2026 16:21:10] "GET /docs/data/parroquias_wgs84.geojson HTTP/1.1" 200 -
[WebServer] ::ffff:127.0.0.1 - - [03/Sep/2026 16:21:10] "GET /docs/data/provincias_wgs84.geojson HTTP/1.1" 200 -
[WebServer] ::ffff:127.0.0.1 - - [03/Sep/2026 16:21:10] "GET /docs/data/cantones_indice.json HTTP/1.1" 200 -
[WebServer] ::ffff:127.0.0.1 - - [03/Sep/2026 16:21:12] "GET /docs/ HTTP/1.1" 200 -
[WebServer] ::ffff:127.0.0.1 - - [03/Sep/2026 16:21:12] "GET /docs/assets/css/driver.css HTTP/1.1" 200 -
[WebServer] ::ffff:127.0.0.1 - - [03/Sep/2026 16:21:12] "GET /docs/assets/css/geoportal-core.css?v=0.10.49 HTTP/1.1" 200 -
[WebServer] ::ffff:127.0.0.1 - - [03/Sep/2026 16:21:12] "GET /docs/assets/css/geoportal-experience.css?v=0.10.49 HTTP/1.1" 200 -
[WebServer] ::ffff:127.0.0.1 - - [03/Sep/2026 16:21:12] "GET /docs/assets/js/vendor/leaflet-heat.js HTTP/1.1" 200 -
[WebServer] ::ffff:127.0.0.1 - - [03/Sep/2026 16:21:12] "GET /docs/assets/css/geoportal-mobile.css?v=0.10.49 HTTP/1.1" 200 -
[WebServer] ::ffff:127.0.0.1 - - [03/Sep/2026 16:21:12] "GET /docs/assets/js/vendor/simple-statistics.min.js HTTP/1.1" 200 -
[WebServer] ::ffff:127.0.0.1 - - [03/Sep/2026 16:21:12] "GET /docs/assets/js/vendor/driver.min.js HTTP/1.1" 200 -
[WebServer] ::ffff:127.0.0.1 - - [03/Sep/2026 16:21:12] "GET /docs/assets/js/vendor/html2canvas.min.js HTTP/1.1" 200 -
[WebServer] ::ffff:127.0.0.1 - - [03/Sep/2026 16:21:12] "GET /docs/assets/js/vendor/jspdf.umd.min.js HTTP/1.1" 200 -
[WebServer] ::ffff:127.0.0.1 - - [03/Sep/2026 16:21:12] "GET /docs/assets/js/geoportal-classification.js?v=0.10.49 HTTP/1.1" 200 -
[WebServer] ::ffff:127.0.0.1 - - [03/Sep/2026 16:21:12] "GET /docs/assets/js/geoportal-registry.js?v=0.10.49 HTTP/1.1" 200 -
[WebServer] ::ffff:127.0.0.1 - - [03/Sep/2026 16:21:12] "GET /docs/assets/js/geoportal-overlay-state.js?v=0.10.49 HTTP/1.1" 200 -
[WebServer] ::ffff:127.0.0.1 - - [03/Sep/2026 16:21:12] "GET /docs/assets/js/geoportal-ant-layer.js?v=0.10.49 HTTP/1.1" 200 -
[WebServer] ::ffff:127.0.0.1 - - [03/Sep/2026 16:21:12] "GET /docs/assets/js/geoportal-experience.js?v=0.10.49 HTTP/1.1" 200 -
[WebServer] ::ffff:127.0.0.1 - - [03/Sep/2026 16:21:12] "GET /docs/assets/js/geoportal-state.js?v=0.10.49 HTTP/1.1" 200 -
[WebServer] ::ffff:127.0.0.1 - - [03/Sep/2026 16:21:12] "GET /docs/assets/js/geoportal-territories.js?v=0.10.49 HTTP/1.1" 200 -
[WebServer] ::ffff:127.0.0.1 - - [03/Sep/2026 16:21:12] "GET /docs/assets/js/geoportal-panels.js?v=0.10.49 HTTP/1.1" 200 -
[WebServer] ::ffff:127.0.0.1 - - [03/Sep/2026 16:21:13] "GET /docs/assets/js/geoportal-institutional.js?v=0.10.49 HTTP/1.1" 200 -
[WebServer] ::ffff:127.0.0.1 - - [03/Sep/2026 16:21:13] "GET /docs/assets/img/loader-ecuador-contorno.svg HTTP/1.1" 200 -
[WebServer] ::ffff:127.0.0.1 - - [03/Sep/2026 16:21:13] "GET /docs/assets/js/geoportal-app.js?v=0.10.49 HTTP/1.1" 200 -
[WebServer] ::ffff:127.0.0.1 - - [03/Sep/2026 16:21:13] "GET /docs/assets/img/redsa-isotipo-oficial.png HTTP/1.1" 200 -
[WebServer] ::ffff:127.0.0.1 - - [03/Sep/2026 16:21:13] "GET /docs/assets/js/geoportal-catalogo.js?v=0.10.49 HTTP/1.1" 200 -
[WebServer] ::ffff:127.0.0.1 - - [03/Sep/2026 16:21:13] "GET /docs/assets/js/geoportal-tour.js?v=0.10.49 HTTP/1.1" 200 -
[WebServer] ::ffff:127.0.0.1 - - [03/Sep/2026 16:21:13] "GET /docs/assets/img/loader-vias-principales.svg HTTP/1.1" 200 -
[WebServer] ::ffff:127.0.0.1 - - [03/Sep/2026 16:21:13] "GET /docs/data/cantones_indice.json HTTP/1.1" 200 -
[WebServer] ::ffff:127.0.0.1 - - [03/Sep/2026 16:21:13] "GET /docs/data/provincias_wgs84.geojson HTTP/1.1" 200 -
[WebServer] ::ffff:127.0.0.1 - - [03/Sep/2026 16:21:13] "GET /docs/ HTTP/1.1" 200 -
[WebServer] ::ffff:127.0.0.1 - - [03/Sep/2026 16:21:13] "GET /docs/assets/css/driver.css HTTP/1.1" 200 -
[WebServer] ::ffff:127.0.0.1 - - [03/Sep/2026 16:21:13] "GET /docs/assets/css/geoportal-core.css?v=0.10.49 HTTP/1.1" 200 -
[WebServer] ::ffff:127.0.0.1 - - [03/Sep/2026 16:21:13] "GET /docs/assets/css/geoportal-experience.css?v=0.10.49 HTTP/1.1" 200 -
[WebServer] ::ffff:127.0.0.1 - - [03/Sep/2026 16:21:13] "GET /docs/assets/css/geoportal-mobile.css?v=0.10.49 HTTP/1.1" 200 -
[WebServer] ::ffff:127.0.0.1 - - [03/Sep/2026 16:21:13] "GET /docs/assets/js/vendor/leaflet-heat.js HTTP/1.1" 200 -
[WebServer] ::ffff:127.0.0.1 - - [03/Sep/2026 16:21:13] "GET /docs/assets/js/vendor/simple-statistics.min.js HTTP/1.1" 200 -
[WebServer] ::ffff:127.0.0.1 - - [03/Sep/2026 16:21:13] "GET /docs/assets/js/vendor/driver.min.js HTTP/1.1" 200 -
[WebServer] ::ffff:127.0.0.1 - - [03/Sep/2026 16:21:13] "GET /docs/assets/js/vendor/html2canvas.min.js HTTP/1.1" 200 -
[WebServer] ::ffff:127.0.0.1 - - [03/Sep/2026 16:21:13] "GET /docs/assets/js/vendor/jspdf.umd.min.js HTTP/1.1" 200 -
[WebServer] ::ffff:127.0.0.1 - - [03/Sep/2026 16:21:13] "GET /docs/assets/js/geoportal-classification.js?v=0.10.49 HTTP/1.1" 200 -
[WebServer] ::ffff:127.0.0.1 - - [03/Sep/2026 16:21:13] "GET /docs/assets/js/geoportal-registry.js?v=0.10.49 HTTP/1.1" 200 -
[WebServer] ::ffff:127.0.0.1 - - [03/Sep/2026 16:21:13] "GET /docs/assets/js/geoportal-overlay-state.js?v=0.10.49 HTTP/1.1" 200 -
[WebServer] ::ffff:127.0.0.1 - - [03/Sep/2026 16:21:13] "GET /docs/assets/js/geoportal-ant-layer.js?v=0.10.49 HTTP/1.1" 200 -
[WebServer] ::ffff:127.0.0.1 - - [03/Sep/2026 16:21:13] "GET /docs/assets/js/geoportal-experience.js?v=0.10.49 HTTP/1.1" 200 -
[WebServer] ::ffff:127.0.0.1 - - [03/Sep/2026 16:21:13] "GET /docs/assets/js/geoportal-state.js?v=0.10.49 HTTP/1.1" 200 -
[WebServer] ::ffff:127.0.0.1 - - [03/Sep/2026 16:21:13] "GET /docs/assets/js/geoportal-territories.js?v=0.10.49 HTTP/1.1" 200 -
[WebServer] ::ffff:127.0.0.1 - - [03/Sep/2026 16:21:13] "GET /docs/assets/js/geoportal-panels.js?v=0.10.49 HTTP/1.1" 200 -
[WebServer] ::ffff:127.0.0.1 - - [03/Sep/2026 16:21:13] "GET /docs/assets/js/geoportal-institutional.js?v=0.10.49 HTTP/1.1" 200 -
[WebServer] ::ffff:127.0.0.1 - - [03/Sep/2026 16:21:13] "GET /docs/assets/js/geoportal-tour.js?v=0.10.49 HTTP/1.1" 200 -
[WebServer] ::ffff:127.0.0.1 - - [03/Sep/2026 16:21:13] "GET /docs/assets/js/geoportal-catalogo.js?v=0.10.49 HTTP/1.1" 200 -
[WebServer] ::ffff:127.0.0.1 - - [03/Sep/2026 16:21:13] "GET /docs/assets/js/geoportal-app.js?v=0.10.49 HTTP/1.1" 200 -
[WebServer] ::ffff:127.0.0.1 - - [03/Sep/2026 16:21:13] "GET /docs/assets/img/redsa-isotipo-oficial.png HTTP/1.1" 200 -
[WebServer] ::ffff:127.0.0.1 - - [03/Sep/2026 16:21:13] "GET /docs/assets/img/loader-ecuador-contorno.svg HTTP/1.1" 200 -
[WebServer] ::ffff:127.0.0.1 - - [03/Sep/2026 16:21:13] "GET /docs/assets/img/loader-vias-principales.svg HTTP/1.1" 200 -
[WebServer] ::ffff:127.0.0.1 - - [03/Sep/2026 16:21:14] "GET /docs/data/provincias_wgs84.geojson HTTP/1.1" 200 -
[WebServer] ::ffff:127.0.0.1 - - [03/Sep/2026 16:21:14] "GET /docs/data/cantones_indice.json HTTP/1.1" 200 -
[WebServer] ::ffff:127.0.0.1 - - [03/Sep/2026 16:21:16] "GET /docs/data/catalogo_metadatos.json HTTP/1.1" 200 -
[WebServer] ::ffff:127.0.0.1 - - [03/Sep/2026 16:21:16] "GET /docs/ HTTP/1.1" 200 -
[WebServer] ::ffff:127.0.0.1 - - [03/Sep/2026 16:21:16] "GET /docs/assets/css/driver.css HTTP/1.1" 200 -
[WebServer] ::ffff:127.0.0.1 - - [03/Sep/2026 16:21:16] "GET /docs/assets/css/geoportal-core.css?v=0.10.49 HTTP/1.1" 200 -
[WebServer] ::ffff:127.0.0.1 - - [03/Sep/2026 16:21:16] "GET /docs/assets/css/geoportal-mobile.css?v=0.10.49 HTTP/1.1" 200 -
[WebServer] ::ffff:127.0.0.1 - - [03/Sep/2026 16:21:16] "GET /docs/assets/css/geoportal-experience.css?v=0.10.49 HTTP/1.1" 200 -
[WebServer] ::ffff:127.0.0.1 - - [03/Sep/2026 16:21:16] "GET /docs/assets/js/vendor/leaflet-heat.js HTTP/1.1" 200 -
[WebServer] ::ffff:127.0.0.1 - - [03/Sep/2026 16:21:16] "GET /docs/assets/js/vendor/simple-statistics.min.js HTTP/1.1" 200 -
[WebServer] ::ffff:127.0.0.1 - - [03/Sep/2026 16:21:16] "GET /docs/assets/js/vendor/driver.min.js HTTP/1.1" 200 -
[WebServer] ::ffff:127.0.0.1 - - [03/Sep/2026 16:21:16] "GET /docs/assets/js/vendor/html2canvas.min.js HTTP/1.1" 200 -
[WebServer] ::ffff:127.0.0.1 - - [03/Sep/2026 16:21:16] "GET /docs/assets/js/vendor/jspdf.umd.min.js HTTP/1.1" 200 -
[WebServer] ::ffff:127.0.0.1 - - [03/Sep/2026 16:21:16] "GET /docs/assets/js/geoportal-classification.js?v=0.10.49 HTTP/1.1" 200 -
[WebServer] ::ffff:127.0.0.1 - - [03/Sep/2026 16:21:16] "GET /docs/assets/js/geoportal-registry.js?v=0.10.49 HTTP/1.1" 200 -
[WebServer] ::ffff:127.0.0.1 - - [03/Sep/2026 16:21:16] "GET /docs/assets/js/geoportal-overlay-state.js?v=0.10.49 HTTP/1.1" 200 -
[WebServer] ::ffff:127.0.0.1 - - [03/Sep/2026 16:21:16] "GET /docs/assets/js/geoportal-ant-layer.js?v=0.10.49 HTTP/1.1" 200 -
[WebServer] ::ffff:127.0.0.1 - - [03/Sep/2026 16:21:16] "GET /docs/assets/js/geoportal-experience.js?v=0.10.49 HTTP/1.1" 200 -
[WebServer] ::ffff:127.0.0.1 - - [03/Sep/2026 16:21:16] "GET /docs/assets/js/geoportal-state.js?v=0.10.49 HTTP/1.1" 200 -
[WebServer] ::ffff:127.0.0.1 - - [03/Sep/2026 16:21:16] "GET /docs/assets/js/geoportal-territories.js?v=0.10.49 HTTP/1.1" 200 -
[WebServer] ::ffff:127.0.0.1 - - [03/Sep/2026 16:21:16] "GET /docs/assets/js/geoportal-panels.js?v=0.10.49 HTTP/1.1" 200 -
[WebServer] ::ffff:127.0.0.1 - - [03/Sep/2026 16:21:16] "GET /docs/assets/js/geoportal-institutional.js?v=0.10.49 HTTP/1.1" 200 -
[WebServer] ::ffff:127.0.0.1 - - [03/Sep/2026 16:21:16] "GET /docs/assets/js/geoportal-tour.js?v=0.10.49 HTTP/1.1" 200 -
[WebServer] ::ffff:127.0.0.1 - - [03/Sep/2026 16:21:16] "GET /docs/assets/js/geoportal-catalogo.js?v=0.10.49 HTTP/1.1" 200 -
[WebServer] ::ffff:127.0.0.1 - - [03/Sep/2026 16:21:16] "GET /docs/assets/js/geoportal-app.js?v=0.10.49 HTTP/1.1" 200 -
[WebServer] ::ffff:127.0.0.1 - - [03/Sep/2026 16:21:16] "GET /docs/assets/img/redsa-isotipo-oficial.png HTTP/1.1" 200 -
[WebServer] ::ffff:127.0.0.1 - - [03/Sep/2026 16:21:16] "GET /docs/assets/img/loader-ecuador-contorno.svg HTTP/1.1" 200 -
[WebServer] ::ffff:127.0.0.1 - - [03/Sep/2026 16:21:16] "GET /docs/assets/img/loader-vias-principales.svg HTTP/1.1" 200 -
[WebServer] ::ffff:127.0.0.1 - - [03/Sep/2026 16:21:17] "GET /docs/data/provincias_wgs84.geojson HTTP/1.1" 200 -
[WebServer] ::ffff:127.0.0.1 - - [03/Sep/2026 16:21:17] "GET /docs/data/cantones_indice.json HTTP/1.1" 200 -
[WebServer] ::ffff:127.0.0.1 - - [03/Sep/2026 16:21:17] "GET /docs/ HTTP/1.1" 200 -
[WebServer] ::ffff:127.0.0.1 - - [03/Sep/2026 16:21:17] "GET /docs/assets/css/driver.css HTTP/1.1" 200 -
[WebServer] ::ffff:127.0.0.1 - - [03/Sep/2026 16:21:17] "GET /docs/assets/css/geoportal-core.css?v=0.10.49 HTTP/1.1" 200 -
[WebServer] ::ffff:127.0.0.1 - - [03/Sep/2026 16:21:17] "GET /docs/assets/css/geoportal-experience.css?v=0.10.49 HTTP/1.1" 200 -
[WebServer] ::ffff:127.0.0.1 - - [03/Sep/2026 16:21:17] "GET /docs/assets/css/geoportal-mobile.css?v=0.10.49 HTTP/1.1" 200 -
[WebServer] ::ffff:127.0.0.1 - - [03/Sep/2026 16:21:17] "GET /docs/assets/js/vendor/leaflet-heat.js HTTP/1.1" 200 -
[WebServer] ::ffff:127.0.0.1 - - [03/Sep/2026 16:21:17] "GET /docs/assets/js/vendor/simple-statistics.min.js HTTP/1.1" 200 -
[WebServer] ::ffff:127.0.0.1 - - [03/Sep/2026 16:21:17] "GET /docs/assets/js/vendor/driver.min.js HTTP/1.1" 200 -
[WebServer] ::ffff:127.0.0.1 - - [03/Sep/2026 16:21:17] "GET /docs/assets/js/vendor/html2canvas.min.js HTTP/1.1" 200 -
[WebServer] ::ffff:127.0.0.1 - - [03/Sep/2026 16:21:17] "GET /docs/assets/js/vendor/jspdf.umd.min.js HTTP/1.1" 200 -
[WebServer] ::ffff:127.0.0.1 - - [03/Sep/2026 16:21:17] "GET /docs/assets/js/geoportal-classification.js?v=0.10.49 HTTP/1.1" 200 -
[WebServer] ::ffff:127.0.0.1 - - [03/Sep/2026 16:21:17] "GET /docs/assets/js/geoportal-registry.js?v=0.10.49 HTTP/1.1" 200 -
[WebServer] ::ffff:127.0.0.1 - - [03/Sep/2026 16:21:18] "GET /docs/assets/js/geoportal-overlay-state.js?v=0.10.49 HTTP/1.1" 200 -
[WebServer] ::ffff:127.0.0.1 - - [03/Sep/2026 16:21:18] "GET /docs/assets/js/geoportal-ant-layer.js?v=0.10.49 HTTP/1.1" 200 -
[WebServer] ::ffff:127.0.0.1 - - [03/Sep/2026 16:21:18] "GET /docs/assets/js/geoportal-experience.js?v=0.10.49 HTTP/1.1" 200 -
[WebServer] ::ffff:127.0.0.1 - - [03/Sep/2026 16:21:18] "GET /docs/assets/js/geoportal-state.js?v=0.10.49 HTTP/1.1" 200 -
[WebServer] ::ffff:127.0.0.1 - - [03/Sep/2026 16:21:18] "GET /docs/assets/js/geoportal-territories.js?v=0.10.49 HTTP/1.1" 200 -
[WebServer] ::ffff:127.0.0.1 - - [03/Sep/2026 16:21:18] "GET /docs/assets/js/geoportal-panels.js?v=0.10.49 HTTP/1.1" 200 -
[WebServer] ::ffff:127.0.0.1 - - [03/Sep/2026 16:21:18] "GET /docs/assets/js/geoportal-institutional.js?v=0.10.49 HTTP/1.1" 200 -
[WebServer] ::ffff:127.0.0.1 - - [03/Sep/2026 16:21:18] "GET /docs/assets/js/geoportal-tour.js?v=0.10.49 HTTP/1.1" 200 -
[WebServer] ::ffff:127.0.0.1 - - [03/Sep/2026 16:21:18] "GET /docs/assets/js/geoportal-catalogo.js?v=0.10.49 HTTP/1.1" 200 -
[WebServer] ::ffff:127.0.0.1 - - [03/Sep/2026 16:21:18] "GET /docs/assets/js/geoportal-app.js?v=0.10.49 HTTP/1.1" 200 -
[WebServer] ::ffff:127.0.0.1 - - [03/Sep/2026 16:21:18] "GET /docs/assets/img/redsa-isotipo-oficial.png HTTP/1.1" 200 -
[WebServer] ::ffff:127.0.0.1 - - [03/Sep/2026 16:21:18] "GET /docs/assets/img/loader-ecuador-contorno.svg HTTP/1.1" 200 -
[WebServer] ::ffff:127.0.0.1 - - [03/Sep/2026 16:21:18] "GET /docs/assets/img/loader-vias-principales.svg HTTP/1.1" 200 -
[WebServer] ::ffff:127.0.0.1 - - [03/Sep/2026 16:21:18] "GET /docs/data/provincias_wgs84.geojson HTTP/1.1" 200 -
[WebServer] ::ffff:127.0.0.1 - - [03/Sep/2026 16:21:18] "GET /docs/data/cantones_indice.json HTTP/1.1" 200 -
[WebServer] ::ffff:127.0.0.1 - - [03/Sep/2026 16:21:19] "GET /docs/data/hotspots_cantonales.json HTTP/1.1" 200 -
[WebServer] ::ffff:127.0.0.1 - - [03/Sep/2026 16:21:19] "GET /docs/data/cantones_wgs84.geojson HTTP/1.1" 200 -
[WebServer] ::ffff:127.0.0.1 - - [03/Sep/2026 16:21:23] "GET /docs/ HTTP/1.1" 200 -
[WebServer] ::ffff:127.0.0.1 - - [03/Sep/2026 16:21:23] "GET /docs/assets/css/driver.css HTTP/1.1" 200 -
[WebServer] ::ffff:127.0.0.1 - - [03/Sep/2026 16:21:23] "GET /docs/assets/css/geoportal-experience.css?v=0.10.49 HTTP/1.1" 200 -
[WebServer] ::ffff:127.0.0.1 - - [03/Sep/2026 16:21:23] "GET /docs/assets/css/geoportal-core.css?v=0.10.49 HTTP/1.1" 200 -
[WebServer] ::ffff:127.0.0.1 - - [03/Sep/2026 16:21:23] "GET /docs/assets/css/geoportal-mobile.css?v=0.10.49 HTTP/1.1" 200 -
[WebServer] ::ffff:127.0.0.1 - - [03/Sep/2026 16:21:23] "GET /docs/assets/js/vendor/leaflet-heat.js HTTP/1.1" 200 -
[WebServer] ::ffff:127.0.0.1 - - [03/Sep/2026 16:21:23] "GET /docs/assets/js/vendor/simple-statistics.min.js HTTP/1.1" 200 -
[WebServer] ::ffff:127.0.0.1 - - [03/Sep/2026 16:21:23] "GET /docs/assets/js/vendor/driver.min.js HTTP/1.1" 200 -
[WebServer] ::ffff:127.0.0.1 - - [03/Sep/2026 16:21:23] "GET /docs/assets/js/vendor/html2canvas.min.js HTTP/1.1" 200 -
[WebServer] ::ffff:127.0.0.1 - - [03/Sep/2026 16:21:23] "GET /docs/assets/js/vendor/jspdf.umd.min.js HTTP/1.1" 200 -
[WebServer] ::ffff:127.0.0.1 - - [03/Sep/2026 16:21:23] "GET /docs/assets/js/geoportal-classification.js?v=0.10.49 HTTP/1.1" 200 -
[WebServer] ::ffff:127.0.0.1 - - [03/Sep/2026 16:21:23] "GET /docs/assets/js/geoportal-registry.js?v=0.10.49 HTTP/1.1" 200 -
[WebServer] ::ffff:127.0.0.1 - - [03/Sep/2026 16:21:24] "GET /docs/assets/js/geoportal-overlay-state.js?v=0.10.49 HTTP/1.1" 200 -
[WebServer] ::ffff:127.0.0.1 - - [03/Sep/2026 16:21:24] "GET /docs/assets/js/geoportal-ant-layer.js?v=0.10.49 HTTP/1.1" 200 -
[WebServer] ::ffff:127.0.0.1 - - [03/Sep/2026 16:21:24] "GET /docs/assets/js/geoportal-experience.js?v=0.10.49 HTTP/1.1" 200 -
[WebServer] ::ffff:127.0.0.1 - - [03/Sep/2026 16:21:24] "GET /docs/assets/js/geoportal-state.js?v=0.10.49 HTTP/1.1" 200 -
[WebServer] ::ffff:127.0.0.1 - - [03/Sep/2026 16:21:24] "GET /docs/assets/js/geoportal-territories.js?v=0.10.49 HTTP/1.1" 200 -
[WebServer] ::ffff:127.0.0.1 - - [03/Sep/2026 16:21:24] "GET /docs/assets/js/geoportal-panels.js?v=0.10.49 HTTP/1.1" 200 -
[WebServer] ::ffff:127.0.0.1 - - [03/Sep/2026 16:21:24] "GET /docs/assets/js/geoportal-institutional.js?v=0.10.49 HTTP/1.1" 200 -
[WebServer] ::ffff:127.0.0.1 - - [03/Sep/2026 16:21:24] "GET /docs/assets/js/geoportal-tour.js?v=0.10.49 HTTP/1.1" 200 -
[WebServer] ::ffff:127.0.0.1 - - [03/Sep/2026 16:21:24] "GET /docs/assets/js/geoportal-catalogo.js?v=0.10.49 HTTP/1.1" 200 -
[WebServer] ::ffff:127.0.0.1 - - [03/Sep/2026 16:21:24] "GET /docs/assets/js/geoportal-app.js?v=0.10.49 HTTP/1.1" 200 -
[WebServer] ::ffff:127.0.0.1 - - [03/Sep/2026 16:21:24] "GET /docs/assets/img/redsa-isotipo-oficial.png HTTP/1.1" 200 -
[WebServer] ::ffff:127.0.0.1 - - [03/Sep/2026 16:21:24] "GET /docs/assets/img/loader-ecuador-contorno.svg HTTP/1.1" 200 -
[WebServer] ::ffff:127.0.0.1 - - [03/Sep/2026 16:21:24] "GET /docs/assets/img/loader-vias-principales.svg HTTP/1.1" 200 -
[WebServer] ::ffff:127.0.0.1 - - [03/Sep/2026 16:21:24] "GET /docs/data/provincias_wgs84.geojson HTTP/1.1" 200 -
[WebServer] ::ffff:127.0.0.1 - - [03/Sep/2026 16:21:24] "GET /docs/data/cantones_indice.json HTTP/1.1" 200 -
[WebServer] ::ffff:127.0.0.1 - - [03/Sep/2026 16:21:26] "GET /docs/ HTTP/1.1" 200 -
[WebServer] ::ffff:127.0.0.1 - - [03/Sep/2026 16:21:26] "GET /docs/assets/css/driver.css HTTP/1.1" 200 -
[WebServer] ::ffff:127.0.0.1 - - [03/Sep/2026 16:21:26] "GET /docs/assets/css/geoportal-core.css?v=0.10.49 HTTP/1.1" 200 -
[WebServer] ::ffff:127.0.0.1 - - [03/Sep/2026 16:21:26] "GET /docs/assets/css/geoportal-experience.css?v=0.10.49 HTTP/1.1" 200 -
[WebServer] ::ffff:127.0.0.1 - - [03/Sep/2026 16:21:26] "GET /docs/assets/css/geoportal-mobile.css?v=0.10.49 HTTP/1.1" 200 -
[WebServer] ::ffff:127.0.0.1 - - [03/Sep/2026 16:21:26] "GET /docs/assets/js/vendor/leaflet-heat.js HTTP/1.1" 200 -
[WebServer] ::ffff:127.0.0.1 - - [03/Sep/2026 16:21:26] "GET /docs/assets/js/vendor/simple-statistics.min.js HTTP/1.1" 200 -
[WebServer] ::ffff:127.0.0.1 - - [03/Sep/2026 16:21:26] "GET /docs/assets/js/vendor/driver.min.js HTTP/1.1" 200 -
[WebServer] ::ffff:127.0.0.1 - - [03/Sep/2026 16:21:26] "GET /docs/assets/js/vendor/html2canvas.min.js HTTP/1.1" 200 -
[WebServer] ::ffff:127.0.0.1 - - [03/Sep/2026 16:21:26] "GET /docs/assets/js/vendor/jspdf.umd.min.js HTTP/1.1" 200 -
[WebServer] ::ffff:127.0.0.1 - - [03/Sep/2026 16:21:26] "GET /docs/assets/js/geoportal-classification.js?v=0.10.49 HTTP/1.1" 200 -
[WebServer] ::ffff:127.0.0.1 - - [03/Sep/2026 16:21:26] "GET /docs/assets/js/geoportal-registry.js?v=0.10.49 HTTP/1.1" 200 -
[WebServer] ::ffff:127.0.0.1 - - [03/Sep/2026 16:21:26] "GET /docs/assets/js/geoportal-overlay-state.js?v=0.10.49 HTTP/1.1" 200 -
[WebServer] ::ffff:127.0.0.1 - - [03/Sep/2026 16:21:26] "GET /docs/assets/js/geoportal-ant-layer.js?v=0.10.49 HTTP/1.1" 200 -
[WebServer] ::ffff:127.0.0.1 - - [03/Sep/2026 16:21:26] "GET /docs/assets/js/geoportal-experience.js?v=0.10.49 HTTP/1.1" 200 -
[WebServer] ::ffff:127.0.0.1 - - [03/Sep/2026 16:21:26] "GET /docs/assets/js/geoportal-state.js?v=0.10.49 HTTP/1.1" 200 -
[WebServer] ::ffff:127.0.0.1 - - [03/Sep/2026 16:21:26] "GET /docs/assets/js/geoportal-territories.js?v=0.10.49 HTTP/1.1" 200 -
[WebServer] ::ffff:127.0.0.1 - - [03/Sep/2026 16:21:26] "GET /docs/assets/js/geoportal-panels.js?v=0.10.49 HTTP/1.1" 200 -
[WebServer] ::ffff:127.0.0.1 - - [03/Sep/2026 16:21:26] "GET /docs/assets/js/geoportal-institutional.js?v=0.10.49 HTTP/1.1" 200 -
[WebServer] ::ffff:127.0.0.1 - - [03/Sep/2026 16:21:26] "GET /docs/assets/js/geoportal-tour.js?v=0.10.49 HTTP/1.1" 200 -
[WebServer] ::ffff:127.0.0.1 - - [03/Sep/2026 16:21:26] "GET /docs/data/cantones_wgs84.geojson HTTP/1.1" 200 -
[WebServer] ::ffff:127.0.0.1 - - [03/Sep/2026 16:21:26] "GET /docs/data/hotspots_cantonales.json HTTP/1.1" 200 -
[WebServer] ::ffff:127.0.0.1 - - [03/Sep/2026 16:21:26] "GET /docs/assets/js/geoportal-catalogo.js?v=0.10.49 HTTP/1.1" 200 -
[WebServer] ::ffff:127.0.0.1 - - [03/Sep/2026 16:21:26] "GET /docs/assets/js/geoportal-app.js?v=0.10.49 HTTP/1.1" 200 -
[WebServer] ::ffff:127.0.0.1 - - [03/Sep/2026 16:21:26] "GET /docs/assets/img/redsa-isotipo-oficial.png HTTP/1.1" 200 -
[WebServer] ::ffff:127.0.0.1 - - [03/Sep/2026 16:21:26] "GET /docs/assets/img/loader-ecuador-contorno.svg HTTP/1.1" 200 -
[WebServer] ::ffff:127.0.0.1 - - [03/Sep/2026 16:21:26] "GET /docs/assets/img/loader-vias-principales.svg HTTP/1.1" 200 -
[WebServer] ::ffff:127.0.0.1 - - [03/Sep/2026 16:21:27] "GET /docs/data/provincias_wgs84.geojson HTTP/1.1" 200 -
[WebServer] ::ffff:127.0.0.1 - - [03/Sep/2026 16:21:27] "GET /docs/data/cantones_indice.json HTTP/1.1" 200 -
[WebServer] ::ffff:127.0.0.1 - - [03/Sep/2026 16:21:30] "GET /docs/ HTTP/1.1" 200 -
[WebServer] ::ffff:127.0.0.1 - - [03/Sep/2026 16:21:30] "GET /docs/assets/css/driver.css HTTP/1.1" 200 -
[WebServer] ::ffff:127.0.0.1 - - [03/Sep/2026 16:21:30] "GET /docs/assets/css/geoportal-core.css?v=0.10.49 HTTP/1.1" 200 -
[WebServer] ::ffff:127.0.0.1 - - [03/Sep/2026 16:21:30] "GET /docs/assets/css/geoportal-experience.css?v=0.10.49 HTTP/1.1" 200 -
[WebServer] ::ffff:127.0.0.1 - - [03/Sep/2026 16:21:30] "GET /docs/assets/css/geoportal-mobile.css?v=0.10.49 HTTP/1.1" 200 -
[WebServer] ::ffff:127.0.0.1 - - [03/Sep/2026 16:21:30] "GET /docs/assets/js/vendor/leaflet-heat.js HTTP/1.1" 200 -
[WebServer] ::ffff:127.0.0.1 - - [03/Sep/2026 16:21:30] "GET /docs/assets/js/vendor/simple-statistics.min.js HTTP/1.1" 200 -
[WebServer] ::ffff:127.0.0.1 - - [03/Sep/2026 16:21:30] "GET /docs/assets/js/vendor/driver.min.js HTTP/1.1" 200 -
[WebServer] ::ffff:127.0.0.1 - - [03/Sep/2026 16:21:30] "GET /docs/assets/js/vendor/html2canvas.min.js HTTP/1.1" 200 -
[WebServer] ::ffff:127.0.0.1 - - [03/Sep/2026 16:21:30] "GET /docs/assets/js/vendor/jspdf.umd.min.js HTTP/1.1" 200 -
[WebServer] ::ffff:127.0.0.1 - - [03/Sep/2026 16:21:30] "GET /docs/assets/js/geoportal-classification.js?v=0.10.49 HTTP/1.1" 200 -
[WebServer] ::ffff:127.0.0.1 - - [03/Sep/2026 16:21:30] "GET /docs/assets/js/geoportal-registry.js?v=0.10.49 HTTP/1.1" 200 -
[WebServer] ::ffff:127.0.0.1 - - [03/Sep/2026 16:21:30] "GET /docs/assets/js/geoportal-overlay-state.js?v=0.10.49 HTTP/1.1" 200 -
[WebServer] ::ffff:127.0.0.1 - - [03/Sep/2026 16:21:30] "GET /docs/assets/js/geoportal-ant-layer.js?v=0.10.49 HTTP/1.1" 200 -
[WebServer] ::ffff:127.0.0.1 - - [03/Sep/2026 16:21:30] "GET /docs/assets/js/geoportal-experience.js?v=0.10.49 HTTP/1.1" 200 -
[WebServer] ::ffff:127.0.0.1 - - [03/Sep/2026 16:21:30] "GET /docs/assets/js/geoportal-state.js?v=0.10.49 HTTP/1.1" 200 -
[WebServer] ::ffff:127.0.0.1 - - [03/Sep/2026 16:21:30] "GET /docs/assets/js/geoportal-territories.js?v=0.10.49 HTTP/1.1" 200 -
[WebServer] ::ffff:127.0.0.1 - - [03/Sep/2026 16:21:30] "GET /docs/assets/js/geoportal-panels.js?v=0.10.49 HTTP/1.1" 200 -
[WebServer] ::ffff:127.0.0.1 - - [03/Sep/2026 16:21:30] "GET /docs/assets/js/geoportal-institutional.js?v=0.10.49 HTTP/1.1" 200 -
[WebServer] ::ffff:127.0.0.1 - - [03/Sep/2026 16:21:30] "GET /docs/assets/js/geoportal-tour.js?v=0.10.49 HTTP/1.1" 200 -
[WebServer] ::ffff:127.0.0.1 - - [03/Sep/2026 16:21:30] "GET /docs/assets/js/geoportal-catalogo.js?v=0.10.49 HTTP/1.1" 200 -
[WebServer] ::ffff:127.0.0.1 - - [03/Sep/2026 16:21:30] "GET /docs/assets/js/geoportal-app.js?v=0.10.49 HTTP/1.1" 200 -
[WebServer] ::ffff:127.0.0.1 - - [03/Sep/2026 16:21:30] "GET /docs/assets/img/redsa-isotipo-oficial.png HTTP/1.1" 200 -
[WebServer] ::ffff:127.0.0.1 - - [03/Sep/2026 16:21:30] "GET /docs/assets/img/loader-ecuador-contorno.svg HTTP/1.1" 200 -
[WebServer] ::ffff:127.0.0.1 - - [03/Sep/2026 16:21:30] "GET /docs/assets/img/loader-vias-principales.svg HTTP/1.1" 200 -
[WebServer] ::ffff:127.0.0.1 - - [03/Sep/2026 16:21:31] "GET /docs/data/provincias_wgs84.geojson HTTP/1.1" 200 -
[WebServer] ::ffff:127.0.0.1 - - [03/Sep/2026 16:21:31] "GET /docs/data/cantones_indice.json HTTP/1.1" 200 -
[WebServer] ::ffff:127.0.0.1 - - [03/Sep/2026 16:21:31] "GET /docs/ HTTP/1.1" 200 -
[WebServer] ::ffff:127.0.0.1 - - [03/Sep/2026 16:21:31] "GET /docs/assets/css/driver.css HTTP/1.1" 200 -
[WebServer] ::ffff:127.0.0.1 - - [03/Sep/2026 16:21:31] "GET /docs/assets/css/geoportal-core.css?v=0.10.49 HTTP/1.1" 200 -
[WebServer] ::ffff:127.0.0.1 - - [03/Sep/2026 16:21:31] "GET /docs/assets/css/geoportal-experience.css?v=0.10.49 HTTP/1.1" 200 -
[WebServer] ::ffff:127.0.0.1 - - [03/Sep/2026 16:21:31] "GET /docs/assets/css/geoportal-mobile.css?v=0.10.49 HTTP/1.1" 200 -
[WebServer] ::ffff:127.0.0.1 - - [03/Sep/2026 16:21:31] "GET /docs/assets/js/vendor/leaflet-heat.js HTTP/1.1" 200 -
[WebServer] ::ffff:127.0.0.1 - - [03/Sep/2026 16:21:31] "GET /docs/assets/js/vendor/simple-statistics.min.js HTTP/1.1" 200 -
[WebServer] ::ffff:127.0.0.1 - - [03/Sep/2026 16:21:31] "GET /docs/assets/js/vendor/driver.min.js HTTP/1.1" 200 -
[WebServer] ::ffff:127.0.0.1 - - [03/Sep/2026 16:21:31] "GET /docs/assets/js/vendor/html2canvas.min.js HTTP/1.1" 200 -
[WebServer] ::ffff:127.0.0.1 - - [03/Sep/2026 16:21:31] "GET /docs/assets/js/vendor/jspdf.umd.min.js HTTP/1.1" 200 -
[WebServer] ::ffff:127.0.0.1 - - [03/Sep/2026 16:21:31] "GET /docs/assets/js/geoportal-classification.js?v=0.10.49 HTTP/1.1" 200 -
[WebServer] ::ffff:127.0.0.1 - - [03/Sep/2026 16:21:31] "GET /docs/assets/js/geoportal-registry.js?v=0.10.49 HTTP/1.1" 200 -
[WebServer] ::ffff:127.0.0.1 - - [03/Sep/2026 16:21:31] "GET /docs/assets/js/geoportal-overlay-state.js?v=0.10.49 HTTP/1.1" 200 -
[WebServer] ::ffff:127.0.0.1 - - [03/Sep/2026 16:21:31] "GET /docs/assets/js/geoportal-ant-layer.js?v=0.10.49 HTTP/1.1" 200 -
[WebServer] ::ffff:127.0.0.1 - - [03/Sep/2026 16:21:31] "GET /docs/assets/js/geoportal-experience.js?v=0.10.49 HTTP/1.1" 200 -
[WebServer] ::ffff:127.0.0.1 - - [03/Sep/2026 16:21:31] "GET /docs/assets/js/geoportal-state.js?v=0.10.49 HTTP/1.1" 200 -
[WebServer] ::ffff:127.0.0.1 - - [03/Sep/2026 16:21:31] "GET /docs/assets/js/geoportal-territories.js?v=0.10.49 HTTP/1.1" 200 -
[WebServer] ::ffff:127.0.0.1 - - [03/Sep/2026 16:21:31] "GET /docs/assets/js/geoportal-panels.js?v=0.10.49 HTTP/1.1" 200 -
[WebServer] ::ffff:127.0.0.1 - - [03/Sep/2026 16:21:31] "GET /docs/assets/js/geoportal-institutional.js?v=0.10.49 HTTP/1.1" 200 -
[WebServer] ::ffff:127.0.0.1 - - [03/Sep/2026 16:21:31] "GET /docs/assets/js/geoportal-tour.js?v=0.10.49 HTTP/1.1" 200 -
[WebServer] ::ffff:127.0.0.1 - - [03/Sep/2026 16:21:31] "GET /docs/assets/js/geoportal-catalogo.js?v=0.10.49 HTTP/1.1" 200 -
[WebServer] ::ffff:127.0.0.1 - - [03/Sep/2026 16:21:31] "GET /docs/assets/js/geoportal-app.js?v=0.10.49 HTTP/1.1" 200 -
[WebServer] ::ffff:127.0.0.1 - - [03/Sep/2026 16:21:31] "GET /docs/assets/img/redsa-isotipo-oficial.png HTTP/1.1" 200 -
[WebServer] ::ffff:127.0.0.1 - - [03/Sep/2026 16:21:31] "GET /docs/assets/img/loader-vias-principales.svg HTTP/1.1" 200 -
[WebServer] ::ffff:127.0.0.1 - - [03/Sep/2026 16:21:31] "GET /docs/assets/img/loader-ecuador-contorno.svg HTTP/1.1" 200 -
[WebServer] ::ffff:127.0.0.1 - - [03/Sep/2026 16:21:32] "GET /docs/data/parroquias_wgs84.geojson HTTP/1.1" 200 -
[WebServer] ::ffff:127.0.0.1 - - [03/Sep/2026 16:21:32] "GET /docs/data/provincias_wgs84.geojson HTTP/1.1" 200 -
[WebServer] ::ffff:127.0.0.1 - - [03/Sep/2026 16:21:32] "GET /docs/data/cantones_indice.json HTTP/1.1" 200 -
[WebServer] ::ffff:127.0.0.1 - - [03/Sep/2026 16:21:35] "GET /docs/ HTTP/1.1" 200 -
[WebServer] ::ffff:127.0.0.1 - - [03/Sep/2026 16:21:35] "GET /docs/index.html HTTP/1.1" 200 -
[WebServer] ::ffff:127.0.0.1 - - [03/Sep/2026 16:21:35] "GET /docs/assets/css/driver.css HTTP/1.1" 200 -
[WebServer] ::ffff:127.0.0.1 - - [03/Sep/2026 16:21:35] "GET /docs/assets/css/geoportal-core.css?v=0.10.49 HTTP/1.1" 200 -
[WebServer] ::ffff:127.0.0.1 - - [03/Sep/2026 16:21:35] "GET /docs/assets/css/geoportal-experience.css?v=0.10.49 HTTP/1.1" 200 -
[WebServer] ::ffff:127.0.0.1 - - [03/Sep/2026 16:21:35] "GET /docs/assets/css/geoportal-mobile.css?v=0.10.49 HTTP/1.1" 200 -
[WebServer] ::ffff:127.0.0.1 - - [03/Sep/2026 16:21:35] "GET /docs/assets/js/vendor/leaflet-heat.js HTTP/1.1" 200 -
[WebServer] ::ffff:127.0.0.1 - - [03/Sep/2026 16:21:35] "GET /docs/assets/css/driver.css HTTP/1.1" 200 -
[WebServer] ::ffff:127.0.0.1 - - [03/Sep/2026 16:21:35] "GET /docs/assets/js/vendor/simple-statistics.min.js HTTP/1.1" 200 -
[WebServer] ::ffff:127.0.0.1 - - [03/Sep/2026 16:21:35] "GET /docs/assets/css/geoportal-core.css?v=0.10.49 HTTP/1.1" 200 -
[WebServer] ::ffff:127.0.0.1 - - [03/Sep/2026 16:21:35] "GET /docs/assets/js/vendor/driver.min.js HTTP/1.1" 200 -
[WebServer] ::ffff:127.0.0.1 - - [03/Sep/2026 16:21:35] "GET /docs/assets/js/vendor/html2canvas.min.js HTTP/1.1" 200 -
[WebServer] ::ffff:127.0.0.1 - - [03/Sep/2026 16:21:35] "GET /docs/assets/js/vendor/jspdf.umd.min.js HTTP/1.1" 200 -
[WebServer] ::ffff:127.0.0.1 - - [03/Sep/2026 16:21:35] "GET /docs/assets/js/geoportal-classification.js?v=0.10.49 HTTP/1.1" 200 -
[WebServer] ::ffff:127.0.0.1 - - [03/Sep/2026 16:21:35] "GET /docs/assets/js/geoportal-registry.js?v=0.10.49 HTTP/1.1" 200 -
[WebServer] ::ffff:127.0.0.1 - - [03/Sep/2026 16:21:35] "GET /docs/assets/js/geoportal-overlay-state.js?v=0.10.49 HTTP/1.1" 200 -
[WebServer] ::ffff:127.0.0.1 - - [03/Sep/2026 16:21:35] "GET /docs/assets/js/geoportal-ant-layer.js?v=0.10.49 HTTP/1.1" 200 -
[WebServer] ::ffff:127.0.0.1 - - [03/Sep/2026 16:21:35] "GET /docs/assets/js/geoportal-experience.js?v=0.10.49 HTTP/1.1" 200 -
[WebServer] ::ffff:127.0.0.1 - - [03/Sep/2026 16:21:35] "GET /docs/assets/js/geoportal-state.js?v=0.10.49 HTTP/1.1" 200 -
[WebServer] ::ffff:127.0.0.1 - - [03/Sep/2026 16:21:35] "GET /docs/assets/js/geoportal-territories.js?v=0.10.49 HTTP/1.1" 200 -
[WebServer] ::ffff:127.0.0.1 - - [03/Sep/2026 16:21:35] "GET /docs/assets/js/geoportal-panels.js?v=0.10.49 HTTP/1.1" 200 -
[WebServer] ::ffff:127.0.0.1 - - [03/Sep/2026 16:21:35] "GET /docs/assets/js/geoportal-institutional.js?v=0.10.49 HTTP/1.1" 200 -
[WebServer] ::ffff:127.0.0.1 - - [03/Sep/2026 16:21:35] "GET /docs/assets/js/geoportal-tour.js?v=0.10.49 HTTP/1.1" 200 -
[WebServer] ::ffff:127.0.0.1 - - [03/Sep/2026 16:21:35] "GET /docs/assets/js/geoportal-catalogo.js?v=0.10.49 HTTP/1.1" 200 -
[WebServer] ::ffff:127.0.0.1 - - [03/Sep/2026 16:21:35] "GET /docs/assets/js/geoportal-app.js?v=0.10.49 HTTP/1.1" 200 -
[WebServer] ::ffff:127.0.0.1 - - [03/Sep/2026 16:21:35] "GET /docs/assets/img/redsa-isotipo-oficial.png HTTP/1.1" 200 -
[WebServer] ::ffff:127.0.0.1 - - [03/Sep/2026 16:21:35] "GET /docs/assets/img/loader-ecuador-contorno.svg HTTP/1.1" 200 -
[WebServer] ::ffff:127.0.0.1 - - [03/Sep/2026 16:21:35] "GET /docs/assets/img/loader-vias-principales.svg HTTP/1.1" 200 -
[WebServer] ::ffff:127.0.0.1 - - [03/Sep/2026 16:21:35] "GET /docs/assets/css/geoportal-experience.css?v=0.10.49 HTTP/1.1" 200 -
[WebServer] ::ffff:127.0.0.1 - - [03/Sep/2026 16:21:35] "GET /docs/assets/css/geoportal-mobile.css?v=0.10.49 HTTP/1.1" 200 -
[WebServer] ::ffff:127.0.0.1 - - [03/Sep/2026 16:21:35] "GET /docs/assets/js/vendor/leaflet-heat.js HTTP/1.1" 200 -
[WebServer] ::ffff:127.0.0.1 - - [03/Sep/2026 16:21:35] "GET /docs/assets/js/vendor/driver.min.js HTTP/1.1" 200 -
[WebServer] ::ffff:127.0.0.1 - - [03/Sep/2026 16:21:35] "GET /docs/assets/js/vendor/simple-statistics.min.js HTTP/1.1" 200 -
[WebServer] ::ffff:127.0.0.1 - - [03/Sep/2026 16:21:36] "GET /docs/assets/js/vendor/html2canvas.min.js HTTP/1.1" 200 -
[WebServer] ::ffff:127.0.0.1 - - [03/Sep/2026 16:21:36] "GET /docs/assets/js/vendor/jspdf.umd.min.js HTTP/1.1" 200 -
[WebServer] ::ffff:127.0.0.1 - - [03/Sep/2026 16:21:36] "GET /docs/assets/js/geoportal-classification.js?v=0.10.49 HTTP/1.1" 200 -
[WebServer] ::ffff:127.0.0.1 - - [03/Sep/2026 16:21:36] "GET /docs/assets/js/geoportal-registry.js?v=0.10.49 HTTP/1.1" 200 -
[WebServer] ::ffff:127.0.0.1 - - [03/Sep/2026 16:21:36] "GET /docs/assets/js/geoportal-overlay-state.js?v=0.10.49 HTTP/1.1" 200 -
[WebServer] ::ffff:127.0.0.1 - - [03/Sep/2026 16:21:36] "GET /docs/assets/js/geoportal-ant-layer.js?v=0.10.49 HTTP/1.1" 200 -
[WebServer] ::ffff:127.0.0.1 - - [03/Sep/2026 16:21:36] "GET /docs/assets/js/geoportal-experience.js?v=0.10.49 HTTP/1.1" 200 -
[WebServer] ::ffff:127.0.0.1 - - [03/Sep/2026 16:21:36] "GET /docs/assets/js/geoportal-state.js?v=0.10.49 HTTP/1.1" 200 -
[WebServer] ::ffff:127.0.0.1 - - [03/Sep/2026 16:21:36] "GET /docs/assets/js/geoportal-territories.js?v=0.10.49 HTTP/1.1" 200 -
[WebServer] ::ffff:127.0.0.1 - - [03/Sep/2026 16:21:36] "GET /docs/assets/js/geoportal-panels.js?v=0.10.49 HTTP/1.1" 200 -
[WebServer] ::ffff:127.0.0.1 - - [03/Sep/2026 16:21:36] "GET /docs/assets/js/geoportal-institutional.js?v=0.10.49 HTTP/1.1" 200 -
[WebServer] ::ffff:127.0.0.1 - - [03/Sep/2026 16:21:36] "GET /docs/assets/js/geoportal-tour.js?v=0.10.49 HTTP/1.1" 200 -
[WebServer] ::ffff:127.0.0.1 - - [03/Sep/2026 16:21:36] "GET /docs/assets/js/geoportal-catalogo.js?v=0.10.49 HTTP/1.1" 200 -
[WebServer] ::ffff:127.0.0.1 - - [03/Sep/2026 16:21:36] "GET /docs/assets/js/geoportal-app.js?v=0.10.49 HTTP/1.1" 200 -
[WebServer] ::ffff:127.0.0.1 - - [03/Sep/2026 16:21:36] "GET /docs/assets/img/redsa-isotipo-oficial.png HTTP/1.1" 200 -
[WebServer] ::ffff:127.0.0.1 - - [03/Sep/2026 16:21:36] "GET /docs/assets/img/loader-ecuador-contorno.svg HTTP/1.1" 200 -
[WebServer] ::ffff:127.0.0.1 - - [03/Sep/2026 16:21:36] "GET /docs/assets/img/loader-vias-principales.svg HTTP/1.1" 200 -
[WebServer] ::ffff:127.0.0.1 - - [03/Sep/2026 16:21:36] "GET /docs/data/provincias_wgs84.geojson HTTP/1.1" 200 -
[WebServer] ::ffff:127.0.0.1 - - [03/Sep/2026 16:21:36] "GET /docs/data/cantones_indice.json HTTP/1.1" 200 -
[WebServer] ::ffff:127.0.0.1 - - [03/Sep/2026 16:21:36] "GET /docs/data/provincias_wgs84.geojson HTTP/1.1" 200 -
[WebServer] ::ffff:127.0.0.1 - - [03/Sep/2026 16:21:36] "GET /docs/data/cantones_indice.json HTTP/1.1" 200 -
[WebServer] ::ffff:127.0.0.1 - - [03/Sep/2026 16:21:37] "GET /docs/data/cantones_wgs84.geojson HTTP/1.1" 200 -
[WebServer] ::ffff:127.0.0.1 - - [03/Sep/2026 16:21:37] "GET /docs/data/hotspots_cantonales.json HTTP/1.1" 200 -
[WebServer] ::ffff:127.0.0.1 - - [03/Sep/2026 16:21:38] "GET /docs/data/parroquias_wgs84.geojson HTTP/1.1" 200 -
[WebServer] ::ffff:127.0.0.1 - - [03/Sep/2026 16:21:38] "GET /docs/index.html HTTP/1.1" 200 -
[WebServer] ::ffff:127.0.0.1 - - [03/Sep/2026 16:21:38] "GET /docs/assets/css/driver.css HTTP/1.1" 200 -
[WebServer] ::ffff:127.0.0.1 - - [03/Sep/2026 16:21:39] "GET /docs/assets/css/geoportal-core.css?v=0.10.49 HTTP/1.1" 200 -
[WebServer] ::ffff:127.0.0.1 - - [03/Sep/2026 16:21:39] "GET /docs/assets/css/geoportal-experience.css?v=0.10.49 HTTP/1.1" 200 -
[WebServer] ::ffff:127.0.0.1 - - [03/Sep/2026 16:21:39] "GET /docs/assets/css/geoportal-mobile.css?v=0.10.49 HTTP/1.1" 200 -
[WebServer] ::ffff:127.0.0.1 - - [03/Sep/2026 16:21:39] "GET /docs/assets/js/vendor/leaflet-heat.js HTTP/1.1" 200 -
[WebServer] ::ffff:127.0.0.1 - - [03/Sep/2026 16:21:39] "GET /docs/assets/js/vendor/simple-statistics.min.js HTTP/1.1" 200 -
[WebServer] ::ffff:127.0.0.1 - - [03/Sep/2026 16:21:39] "GET /docs/assets/js/vendor/driver.min.js HTTP/1.1" 200 -
[WebServer] ::ffff:127.0.0.1 - - [03/Sep/2026 16:21:39] "GET /docs/assets/js/vendor/html2canvas.min.js HTTP/1.1" 200 -
[WebServer] ::ffff:127.0.0.1 - - [03/Sep/2026 16:21:39] "GET /docs/assets/js/vendor/jspdf.umd.min.js HTTP/1.1" 200 -
[WebServer] ::ffff:127.0.0.1 - - [03/Sep/2026 16:21:39] "GET /docs/assets/js/geoportal-classification.js?v=0.10.49 HTTP/1.1" 200 -
[WebServer] ::ffff:127.0.0.1 - - [03/Sep/2026 16:21:39] "GET /docs/assets/js/geoportal-registry.js?v=0.10.49 HTTP/1.1" 200 -
[WebServer] ::ffff:127.0.0.1 - - [03/Sep/2026 16:21:39] "GET /docs/assets/js/geoportal-overlay-state.js?v=0.10.49 HTTP/1.1" 200 -
[WebServer] ::ffff:127.0.0.1 - - [03/Sep/2026 16:21:39] "GET /docs/assets/js/geoportal-ant-layer.js?v=0.10.49 HTTP/1.1" 200 -
[WebServer] ::ffff:127.0.0.1 - - [03/Sep/2026 16:21:39] "GET /docs/assets/js/geoportal-experience.js?v=0.10.49 HTTP/1.1" 200 -
[WebServer] ::ffff:127.0.0.1 - - [03/Sep/2026 16:21:39] "GET /docs/assets/js/geoportal-state.js?v=0.10.49 HTTP/1.1" 200 -
[WebServer] ::ffff:127.0.0.1 - - [03/Sep/2026 16:21:39] "GET /docs/assets/js/geoportal-territories.js?v=0.10.49 HTTP/1.1" 200 -
[WebServer] ::ffff:127.0.0.1 - - [03/Sep/2026 16:21:39] "GET /docs/assets/js/geoportal-panels.js?v=0.10.49 HTTP/1.1" 200 -
[WebServer] ::ffff:127.0.0.1 - - [03/Sep/2026 16:21:39] "GET /docs/assets/js/geoportal-institutional.js?v=0.10.49 HTTP/1.1" 200 -
[WebServer] ::ffff:127.0.0.1 - - [03/Sep/2026 16:21:39] "GET /docs/assets/js/geoportal-tour.js?v=0.10.49 HTTP/1.1" 200 -
[WebServer] ::ffff:127.0.0.1 - - [03/Sep/2026 16:21:39] "GET /docs/assets/js/geoportal-catalogo.js?v=0.10.49 HTTP/1.1" 200 -
[WebServer] ::ffff:127.0.0.1 - - [03/Sep/2026 16:21:39] "GET /docs/assets/js/geoportal-app.js?v=0.10.49 HTTP/1.1" 200 -
[WebServer] ::ffff:127.0.0.1 - - [03/Sep/2026 16:21:39] "GET /docs/assets/img/redsa-isotipo-oficial.png HTTP/1.1" 200 -
[WebServer] ::ffff:127.0.0.1 - - [03/Sep/2026 16:21:39] "GET /docs/assets/img/loader-ecuador-contorno.svg HTTP/1.1" 200 -
[WebServer] ::ffff:127.0.0.1 - - [03/Sep/2026 16:21:39] "GET /docs/assets/img/loader-vias-principales.svg HTTP/1.1" 200 -
[WebServer] ::ffff:127.0.0.1 - - [03/Sep/2026 16:21:39] "GET /docs/data/provincias_wgs84.geojson HTTP/1.1" 200 -
[WebServer] ::ffff:127.0.0.1 - - [03/Sep/2026 16:21:40] "GET /docs/data/cantones_indice.json HTTP/1.1" 200 -
[WebServer] ::ffff:127.0.0.1 - - [03/Sep/2026 16:21:41] "GET /docs/ HTTP/1.1" 200 -
[WebServer] ::ffff:127.0.0.1 - - [03/Sep/2026 16:21:41] "GET /docs/assets/css/driver.css HTTP/1.1" 200 -
[WebServer] ::ffff:127.0.0.1 - - [03/Sep/2026 16:21:41] "GET /docs/assets/css/geoportal-core.css?v=0.10.49 HTTP/1.1" 200 -
[WebServer] ::ffff:127.0.0.1 - - [03/Sep/2026 16:21:41] "GET /docs/assets/css/geoportal-experience.css?v=0.10.49 HTTP/1.1" 200 -
[WebServer] ::ffff:127.0.0.1 - - [03/Sep/2026 16:21:41] "GET /docs/assets/css/geoportal-mobile.css?v=0.10.49 HTTP/1.1" 200 -
[WebServer] ::ffff:127.0.0.1 - - [03/Sep/2026 16:21:41] "GET /docs/assets/js/vendor/leaflet-heat.js HTTP/1.1" 200 -
[WebServer] ::ffff:127.0.0.1 - - [03/Sep/2026 16:21:41] "GET /docs/assets/js/vendor/simple-statistics.min.js HTTP/1.1" 200 -
[WebServer] ::ffff:127.0.0.1 - - [03/Sep/2026 16:21:41] "GET /docs/assets/js/vendor/driver.min.js HTTP/1.1" 200 -
[WebServer] ::ffff:127.0.0.1 - - [03/Sep/2026 16:21:41] "GET /docs/assets/js/vendor/html2canvas.min.js HTTP/1.1" 200 -
[WebServer] ::ffff:127.0.0.1 - - [03/Sep/2026 16:21:41] "GET /docs/assets/js/vendor/jspdf.umd.min.js HTTP/1.1" 200 -
[WebServer] ::ffff:127.0.0.1 - - [03/Sep/2026 16:21:42] "GET /docs/assets/js/ant-layer-worker.js?v=0.10.49 HTTP/1.1" 200 -
[WebServer] ::ffff:127.0.0.1 - - [03/Sep/2026 16:21:42] "GET /docs/assets/js/geoportal-classification.js?v=0.10.49 HTTP/1.1" 200 -
[WebServer] ::ffff:127.0.0.1 - - [03/Sep/2026 16:21:42] "GET /docs/assets/js/geoportal-registry.js?v=0.10.49 HTTP/1.1" 200 -
[WebServer] ::ffff:127.0.0.1 - - [03/Sep/2026 16:21:42] "GET /docs/assets/js/geoportal-overlay-state.js?v=0.10.49 HTTP/1.1" 200 -
[WebServer] ::ffff:127.0.0.1 - - [03/Sep/2026 16:21:42] "GET /docs/assets/js/geoportal-ant-layer.js?v=0.10.49 HTTP/1.1" 200 -
[WebServer] ::ffff:127.0.0.1 - - [03/Sep/2026 16:21:42] "GET /docs/assets/js/geoportal-experience.js?v=0.10.49 HTTP/1.1" 200 -
[WebServer] ::ffff:127.0.0.1 - - [03/Sep/2026 16:21:42] "GET /docs/assets/js/geoportal-state.js?v=0.10.49 HTTP/1.1" 200 -
[WebServer] ::ffff:127.0.0.1 - - [03/Sep/2026 16:21:42] "GET /docs/assets/js/geoportal-territories.js?v=0.10.49 HTTP/1.1" 200 -
[WebServer] ::ffff:127.0.0.1 - - [03/Sep/2026 16:21:42] "GET /docs/assets/js/geoportal-panels.js?v=0.10.49 HTTP/1.1" 200 -
[WebServer] ::ffff:127.0.0.1 - - [03/Sep/2026 16:21:42] "GET /docs/assets/js/vendor/supercluster.min.js HTTP/1.1" 200 -
[WebServer] ::ffff:127.0.0.1 - - [03/Sep/2026 16:21:42] "GET /docs/assets/js/geoportal-institutional.js?v=0.10.49 HTTP/1.1" 200 -
[WebServer] ::ffff:127.0.0.1 - - [03/Sep/2026 16:21:42] "GET /docs/assets/js/geoportal-tour.js?v=0.10.49 HTTP/1.1" 200 -
[WebServer] ::ffff:127.0.0.1 - - [03/Sep/2026 16:21:42] "GET /docs/assets/js/geoportal-catalogo.js?v=0.10.49 HTTP/1.1" 200 -
[WebServer] ::ffff:127.0.0.1 - - [03/Sep/2026 16:21:42] "GET /docs/assets/js/geoportal-app.js?v=0.10.49 HTTP/1.1" 200 -
[WebServer] ::ffff:127.0.0.1 - - [03/Sep/2026 16:21:42] "GET /docs/assets/img/redsa-isotipo-oficial.png HTTP/1.1" 200 -
[WebServer] ::ffff:127.0.0.1 - - [03/Sep/2026 16:21:42] "GET /docs/data/siniestros_ant_2025_heat.json?v=ant-public-2026-07-31-location-audit-v1 HTTP/1.1" 200 -
[WebServer] ::ffff:127.0.0.1 - - [03/Sep/2026 16:21:42] "GET /docs/assets/img/loader-ecuador-contorno.svg HTTP/1.1" 200 -
[WebServer] ::ffff:127.0.0.1 - - [03/Sep/2026 16:21:42] "GET /docs/data/cantones_indice.json HTTP/1.1" 200 -
[WebServer] ::ffff:127.0.0.1 - - [03/Sep/2026 16:21:42] "GET /docs/data/provincias_wgs84.geojson HTTP/1.1" 200 -
[WebServer] ::ffff:127.0.0.1 - - [03/Sep/2026 16:21:43] "GET /docs/assets/img/loader-vias-principales.svg HTTP/1.1" 200 -
[WebServer] ::ffff:127.0.0.1 - - [03/Sep/2026 16:21:44] "GET /docs/data/hotspots_cantonales.json HTTP/1.1" 200 -
[WebServer] ::ffff:127.0.0.1 - - [03/Sep/2026 16:21:44] "GET /docs/data/cantones_wgs84.geojson HTTP/1.1" 200 -
[WebServer] ::ffff:127.0.0.1 - - [03/Sep/2026 16:21:44] "GET /docs/data/cantones_wgs84.geojson HTTP/1.1" 200 -
[WebServer] ::ffff:127.0.0.1 - - [03/Sep/2026 16:21:44] "GET /docs/data/hotspots_cantonales.json HTTP/1.1" 200 -
[WebServer] ::ffff:127.0.0.1 - - [03/Sep/2026 16:21:45] "GET /docs/data/parroquias_wgs84.geojson HTTP/1.1" 200 -
[WebServer] ::ffff:127.0.0.1 - - [03/Sep/2026 16:21:46] "GET /docs/data/parroquias_wgs84.geojson HTTP/1.1" 200 -
[WebServer] ::ffff:127.0.0.1 - - [03/Sep/2026 16:21:48] "GET /docs/ HTTP/1.1" 200 -
[WebServer] ::ffff:127.0.0.1 - - [03/Sep/2026 16:21:48] "GET /docs/assets/css/driver.css HTTP/1.1" 200 -
[WebServer] ::ffff:127.0.0.1 - - [03/Sep/2026 16:21:48] "GET /docs/assets/css/geoportal-core.css?v=0.10.49 HTTP/1.1" 200 -
[WebServer] ::ffff:127.0.0.1 - - [03/Sep/2026 16:21:48] "GET /docs/assets/css/geoportal-mobile.css?v=0.10.49 HTTP/1.1" 200 -
[WebServer] ::ffff:127.0.0.1 - - [03/Sep/2026 16:21:48] "GET /docs/assets/css/geoportal-experience.css?v=0.10.49 HTTP/1.1" 200 -
[WebServer] ::ffff:127.0.0.1 - - [03/Sep/2026 16:21:48] "GET /docs/assets/js/vendor/leaflet-heat.js HTTP/1.1" 200 -
[WebServer] ::ffff:127.0.0.1 - - [03/Sep/2026 16:21:48] "GET /docs/assets/js/vendor/simple-statistics.min.js HTTP/1.1" 200 -
[WebServer] ::ffff:127.0.0.1 - - [03/Sep/2026 16:21:48] "GET /docs/assets/js/vendor/driver.min.js HTTP/1.1" 200 -
[WebServer] ::ffff:127.0.0.1 - - [03/Sep/2026 16:21:48] "GET /docs/assets/js/vendor/html2canvas.min.js HTTP/1.1" 200 -
[WebServer] ::ffff:127.0.0.1 - - [03/Sep/2026 16:21:48] "GET /docs/assets/js/vendor/jspdf.umd.min.js HTTP/1.1" 200 -
[WebServer] ::ffff:127.0.0.1 - - [03/Sep/2026 16:21:48] "GET /docs/assets/js/geoportal-classification.js?v=0.10.49 HTTP/1.1" 200 -
[WebServer] ::ffff:127.0.0.1 - - [03/Sep/2026 16:21:48] "GET /docs/assets/js/geoportal-registry.js?v=0.10.49 HTTP/1.1" 200 -
[WebServer] ::ffff:127.0.0.1 - - [03/Sep/2026 16:21:48] "GET /docs/assets/js/geoportal-overlay-state.js?v=0.10.49 HTTP/1.1" 200 -
[WebServer] ::ffff:127.0.0.1 - - [03/Sep/2026 16:21:48] "GET /docs/assets/js/geoportal-ant-layer.js?v=0.10.49 HTTP/1.1" 200 -
[WebServer] ::ffff:127.0.0.1 - - [03/Sep/2026 16:21:48] "GET /docs/assets/js/geoportal-experience.js?v=0.10.49 HTTP/1.1" 200 -
[WebServer] ::ffff:127.0.0.1 - - [03/Sep/2026 16:21:48] "GET /docs/assets/js/geoportal-state.js?v=0.10.49 HTTP/1.1" 200 -
[WebServer] ::ffff:127.0.0.1 - - [03/Sep/2026 16:21:48] "GET /docs/assets/js/geoportal-territories.js?v=0.10.49 HTTP/1.1" 200 -
[WebServer] ::ffff:127.0.0.1 - - [03/Sep/2026 16:21:48] "GET /docs/assets/js/geoportal-panels.js?v=0.10.49 HTTP/1.1" 200 -
[WebServer] ::ffff:127.0.0.1 - - [03/Sep/2026 16:21:48] "GET /docs/assets/js/geoportal-institutional.js?v=0.10.49 HTTP/1.1" 200 -
[WebServer] ::ffff:127.0.0.1 - - [03/Sep/2026 16:21:48] "GET /docs/assets/js/geoportal-tour.js?v=0.10.49 HTTP/1.1" 200 -
[WebServer] ::ffff:127.0.0.1 - - [03/Sep/2026 16:21:48] "GET /docs/assets/js/geoportal-catalogo.js?v=0.10.49 HTTP/1.1" 200 -
[WebServer] ::ffff:127.0.0.1 - - [03/Sep/2026 16:21:48] "GET /docs/assets/js/geoportal-app.js?v=0.10.49 HTTP/1.1" 200 -
[WebServer] ::ffff:127.0.0.1 - - [03/Sep/2026 16:21:48] "GET /docs/assets/img/redsa-isotipo-oficial.png HTTP/1.1" 200 -
[WebServer] ::ffff:127.0.0.1 - - [03/Sep/2026 16:21:48] "GET /docs/assets/img/loader-ecuador-contorno.svg HTTP/1.1" 200 -
[WebServer] ::ffff:127.0.0.1 - - [03/Sep/2026 16:21:48] "GET /docs/assets/img/loader-vias-principales.svg HTTP/1.1" 200 -
[WebServer] ::ffff:127.0.0.1 - - [03/Sep/2026 16:21:49] "GET /docs/data/provincias_wgs84.geojson HTTP/1.1" 200 -
[WebServer] ::ffff:127.0.0.1 - - [03/Sep/2026 16:21:49] "GET /docs/data/cantones_indice.json HTTP/1.1" 200 -
[WebServer] ::ffff:127.0.0.1 - - [03/Sep/2026 16:21:50] "GET /docs/data/parroquias_wgs84.geojson HTTP/1.1" 200 -
[WebServer] ::ffff:127.0.0.1 - - [03/Sep/2026 16:21:50] "GET /docs/index.html HTTP/1.1" 200 -
[WebServer] ::ffff:127.0.0.1 - - [03/Sep/2026 16:21:50] "GET /docs/assets/css/driver.css HTTP/1.1" 200 -
[WebServer] ::ffff:127.0.0.1 - - [03/Sep/2026 16:21:50] "GET /docs/assets/css/geoportal-core.css?v=0.10.49 HTTP/1.1" 200 -
[WebServer] ::ffff:127.0.0.1 - - [03/Sep/2026 16:21:50] "GET /docs/assets/css/geoportal-experience.css?v=0.10.49 HTTP/1.1" 200 -
[WebServer] ::ffff:127.0.0.1 - - [03/Sep/2026 16:21:50] "GET /docs/assets/css/geoportal-mobile.css?v=0.10.49 HTTP/1.1" 200 -
[WebServer] ::ffff:127.0.0.1 - - [03/Sep/2026 16:21:50] "GET /docs/assets/js/vendor/leaflet-heat.js HTTP/1.1" 200 -
[WebServer] ::ffff:127.0.0.1 - - [03/Sep/2026 16:21:50] "GET /docs/assets/js/vendor/simple-statistics.min.js HTTP/1.1" 200 -
[WebServer] ::ffff:127.0.0.1 - - [03/Sep/2026 16:21:50] "GET /docs/assets/js/vendor/driver.min.js HTTP/1.1" 200 -
[WebServer] ::ffff:127.0.0.1 - - [03/Sep/2026 16:21:50] "GET /docs/assets/js/vendor/html2canvas.min.js HTTP/1.1" 200 -
[WebServer] ::ffff:127.0.0.1 - - [03/Sep/2026 16:21:50] "GET /docs/assets/js/vendor/jspdf.umd.min.js HTTP/1.1" 200 -
[WebServer] ::ffff:127.0.0.1 - - [03/Sep/2026 16:21:50] "GET /docs/assets/js/geoportal-classification.js?v=0.10.49 HTTP/1.1" 200 -
[WebServer] ::ffff:127.0.0.1 - - [03/Sep/2026 16:21:50] "GET /docs/assets/js/geoportal-registry.js?v=0.10.49 HTTP/1.1" 200 -
[WebServer] ::ffff:127.0.0.1 - - [03/Sep/2026 16:21:50] "GET /docs/assets/js/geoportal-overlay-state.js?v=0.10.49 HTTP/1.1" 200 -
[WebServer] ::ffff:127.0.0.1 - - [03/Sep/2026 16:21:50] "GET /docs/assets/js/geoportal-ant-layer.js?v=0.10.49 HTTP/1.1" 200 -
[WebServer] ::ffff:127.0.0.1 - - [03/Sep/2026 16:21:50] "GET /docs/assets/js/geoportal-experience.js?v=0.10.49 HTTP/1.1" 200 -
[WebServer] ::ffff:127.0.0.1 - - [03/Sep/2026 16:21:50] "GET /docs/assets/js/geoportal-state.js?v=0.10.49 HTTP/1.1" 200 -
[WebServer] ::ffff:127.0.0.1 - - [03/Sep/2026 16:21:51] "GET /docs/assets/js/geoportal-territories.js?v=0.10.49 HTTP/1.1" 200 -
[WebServer] ::ffff:127.0.0.1 - - [03/Sep/2026 16:21:51] "GET /docs/assets/js/geoportal-panels.js?v=0.10.49 HTTP/1.1" 200 -
[WebServer] ::ffff:127.0.0.1 - - [03/Sep/2026 16:21:51] "GET /docs/assets/js/geoportal-institutional.js?v=0.10.49 HTTP/1.1" 200 -
[WebServer] ::ffff:127.0.0.1 - - [03/Sep/2026 16:21:51] "GET /docs/assets/js/geoportal-tour.js?v=0.10.49 HTTP/1.1" 200 -
[WebServer] ::ffff:127.0.0.1 - - [03/Sep/2026 16:21:51] "GET /docs/assets/js/geoportal-catalogo.js?v=0.10.49 HTTP/1.1" 200 -
[WebServer] ::ffff:127.0.0.1 - - [03/Sep/2026 16:21:51] "GET /docs/assets/js/geoportal-app.js?v=0.10.49 HTTP/1.1" 200 -
[WebServer] ::ffff:127.0.0.1 - - [03/Sep/2026 16:21:51] "GET /docs/assets/img/redsa-isotipo-oficial.png HTTP/1.1" 200 -
[WebServer] ::ffff:127.0.0.1 - - [03/Sep/2026 16:21:51] "GET /docs/assets/img/loader-ecuador-contorno.svg HTTP/1.1" 200 -
[WebServer] ::ffff:127.0.0.1 - - [03/Sep/2026 16:21:51] "GET /docs/data/provincias_wgs84.geojson HTTP/1.1" 200 -
[WebServer] ::ffff:127.0.0.1 - - [03/Sep/2026 16:21:51] "GET /docs/data/cantones_indice.json HTTP/1.1" 200 -
[WebServer] ::ffff:127.0.0.1 - - [03/Sep/2026 16:21:51] "GET /docs/assets/img/loader-vias-principales.svg HTTP/1.1" 200 -
[WebServer] ::ffff:127.0.0.1 - - [03/Sep/2026 16:21:54] "GET /docs/data/cantones_wgs84.geojson HTTP/1.1" 200 -
[WebServer] ::ffff:127.0.0.1 - - [03/Sep/2026 16:21:54] "GET /docs/data/hotspots_cantonales.json HTTP/1.1" 200 -
[WebServer] ::ffff:127.0.0.1 - - [03/Sep/2026 16:21:54] "GET /docs/index.html HTTP/1.1" 200 -
[WebServer] ::ffff:127.0.0.1 - - [03/Sep/2026 16:21:54] "GET /docs/assets/css/driver.css HTTP/1.1" 200 -
[WebServer] ::ffff:127.0.0.1 - - [03/Sep/2026 16:21:55] "GET /docs/assets/css/geoportal-core.css?v=0.10.49 HTTP/1.1" 200 -
[WebServer] ::ffff:127.0.0.1 - - [03/Sep/2026 16:21:55] "GET /docs/assets/css/geoportal-experience.css?v=0.10.49 HTTP/1.1" 200 -
[WebServer] ::ffff:127.0.0.1 - - [03/Sep/2026 16:21:55] "GET /docs/assets/css/geoportal-mobile.css?v=0.10.49 HTTP/1.1" 200 -
[WebServer] ::ffff:127.0.0.1 - - [03/Sep/2026 16:21:55] "GET /docs/assets/js/vendor/leaflet-heat.js HTTP/1.1" 200 -
[WebServer] ::ffff:127.0.0.1 - - [03/Sep/2026 16:21:55] "GET /docs/assets/js/vendor/simple-statistics.min.js HTTP/1.1" 200 -
[WebServer] ::ffff:127.0.0.1 - - [03/Sep/2026 16:21:55] "GET /docs/assets/js/vendor/driver.min.js HTTP/1.1" 200 -
[WebServer] ::ffff:127.0.0.1 - - [03/Sep/2026 16:21:55] "GET /docs/assets/js/vendor/html2canvas.min.js HTTP/1.1" 200 -
[WebServer] ::ffff:127.0.0.1 - - [03/Sep/2026 16:21:55] "GET /docs/assets/js/vendor/jspdf.umd.min.js HTTP/1.1" 200 -
[WebServer] ::ffff:127.0.0.1 - - [03/Sep/2026 16:21:55] "GET /docs/assets/js/geoportal-classification.js?v=0.10.49 HTTP/1.1" 200 -
[WebServer] ::ffff:127.0.0.1 - - [03/Sep/2026 16:21:55] "GET /docs/assets/js/geoportal-registry.js?v=0.10.49 HTTP/1.1" 200 -
[WebServer] ::ffff:127.0.0.1 - - [03/Sep/2026 16:21:55] "GET /docs/assets/js/geoportal-overlay-state.js?v=0.10.49 HTTP/1.1" 200 -
[WebServer] ::ffff:127.0.0.1 - - [03/Sep/2026 16:21:55] "GET /docs/assets/js/geoportal-ant-layer.js?v=0.10.49 HTTP/1.1" 200 -
[WebServer] ::ffff:127.0.0.1 - - [03/Sep/2026 16:21:55] "GET /docs/assets/js/geoportal-experience.js?v=0.10.49 HTTP/1.1" 200 -
[WebServer] ::ffff:127.0.0.1 - - [03/Sep/2026 16:21:55] "GET /docs/assets/js/geoportal-state.js?v=0.10.49 HTTP/1.1" 200 -
[WebServer] ::ffff:127.0.0.1 - - [03/Sep/2026 16:21:55] "GET /docs/assets/js/geoportal-territories.js?v=0.10.49 HTTP/1.1" 200 -
[WebServer] ::ffff:127.0.0.1 - - [03/Sep/2026 16:21:55] "GET /docs/assets/js/geoportal-panels.js?v=0.10.49 HTTP/1.1" 200 -
[WebServer] ::ffff:127.0.0.1 - - [03/Sep/2026 16:21:55] "GET /docs/assets/js/geoportal-institutional.js?v=0.10.49 HTTP/1.1" 200 -
[WebServer] ::ffff:127.0.0.1 - - [03/Sep/2026 16:21:55] "GET /docs/assets/js/geoportal-tour.js?v=0.10.49 HTTP/1.1" 200 -
[WebServer] ::ffff:127.0.0.1 - - [03/Sep/2026 16:21:55] "GET /docs/assets/js/geoportal-catalogo.js?v=0.10.49 HTTP/1.1" 200 -
[WebServer] ::ffff:127.0.0.1 - - [03/Sep/2026 16:21:55] "GET /docs/assets/js/geoportal-app.js?v=0.10.49 HTTP/1.1" 200 -
[WebServer] ::ffff:127.0.0.1 - - [03/Sep/2026 16:21:55] "GET /docs/assets/img/redsa-isotipo-oficial.png HTTP/1.1" 200 -
[WebServer] ::ffff:127.0.0.1 - - [03/Sep/2026 16:21:55] "GET /docs/assets/img/loader-ecuador-contorno.svg HTTP/1.1" 200 -
[WebServer] ::ffff:127.0.0.1 - - [03/Sep/2026 16:21:55] "GET /docs/assets/img/loader-vias-principales.svg HTTP/1.1" 200 -
[WebServer] ::ffff:127.0.0.1 - - [03/Sep/2026 16:21:55] "GET /docs/data/provincias_wgs84.geojson HTTP/1.1" 200 -
[WebServer] ::ffff:127.0.0.1 - - [03/Sep/2026 16:21:55] "GET /docs/data/cantones_indice.json HTTP/1.1" 200 -
[WebServer] ::ffff:127.0.0.1 - - [03/Sep/2026 16:21:56] "GET /docs/ HTTP/1.1" 200 -
[WebServer] ::ffff:127.0.0.1 - - [03/Sep/2026 16:21:56] "GET /docs/assets/css/driver.css HTTP/1.1" 200 -
[WebServer] ::ffff:127.0.0.1 - - [03/Sep/2026 16:21:56] "GET /docs/assets/css/geoportal-core.css?v=0.10.49 HTTP/1.1" 200 -
[WebServer] ::ffff:127.0.0.1 - - [03/Sep/2026 16:21:56] "GET /docs/assets/css/geoportal-experience.css?v=0.10.49 HTTP/1.1" 200 -
[WebServer] ::ffff:127.0.0.1 - - [03/Sep/2026 16:21:57] "GET /docs/assets/css/geoportal-mobile.css?v=0.10.49 HTTP/1.1" 200 -
[WebServer] ::ffff:127.0.0.1 - - [03/Sep/2026 16:21:57] "GET /docs/assets/js/vendor/leaflet-heat.js HTTP/1.1" 200 -
[WebServer] ::ffff:127.0.0.1 - - [03/Sep/2026 16:21:57] "GET /docs/assets/js/vendor/simple-statistics.min.js HTTP/1.1" 200 -
[WebServer] ::ffff:127.0.0.1 - - [03/Sep/2026 16:21:57] "GET /docs/assets/js/vendor/driver.min.js HTTP/1.1" 200 -
[WebServer] ::ffff:127.0.0.1 - - [03/Sep/2026 16:21:57] "GET /docs/assets/js/vendor/html2canvas.min.js HTTP/1.1" 200 -
[WebServer] ::ffff:127.0.0.1 - - [03/Sep/2026 16:21:57] "GET /docs/assets/js/vendor/jspdf.umd.min.js HTTP/1.1" 200 -
[WebServer] ::ffff:127.0.0.1 - - [03/Sep/2026 16:21:57] "GET /docs/assets/js/geoportal-classification.js?v=0.10.49 HTTP/1.1" 200 -
[WebServer] ::ffff:127.0.0.1 - - [03/Sep/2026 16:21:57] "GET /docs/assets/js/geoportal-registry.js?v=0.10.49 HTTP/1.1" 200 -
[WebServer] ::ffff:127.0.0.1 - - [03/Sep/2026 16:21:57] "GET /docs/assets/js/geoportal-overlay-state.js?v=0.10.49 HTTP/1.1" 200 -
[WebServer] ::ffff:127.0.0.1 - - [03/Sep/2026 16:21:57] "GET /docs/assets/js/geoportal-ant-layer.js?v=0.10.49 HTTP/1.1" 200 -
[WebServer] ::ffff:127.0.0.1 - - [03/Sep/2026 16:21:57] "GET /docs/assets/js/geoportal-experience.js?v=0.10.49 HTTP/1.1" 200 -
[WebServer] ::ffff:127.0.0.1 - - [03/Sep/2026 16:21:57] "GET /docs/assets/js/geoportal-state.js?v=0.10.49 HTTP/1.1" 200 -
[WebServer] ::ffff:127.0.0.1 - - [03/Sep/2026 16:21:57] "GET /docs/assets/js/geoportal-territories.js?v=0.10.49 HTTP/1.1" 200 -
[WebServer] ::ffff:127.0.0.1 - - [03/Sep/2026 16:21:57] "GET /docs/assets/js/geoportal-panels.js?v=0.10.49 HTTP/1.1" 200 -
[WebServer] ::ffff:127.0.0.1 - - [03/Sep/2026 16:21:57] "GET /docs/assets/js/geoportal-institutional.js?v=0.10.49 HTTP/1.1" 200 -
[WebServer] ::ffff:127.0.0.1 - - [03/Sep/2026 16:21:57] "GET /docs/assets/js/geoportal-tour.js?v=0.10.49 HTTP/1.1" 200 -
[WebServer] ::ffff:127.0.0.1 - - [03/Sep/2026 16:21:57] "GET /docs/assets/js/geoportal-catalogo.js?v=0.10.49 HTTP/1.1" 200 -
[WebServer] ::ffff:127.0.0.1 - - [03/Sep/2026 16:21:57] "GET /docs/assets/js/geoportal-app.js?v=0.10.49 HTTP/1.1" 200 -
[WebServer] ::ffff:127.0.0.1 - - [03/Sep/2026 16:21:57] "GET /docs/assets/img/redsa-isotipo-oficial.png HTTP/1.1" 200 -
[WebServer] ::ffff:127.0.0.1 - - [03/Sep/2026 16:21:57] "GET /docs/assets/img/loader-ecuador-contorno.svg HTTP/1.1" 200 -
[WebServer] ::ffff:127.0.0.1 - - [03/Sep/2026 16:21:57] "GET /docs/assets/img/loader-vias-principales.svg HTTP/1.1" 200 -
[WebServer] ::ffff:127.0.0.1 - - [03/Sep/2026 16:21:57] "GET /docs/assets/js/ant-layer-worker.js?v=0.10.49 HTTP/1.1" 200 -
[WebServer] ::ffff:127.0.0.1 - - [03/Sep/2026 16:21:57] "GET /docs/assets/js/vendor/supercluster.min.js HTTP/1.1" 200 -
[WebServer] ::ffff:127.0.0.1 - - [03/Sep/2026 16:21:57] "GET /docs/data/siniestros_ant_2025_heat.json?v=ant-public-2026-07-31-location-audit-v1 HTTP/1.1" 200 -
[WebServer] ::ffff:127.0.0.1 - - [03/Sep/2026 16:21:57] "GET /docs/data/provincias_wgs84.geojson HTTP/1.1" 200 -
[WebServer] ::ffff:127.0.0.1 - - [03/Sep/2026 16:21:57] "GET /docs/data/cantones_indice.json HTTP/1.1" 200 -
[WebServer] ::ffff:127.0.0.1 - - [03/Sep/2026 16:22:00] "GET /docs/data/siniestros_ant_2025.geojson?v=ant-public-2026-07-31-location-audit-v1 HTTP/1.1" 200 -
[WebServer] ::ffff:127.0.0.1 - - [03/Sep/2026 16:22:02] "GET /docs/ HTTP/1.1" 200 -
[WebServer] ::ffff:127.0.0.1 - - [03/Sep/2026 16:22:02] "GET /docs/assets/css/driver.css HTTP/1.1" 200 -
[WebServer] ::ffff:127.0.0.1 - - [03/Sep/2026 16:22:02] "GET /docs/assets/css/geoportal-core.css?v=0.10.49 HTTP/1.1" 200 -
[WebServer] ::ffff:127.0.0.1 - - [03/Sep/2026 16:22:02] "GET /docs/assets/css/geoportal-experience.css?v=0.10.49 HTTP/1.1" 200 -
[WebServer] ::ffff:127.0.0.1 - - [03/Sep/2026 16:22:02] "GET /docs/assets/css/geoportal-mobile.css?v=0.10.49 HTTP/1.1" 200 -
[WebServer] ::ffff:127.0.0.1 - - [03/Sep/2026 16:22:02] "GET /docs/assets/js/vendor/leaflet-heat.js HTTP/1.1" 200 -
[WebServer] ::ffff:127.0.0.1 - - [03/Sep/2026 16:22:02] "GET /docs/assets/js/vendor/simple-statistics.min.js HTTP/1.1" 200 -
[WebServer] ::ffff:127.0.0.1 - - [03/Sep/2026 16:22:02] "GET /docs/assets/js/vendor/driver.min.js HTTP/1.1" 200 -
[WebServer] ::ffff:127.0.0.1 - - [03/Sep/2026 16:22:02] "GET /docs/assets/js/vendor/html2canvas.min.js HTTP/1.1" 200 -
[WebServer] ::ffff:127.0.0.1 - - [03/Sep/2026 16:22:02] "GET /docs/assets/js/vendor/jspdf.umd.min.js HTTP/1.1" 200 -
[WebServer] ::ffff:127.0.0.1 - - [03/Sep/2026 16:22:02] "GET /docs/assets/js/geoportal-classification.js?v=0.10.49 HTTP/1.1" 200 -
[WebServer] ::ffff:127.0.0.1 - - [03/Sep/2026 16:22:02] "GET /docs/assets/js/geoportal-registry.js?v=0.10.49 HTTP/1.1" 200 -
[WebServer] ::ffff:127.0.0.1 - - [03/Sep/2026 16:22:02] "GET /docs/assets/js/geoportal-overlay-state.js?v=0.10.49 HTTP/1.1" 200 -
[WebServer] ::ffff:127.0.0.1 - - [03/Sep/2026 16:22:02] "GET /docs/assets/js/geoportal-ant-layer.js?v=0.10.49 HTTP/1.1" 200 -
[WebServer] ::ffff:127.0.0.1 - - [03/Sep/2026 16:22:02] "GET /docs/assets/js/geoportal-experience.js?v=0.10.49 HTTP/1.1" 200 -
[WebServer] ::ffff:127.0.0.1 - - [03/Sep/2026 16:22:02] "GET /docs/assets/js/geoportal-state.js?v=0.10.49 HTTP/1.1" 200 -
[WebServer] ::ffff:127.0.0.1 - - [03/Sep/2026 16:22:02] "GET /docs/assets/js/geoportal-territories.js?v=0.10.49 HTTP/1.1" 200 -
[WebServer] ::ffff:127.0.0.1 - - [03/Sep/2026 16:22:02] "GET /docs/assets/js/geoportal-panels.js?v=0.10.49 HTTP/1.1" 200 -
[WebServer] ::ffff:127.0.0.1 - - [03/Sep/2026 16:22:02] "GET /docs/assets/js/geoportal-institutional.js?v=0.10.49 HTTP/1.1" 200 -
[WebServer] ::ffff:127.0.0.1 - - [03/Sep/2026 16:22:02] "GET /docs/assets/js/geoportal-tour.js?v=0.10.49 HTTP/1.1" 200 -
[WebServer] ::ffff:127.0.0.1 - - [03/Sep/2026 16:22:02] "GET /docs/assets/js/geoportal-catalogo.js?v=0.10.49 HTTP/1.1" 200 -
[WebServer] ::ffff:127.0.0.1 - - [03/Sep/2026 16:22:02] "GET /docs/assets/js/geoportal-app.js?v=0.10.49 HTTP/1.1" 200 -
[WebServer] ::ffff:127.0.0.1 - - [03/Sep/2026 16:22:02] "GET /docs/assets/img/redsa-isotipo-oficial.png HTTP/1.1" 200 -
[WebServer] ::ffff:127.0.0.1 - - [03/Sep/2026 16:22:02] "GET /docs/assets/img/loader-ecuador-contorno.svg HTTP/1.1" 200 -
[WebServer] ::ffff:127.0.0.1 - - [03/Sep/2026 16:22:02] "GET /docs/assets/img/loader-vias-principales.svg HTTP/1.1" 200 -
[WebServer] ::ffff:127.0.0.1 - - [03/Sep/2026 16:22:03] "GET /docs/data/provincias_wgs84.geojson HTTP/1.1" 200 -
[WebServer] ::ffff:127.0.0.1 - - [03/Sep/2026 16:22:03] "GET /docs/data/cantones_indice.json HTTP/1.1" 200 -
[WebServer] ::ffff:127.0.0.1 - - [03/Sep/2026 16:22:04] "GET /docs/index.html HTTP/1.1" 200 -
[WebServer] ::ffff:127.0.0.1 - - [03/Sep/2026 16:22:04] "GET /docs/assets/css/driver.css HTTP/1.1" 200 -
[WebServer] ::ffff:127.0.0.1 - - [03/Sep/2026 16:22:04] "GET /docs/assets/css/geoportal-core.css?v=0.10.49 HTTP/1.1" 200 -
[WebServer] ::ffff:127.0.0.1 - - [03/Sep/2026 16:22:04] "GET /docs/assets/css/geoportal-experience.css?v=0.10.49 HTTP/1.1" 200 -
[WebServer] ::ffff:127.0.0.1 - - [03/Sep/2026 16:22:04] "GET /docs/assets/css/geoportal-mobile.css?v=0.10.49 HTTP/1.1" 200 -
[WebServer] ::ffff:127.0.0.1 - - [03/Sep/2026 16:22:04] "GET /docs/assets/js/vendor/leaflet-heat.js HTTP/1.1" 200 -
[WebServer] ::ffff:127.0.0.1 - - [03/Sep/2026 16:22:04] "GET /docs/assets/js/vendor/simple-statistics.min.js HTTP/1.1" 200 -
[WebServer] ::ffff:127.0.0.1 - - [03/Sep/2026 16:22:04] "GET /docs/assets/js/vendor/driver.min.js HTTP/1.1" 200 -
[WebServer] ::ffff:127.0.0.1 - - [03/Sep/2026 16:22:04] "GET /docs/assets/js/vendor/html2canvas.min.js HTTP/1.1" 200 -
[WebServer] ::ffff:127.0.0.1 - - [03/Sep/2026 16:22:04] "GET /docs/assets/js/vendor/jspdf.umd.min.js HTTP/1.1" 200 -
[WebServer] ::ffff:127.0.0.1 - - [03/Sep/2026 16:22:04] "GET /docs/assets/js/geoportal-classification.js?v=0.10.49 HTTP/1.1" 200 -
[WebServer] ::ffff:127.0.0.1 - - [03/Sep/2026 16:22:04] "GET /docs/assets/js/geoportal-registry.js?v=0.10.49 HTTP/1.1" 200 -
[WebServer] ::ffff:127.0.0.1 - - [03/Sep/2026 16:22:04] "GET /docs/assets/js/geoportal-overlay-state.js?v=0.10.49 HTTP/1.1" 200 -
[WebServer] ::ffff:127.0.0.1 - - [03/Sep/2026 16:22:04] "GET /docs/assets/js/geoportal-ant-layer.js?v=0.10.49 HTTP/1.1" 200 -
[WebServer] ::ffff:127.0.0.1 - - [03/Sep/2026 16:22:04] "GET /docs/assets/js/geoportal-experience.js?v=0.10.49 HTTP/1.1" 200 -
[WebServer] ::ffff:127.0.0.1 - - [03/Sep/2026 16:22:04] "GET /docs/assets/js/geoportal-state.js?v=0.10.49 HTTP/1.1" 200 -
[WebServer] ::ffff:127.0.0.1 - - [03/Sep/2026 16:22:04] "GET /docs/assets/js/geoportal-territories.js?v=0.10.49 HTTP/1.1" 200 -
[WebServer] ::ffff:127.0.0.1 - - [03/Sep/2026 16:22:04] "GET /docs/assets/js/geoportal-panels.js?v=0.10.49 HTTP/1.1" 200 -
[WebServer] ::ffff:127.0.0.1 - - [03/Sep/2026 16:22:04] "GET /docs/assets/js/geoportal-institutional.js?v=0.10.49 HTTP/1.1" 200 -
[WebServer] ::ffff:127.0.0.1 - - [03/Sep/2026 16:22:04] "GET /docs/assets/js/geoportal-tour.js?v=0.10.49 HTTP/1.1" 200 -
[WebServer] ::ffff:127.0.0.1 - - [03/Sep/2026 16:22:04] "GET /docs/assets/js/geoportal-catalogo.js?v=0.10.49 HTTP/1.1" 200 -
[WebServer] ::ffff:127.0.0.1 - - [03/Sep/2026 16:22:04] "GET /docs/assets/js/geoportal-app.js?v=0.10.49 HTTP/1.1" 200 -
[WebServer] ::ffff:127.0.0.1 - - [03/Sep/2026 16:22:04] "GET /docs/assets/img/redsa-isotipo-oficial.png HTTP/1.1" 200 -
[WebServer] ::ffff:127.0.0.1 - - [03/Sep/2026 16:22:04] "GET /docs/assets/img/loader-ecuador-contorno.svg HTTP/1.1" 200 -
[WebServer] ::ffff:127.0.0.1 - - [03/Sep/2026 16:22:04] "GET /docs/assets/img/loader-vias-principales.svg HTTP/1.1" 200 -
[WebServer] ::ffff:127.0.0.1 - - [03/Sep/2026 16:22:05] "GET /docs/data/provincias_wgs84.geojson HTTP/1.1" 200 -
[WebServer] ::ffff:127.0.0.1 - - [03/Sep/2026 16:22:05] "GET /docs/data/cantones_indice.json HTTP/1.1" 200 -
[WebServer] ::ffff:127.0.0.1 - - [03/Sep/2026 16:22:05] "GET /docs/ HTTP/1.1" 200 -
[WebServer] ::ffff:127.0.0.1 - - [03/Sep/2026 16:22:05] "GET /docs/assets/css/driver.css HTTP/1.1" 200 -
[WebServer] ::ffff:127.0.0.1 - - [03/Sep/2026 16:22:05] "GET /docs/assets/js/vendor/leaflet-heat.js HTTP/1.1" 200 -
[WebServer] ::ffff:127.0.0.1 - - [03/Sep/2026 16:22:05] "GET /docs/assets/css/geoportal-mobile.css?v=0.10.49 HTTP/1.1" 200 -
[WebServer] ::ffff:127.0.0.1 - - [03/Sep/2026 16:22:05] "GET /docs/assets/css/geoportal-experience.css?v=0.10.49 HTTP/1.1" 200 -
[WebServer] ::ffff:127.0.0.1 - - [03/Sep/2026 16:22:05] "GET /docs/assets/css/geoportal-core.css?v=0.10.49 HTTP/1.1" 200 -
[WebServer] ::ffff:127.0.0.1 - - [03/Sep/2026 16:22:05] "GET /docs/assets/js/vendor/simple-statistics.min.js HTTP/1.1" 200 -
[WebServer] ::ffff:127.0.0.1 - - [03/Sep/2026 16:22:05] "GET /docs/assets/js/vendor/driver.min.js HTTP/1.1" 200 -
[WebServer] ::ffff:127.0.0.1 - - [03/Sep/2026 16:22:05] "GET /docs/assets/js/vendor/html2canvas.min.js HTTP/1.1" 200 -
[WebServer] ::ffff:127.0.0.1 - - [03/Sep/2026 16:22:05] "GET /docs/assets/js/vendor/jspdf.umd.min.js HTTP/1.1" 200 -
[WebServer] ::ffff:127.0.0.1 - - [03/Sep/2026 16:22:06] "GET /docs/assets/js/geoportal-classification.js?v=0.10.49 HTTP/1.1" 200 -
[WebServer] ::ffff:127.0.0.1 - - [03/Sep/2026 16:22:06] "GET /docs/assets/js/geoportal-registry.js?v=0.10.49 HTTP/1.1" 200 -
[WebServer] ::ffff:127.0.0.1 - - [03/Sep/2026 16:22:06] "GET /docs/assets/js/geoportal-overlay-state.js?v=0.10.49 HTTP/1.1" 200 -
[WebServer] ::ffff:127.0.0.1 - - [03/Sep/2026 16:22:06] "GET /docs/assets/js/geoportal-ant-layer.js?v=0.10.49 HTTP/1.1" 200 -
[WebServer] ::ffff:127.0.0.1 - - [03/Sep/2026 16:22:06] "GET /docs/assets/js/geoportal-experience.js?v=0.10.49 HTTP/1.1" 200 -
[WebServer] ::ffff:127.0.0.1 - - [03/Sep/2026 16:22:06] "GET /docs/assets/js/geoportal-state.js?v=0.10.49 HTTP/1.1" 200 -
[WebServer] ::ffff:127.0.0.1 - - [03/Sep/2026 16:22:06] "GET /docs/assets/js/geoportal-territories.js?v=0.10.49 HTTP/1.1" 200 -
[WebServer] ::ffff:127.0.0.1 - - [03/Sep/2026 16:22:06] "GET /docs/assets/js/geoportal-panels.js?v=0.10.49 HTTP/1.1" 200 -
[WebServer] ::ffff:127.0.0.1 - - [03/Sep/2026 16:22:06] "GET /docs/assets/js/geoportal-institutional.js?v=0.10.49 HTTP/1.1" 200 -
[WebServer] ::ffff:127.0.0.1 - - [03/Sep/2026 16:22:06] "GET /docs/assets/js/geoportal-tour.js?v=0.10.49 HTTP/1.1" 200 -
[WebServer] ::ffff:127.0.0.1 - - [03/Sep/2026 16:22:06] "GET /docs/assets/js/geoportal-catalogo.js?v=0.10.49 HTTP/1.1" 200 -
[WebServer] ::ffff:127.0.0.1 - - [03/Sep/2026 16:22:06] "GET /docs/assets/js/geoportal-app.js?v=0.10.49 HTTP/1.1" 200 -
[WebServer] ::ffff:127.0.0.1 - - [03/Sep/2026 16:22:06] "GET /docs/assets/img/redsa-isotipo-oficial.png HTTP/1.1" 200 -
[WebServer] ::ffff:127.0.0.1 - - [03/Sep/2026 16:22:06] "GET /docs/assets/img/loader-ecuador-contorno.svg HTTP/1.1" 200 -
[WebServer] ::ffff:127.0.0.1 - - [03/Sep/2026 16:22:06] "GET /docs/assets/img/loader-vias-principales.svg HTTP/1.1" 200 -
[WebServer] ::ffff:127.0.0.1 - - [03/Sep/2026 16:22:06] "GET /docs/data/provincias_wgs84.geojson HTTP/1.1" 200 -
[WebServer] ::ffff:127.0.0.1 - - [03/Sep/2026 16:22:06] "GET /docs/data/cantones_indice.json HTTP/1.1" 200 -
[WebServer] ::ffff:127.0.0.1 - - [03/Sep/2026 16:22:07] "GET /docs/assets/js/ant-layer-worker.js?v=0.10.49 HTTP/1.1" 200 -
[WebServer] ::ffff:127.0.0.1 - - [03/Sep/2026 16:22:07] "GET /docs/assets/js/vendor/supercluster.min.js HTTP/1.1" 200 -
[WebServer] ::ffff:127.0.0.1 - - [03/Sep/2026 16:22:07] "GET /docs/data/siniestros_ant_2025_heat.json?v=ant-public-2026-07-31-location-audit-v1 HTTP/1.1" 200 -
[WebServer] ::ffff:127.0.0.1 - - [03/Sep/2026 16:22:08] "GET /docs/data/siniestros_ant_2025.geojson?v=ant-public-2026-07-31-location-audit-v1 HTTP/1.1" 200 -
[WebServer] ::ffff:127.0.0.1 - - [03/Sep/2026 16:22:11] "GET /docs/index.html HTTP/1.1" 200 -
[WebServer] ::ffff:127.0.0.1 - - [03/Sep/2026 16:22:11] "GET /docs/assets/css/driver.css HTTP/1.1" 200 -
[WebServer] ::ffff:127.0.0.1 - - [03/Sep/2026 16:22:11] "GET /docs/assets/js/vendor/leaflet-heat.js HTTP/1.1" 200 -
[WebServer] ::ffff:127.0.0.1 - - [03/Sep/2026 16:22:11] "GET /docs/assets/css/geoportal-mobile.css?v=0.10.49 HTTP/1.1" 200 -
[WebServer] ::ffff:127.0.0.1 - - [03/Sep/2026 16:22:11] "GET /docs/assets/css/geoportal-experience.css?v=0.10.49 HTTP/1.1" 200 -
[WebServer] ::ffff:127.0.0.1 - - [03/Sep/2026 16:22:11] "GET /docs/assets/js/vendor/simple-statistics.min.js HTTP/1.1" 200 -
[WebServer] ::ffff:127.0.0.1 - - [03/Sep/2026 16:22:11] "GET /docs/assets/css/geoportal-core.css?v=0.10.49 HTTP/1.1" 200 -
[WebServer] ::ffff:127.0.0.1 - - [03/Sep/2026 16:22:11] "GET /docs/assets/js/vendor/driver.min.js HTTP/1.1" 200 -
[WebServer] ::ffff:127.0.0.1 - - [03/Sep/2026 16:22:11] "GET /docs/assets/js/vendor/html2canvas.min.js HTTP/1.1" 200 -
[WebServer] ::ffff:127.0.0.1 - - [03/Sep/2026 16:22:11] "GET /docs/assets/js/vendor/jspdf.umd.min.js HTTP/1.1" 200 -
[WebServer] ::ffff:127.0.0.1 - - [03/Sep/2026 16:22:11] "GET /docs/assets/js/geoportal-classification.js?v=0.10.49 HTTP/1.1" 200 -
[WebServer] ::ffff:127.0.0.1 - - [03/Sep/2026 16:22:11] "GET /docs/assets/js/geoportal-registry.js?v=0.10.49 HTTP/1.1" 200 -
[WebServer] ::ffff:127.0.0.1 - - [03/Sep/2026 16:22:12] "GET /docs/assets/js/geoportal-overlay-state.js?v=0.10.49 HTTP/1.1" 200 -
[WebServer] ::ffff:127.0.0.1 - - [03/Sep/2026 16:22:12] "GET /docs/assets/js/geoportal-ant-layer.js?v=0.10.49 HTTP/1.1" 200 -
[WebServer] ::ffff:127.0.0.1 - - [03/Sep/2026 16:22:12] "GET /docs/assets/js/geoportal-experience.js?v=0.10.49 HTTP/1.1" 200 -
[WebServer] ::ffff:127.0.0.1 - - [03/Sep/2026 16:22:12] "GET /docs/assets/js/geoportal-state.js?v=0.10.49 HTTP/1.1" 200 -
[WebServer] ::ffff:127.0.0.1 - - [03/Sep/2026 16:22:12] "GET /docs/assets/js/geoportal-territories.js?v=0.10.49 HTTP/1.1" 200 -
[WebServer] ::ffff:127.0.0.1 - - [03/Sep/2026 16:22:12] "GET /docs/assets/js/geoportal-panels.js?v=0.10.49 HTTP/1.1" 200 -
[WebServer] ::ffff:127.0.0.1 - - [03/Sep/2026 16:22:12] "GET /docs/assets/js/geoportal-institutional.js?v=0.10.49 HTTP/1.1" 200 -
[WebServer] ::ffff:127.0.0.1 - - [03/Sep/2026 16:22:12] "GET /docs/assets/js/geoportal-tour.js?v=0.10.49 HTTP/1.1" 200 -
[WebServer] ::ffff:127.0.0.1 - - [03/Sep/2026 16:22:12] "GET /docs/assets/js/geoportal-catalogo.js?v=0.10.49 HTTP/1.1" 200 -
[WebServer] ::ffff:127.0.0.1 - - [03/Sep/2026 16:22:12] "GET /docs/assets/js/geoportal-app.js?v=0.10.49 HTTP/1.1" 200 -
[WebServer] ::ffff:127.0.0.1 - - [03/Sep/2026 16:22:12] "GET /docs/assets/img/redsa-isotipo-oficial.png HTTP/1.1" 200 -
[WebServer] ::ffff:127.0.0.1 - - [03/Sep/2026 16:22:12] "GET /docs/assets/img/loader-ecuador-contorno.svg HTTP/1.1" 200 -
[WebServer] ::ffff:127.0.0.1 - - [03/Sep/2026 16:22:12] "GET /docs/assets/img/loader-vias-principales.svg HTTP/1.1" 200 -
[WebServer] ::ffff:127.0.0.1 - - [03/Sep/2026 16:22:12] "GET /docs/data/provincias_wgs84.geojson HTTP/1.1" 200 -
[WebServer] ::ffff:127.0.0.1 - - [03/Sep/2026 16:22:12] "GET /docs/data/cantones_indice.json HTTP/1.1" 200 -
[WebServer] ::ffff:127.0.0.1 - - [03/Sep/2026 16:22:14] "GET /docs/assets/js/ant-layer-worker.js?v=0.10.49 HTTP/1.1" 200 -
[WebServer] ::ffff:127.0.0.1 - - [03/Sep/2026 16:22:14] "GET /docs/assets/js/vendor/supercluster.min.js HTTP/1.1" 200 -
[WebServer] ::ffff:127.0.0.1 - - [03/Sep/2026 16:22:14] "GET /docs/data/siniestros_ant_2025_heat.json?v=ant-public-2026-07-31-location-audit-v1 HTTP/1.1" 200 -
[WebServer] ::ffff:127.0.0.1 - - [03/Sep/2026 16:22:14] "GET /docs/assets/js/ant-layer-worker.js?v=0.10.49 HTTP/1.1" 200 -
[WebServer] ::ffff:127.0.0.1 - - [03/Sep/2026 16:22:14] "GET /docs/assets/js/vendor/supercluster.min.js HTTP/1.1" 200 -
[WebServer] ::ffff:127.0.0.1 - - [03/Sep/2026 16:22:14] "GET /docs/data/siniestros_ant_2024_heat.json?v=ant-public-2026-07-31-location-audit-v1 HTTP/1.1" 200 -
[WebServer] ::ffff:127.0.0.1 - - [03/Sep/2026 16:22:14] "GET /docs/assets/js/ant-layer-worker.js?v=0.10.49 HTTP/1.1" 200 -
[WebServer] ::ffff:127.0.0.1 - - [03/Sep/2026 16:22:14] "GET /docs/assets/js/vendor/supercluster.min.js HTTP/1.1" 200 -
[WebServer] ::ffff:127.0.0.1 - - [03/Sep/2026 16:22:14] "GET /docs/data/siniestros_ant_2026_heat.json?v=ant-public-2026-07-31-location-audit-v1 HTTP/1.1" 200 -
[WebServer] ::ffff:127.0.0.1 - - [03/Sep/2026 16:22:16] "GET /docs/index.html HTTP/1.1" 200 -
[WebServer] ::ffff:127.0.0.1 - - [03/Sep/2026 16:22:16] "GET /docs/assets/css/geoportal-core.css?v=0.10.49 HTTP/1.1" 200 -
[WebServer] ::ffff:127.0.0.1 - - [03/Sep/2026 16:22:16] "GET /docs/assets/css/driver.css HTTP/1.1" 200 -
[WebServer] ::ffff:127.0.0.1 - - [03/Sep/2026 16:22:16] "GET /docs/assets/css/geoportal-experience.css?v=0.10.49 HTTP/1.1" 200 -
[WebServer] ::ffff:127.0.0.1 - - [03/Sep/2026 16:22:16] "GET /docs/assets/css/geoportal-mobile.css?v=0.10.49 HTTP/1.1" 200 -
[WebServer] ::ffff:127.0.0.1 - - [03/Sep/2026 16:22:16] "GET /docs/assets/js/vendor/leaflet-heat.js HTTP/1.1" 200 -
[WebServer] ::ffff:127.0.0.1 - - [03/Sep/2026 16:22:16] "GET /docs/assets/js/vendor/simple-statistics.min.js HTTP/1.1" 200 -
[WebServer] ::ffff:127.0.0.1 - - [03/Sep/2026 16:22:16] "GET /docs/assets/js/vendor/driver.min.js HTTP/1.1" 200 -
[WebServer] ::ffff:127.0.0.1 - - [03/Sep/2026 16:22:16] "GET /docs/assets/js/vendor/html2canvas.min.js HTTP/1.1" 200 -
[WebServer] ::ffff:127.0.0.1 - - [03/Sep/2026 16:22:16] "GET /docs/assets/js/vendor/jspdf.umd.min.js HTTP/1.1" 200 -
[WebServer] ::ffff:127.0.0.1 - - [03/Sep/2026 16:22:16] "GET /docs/assets/js/geoportal-classification.js?v=0.10.49 HTTP/1.1" 200 -
[WebServer] ::ffff:127.0.0.1 - - [03/Sep/2026 16:22:16] "GET /docs/assets/js/geoportal-registry.js?v=0.10.49 HTTP/1.1" 200 -
[WebServer] ::ffff:127.0.0.1 - - [03/Sep/2026 16:22:16] "GET /docs/assets/js/geoportal-overlay-state.js?v=0.10.49 HTTP/1.1" 200 -
[WebServer] ::ffff:127.0.0.1 - - [03/Sep/2026 16:22:16] "GET /docs/assets/js/geoportal-ant-layer.js?v=0.10.49 HTTP/1.1" 200 -
[WebServer] ::ffff:127.0.0.1 - - [03/Sep/2026 16:22:16] "GET /docs/assets/js/geoportal-experience.js?v=0.10.49 HTTP/1.1" 200 -
[WebServer] ::ffff:127.0.0.1 - - [03/Sep/2026 16:22:16] "GET /docs/assets/js/geoportal-state.js?v=0.10.49 HTTP/1.1" 200 -
[WebServer] ::ffff:127.0.0.1 - - [03/Sep/2026 16:22:17] "GET /docs/assets/js/geoportal-territories.js?v=0.10.49 HTTP/1.1" 200 -
[WebServer] ::ffff:127.0.0.1 - - [03/Sep/2026 16:22:17] "GET /docs/assets/js/geoportal-panels.js?v=0.10.49 HTTP/1.1" 200 -
[WebServer] ::ffff:127.0.0.1 - - [03/Sep/2026 16:22:17] "GET /docs/assets/js/geoportal-institutional.js?v=0.10.49 HTTP/1.1" 200 -
[WebServer] ::ffff:127.0.0.1 - - [03/Sep/2026 16:22:17] "GET /docs/assets/js/geoportal-tour.js?v=0.10.49 HTTP/1.1" 200 -
[WebServer] ::ffff:127.0.0.1 - - [03/Sep/2026 16:22:17] "GET /docs/assets/js/geoportal-catalogo.js?v=0.10.49 HTTP/1.1" 200 -
[WebServer] ::ffff:127.0.0.1 - - [03/Sep/2026 16:22:17] "GET /docs/assets/js/geoportal-app.js?v=0.10.49 HTTP/1.1" 200 -
[WebServer] ::ffff:127.0.0.1 - - [03/Sep/2026 16:22:17] "GET /docs/assets/img/redsa-isotipo-oficial.png HTTP/1.1" 200 -
[WebServer] ::ffff:127.0.0.1 - - [03/Sep/2026 16:22:17] "GET /docs/assets/img/loader-ecuador-contorno.svg HTTP/1.1" 200 -
[WebServer] ::ffff:127.0.0.1 - - [03/Sep/2026 16:22:17] "GET /docs/assets/img/loader-vias-principales.svg HTTP/1.1" 200 -
[WebServer] ::ffff:127.0.0.1 - - [03/Sep/2026 16:22:17] "GET /docs/data/provincias_wgs84.geojson HTTP/1.1" 200 -
[WebServer] ::ffff:127.0.0.1 - - [03/Sep/2026 16:22:17] "GET /docs/data/cantones_indice.json HTTP/1.1" 200 -
[WebServer] ::ffff:127.0.0.1 - - [03/Sep/2026 16:22:18] "GET /docs/ HTTP/1.1" 200 -
[WebServer] ::ffff:127.0.0.1 - - [03/Sep/2026 16:22:18] "GET /docs/assets/css/driver.css HTTP/1.1" 200 -
[WebServer] ::ffff:127.0.0.1 - - [03/Sep/2026 16:22:18] "GET /docs/assets/css/geoportal-core.css?v=0.10.49 HTTP/1.1" 200 -
[WebServer] ::ffff:127.0.0.1 - - [03/Sep/2026 16:22:18] "GET /docs/assets/css/geoportal-experience.css?v=0.10.49 HTTP/1.1" 200 -
[WebServer] ::ffff:127.0.0.1 - - [03/Sep/2026 16:22:18] "GET /docs/assets/css/geoportal-mobile.css?v=0.10.49 HTTP/1.1" 200 -
[WebServer] ::ffff:127.0.0.1 - - [03/Sep/2026 16:22:18] "GET /docs/assets/js/vendor/leaflet-heat.js HTTP/1.1" 200 -
[WebServer] ::ffff:127.0.0.1 - - [03/Sep/2026 16:22:18] "GET /docs/assets/js/vendor/simple-statistics.min.js HTTP/1.1" 200 -
[WebServer] ::ffff:127.0.0.1 - - [03/Sep/2026 16:22:18] "GET /docs/assets/js/vendor/driver.min.js HTTP/1.1" 200 -
[WebServer] ::ffff:127.0.0.1 - - [03/Sep/2026 16:22:18] "GET /docs/assets/js/vendor/html2canvas.min.js HTTP/1.1" 200 -
[WebServer] ::ffff:127.0.0.1 - - [03/Sep/2026 16:22:18] "GET /docs/assets/js/vendor/jspdf.umd.min.js HTTP/1.1" 200 -
[WebServer] ::ffff:127.0.0.1 - - [03/Sep/2026 16:22:18] "GET /docs/assets/js/geoportal-classification.js?v=0.10.49 HTTP/1.1" 200 -
[WebServer] ::ffff:127.0.0.1 - - [03/Sep/2026 16:22:18] "GET /docs/assets/js/geoportal-registry.js?v=0.10.49 HTTP/1.1" 200 -
[WebServer] ::ffff:127.0.0.1 - - [03/Sep/2026 16:22:18] "GET /docs/assets/js/geoportal-overlay-state.js?v=0.10.49 HTTP/1.1" 200 -
[WebServer] ::ffff:127.0.0.1 - - [03/Sep/2026 16:22:18] "GET /docs/assets/js/geoportal-ant-layer.js?v=0.10.49 HTTP/1.1" 200 -
[WebServer] ::ffff:127.0.0.1 - - [03/Sep/2026 16:22:18] "GET /docs/assets/js/geoportal-experience.js?v=0.10.49 HTTP/1.1" 200 -
[WebServer] ::ffff:127.0.0.1 - - [03/Sep/2026 16:22:18] "GET /docs/assets/js/geoportal-state.js?v=0.10.49 HTTP/1.1" 200 -
[WebServer] ::ffff:127.0.0.1 - - [03/Sep/2026 16:22:18] "GET /docs/assets/js/geoportal-territories.js?v=0.10.49 HTTP/1.1" 200 -
[WebServer] ::ffff:127.0.0.1 - - [03/Sep/2026 16:22:18] "GET /docs/assets/js/geoportal-panels.js?v=0.10.49 HTTP/1.1" 200 -
[WebServer] ::ffff:127.0.0.1 - - [03/Sep/2026 16:22:18] "GET /docs/assets/js/geoportal-institutional.js?v=0.10.49 HTTP/1.1" 200 -
[WebServer] ::ffff:127.0.0.1 - - [03/Sep/2026 16:22:18] "GET /docs/assets/js/geoportal-tour.js?v=0.10.49 HTTP/1.1" 200 -
[WebServer] ::ffff:127.0.0.1 - - [03/Sep/2026 16:22:18] "GET /docs/assets/js/geoportal-catalogo.js?v=0.10.49 HTTP/1.1" 200 -
[WebServer] ::ffff:127.0.0.1 - - [03/Sep/2026 16:22:18] "GET /docs/assets/js/geoportal-app.js?v=0.10.49 HTTP/1.1" 200 -
[WebServer] ::ffff:127.0.0.1 - - [03/Sep/2026 16:22:18] "GET /docs/assets/img/redsa-isotipo-oficial.png HTTP/1.1" 200 -
[WebServer] ::ffff:127.0.0.1 - - [03/Sep/2026 16:22:18] "GET /docs/assets/img/loader-ecuador-contorno.svg HTTP/1.1" 200 -
[WebServer] ::ffff:127.0.0.1 - - [03/Sep/2026 16:22:18] "GET /docs/assets/img/loader-vias-principales.svg HTTP/1.1" 200 -
[WebServer] ::ffff:127.0.0.1 - - [03/Sep/2026 16:22:19] "GET /docs/assets/js/ant-layer-worker.js?v=0.10.49 HTTP/1.1" 200 -
[WebServer] ::ffff:127.0.0.1 - - [03/Sep/2026 16:22:19] "GET /docs/data/provincias_wgs84.geojson HTTP/1.1" 200 -
[WebServer] ::ffff:127.0.0.1 - - [03/Sep/2026 16:22:19] "GET /docs/data/cantones_indice.json HTTP/1.1" 200 -
[WebServer] ::ffff:127.0.0.1 - - [03/Sep/2026 16:22:19] "GET /docs/assets/js/vendor/supercluster.min.js HTTP/1.1" 200 -
[WebServer] ::ffff:127.0.0.1 - - [03/Sep/2026 16:22:19] "GET /docs/data/siniestros_ant_2025_heat.json?v=ant-public-2026-07-31-location-audit-v1 HTTP/1.1" 200 -
[WebServer] ::ffff:127.0.0.1 - - [03/Sep/2026 16:22:20] "GET /docs/data/catalogo_metadatos.json HTTP/1.1" 200 -
[WebServer] ::ffff:127.0.0.1 - - [03/Sep/2026 16:22:22] "GET /docs/index.html HTTP/1.1" 200 -
[WebServer] ::ffff:127.0.0.1 - - [03/Sep/2026 16:22:22] "GET /docs/assets/css/driver.css HTTP/1.1" 200 -
[WebServer] ::ffff:127.0.0.1 - - [03/Sep/2026 16:22:22] "GET /docs/assets/css/geoportal-core.css?v=0.10.49 HTTP/1.1" 200 -
[WebServer] ::ffff:127.0.0.1 - - [03/Sep/2026 16:22:22] "GET /docs/assets/css/geoportal-experience.css?v=0.10.49 HTTP/1.1" 200 -
[WebServer] ::ffff:127.0.0.1 - - [03/Sep/2026 16:22:22] "GET /docs/assets/css/geoportal-mobile.css?v=0.10.49 HTTP/1.1" 200 -
[WebServer] ::ffff:127.0.0.1 - - [03/Sep/2026 16:22:22] "GET /docs/assets/js/vendor/leaflet-heat.js HTTP/1.1" 200 -
[WebServer] ::ffff:127.0.0.1 - - [03/Sep/2026 16:22:22] "GET /docs/assets/js/vendor/simple-statistics.min.js HTTP/1.1" 200 -
[WebServer] ::ffff:127.0.0.1 - - [03/Sep/2026 16:22:22] "GET /docs/assets/js/vendor/driver.min.js HTTP/1.1" 200 -
[WebServer] ::ffff:127.0.0.1 - - [03/Sep/2026 16:22:22] "GET /docs/assets/js/vendor/html2canvas.min.js HTTP/1.1" 200 -
[WebServer] ::ffff:127.0.0.1 - - [03/Sep/2026 16:22:22] "GET /docs/assets/js/vendor/jspdf.umd.min.js HTTP/1.1" 200 -
[WebServer] ::ffff:127.0.0.1 - - [03/Sep/2026 16:22:22] "GET /docs/assets/js/geoportal-classification.js?v=0.10.49 HTTP/1.1" 200 -
[WebServer] ::ffff:127.0.0.1 - - [03/Sep/2026 16:22:22] "GET /docs/assets/js/geoportal-registry.js?v=0.10.49 HTTP/1.1" 200 -
[WebServer] ::ffff:127.0.0.1 - - [03/Sep/2026 16:22:22] "GET /docs/assets/js/geoportal-overlay-state.js?v=0.10.49 HTTP/1.1" 200 -
[WebServer] ::ffff:127.0.0.1 - - [03/Sep/2026 16:22:22] "GET /docs/assets/js/geoportal-ant-layer.js?v=0.10.49 HTTP/1.1" 200 -
[WebServer] ::ffff:127.0.0.1 - - [03/Sep/2026 16:22:22] "GET /docs/assets/js/geoportal-experience.js?v=0.10.49 HTTP/1.1" 200 -
[WebServer] ::ffff:127.0.0.1 - - [03/Sep/2026 16:22:22] "GET /docs/assets/js/geoportal-state.js?v=0.10.49 HTTP/1.1" 200 -
[WebServer] ::ffff:127.0.0.1 - - [03/Sep/2026 16:22:22] "GET /docs/assets/js/geoportal-territories.js?v=0.10.49 HTTP/1.1" 200 -
[WebServer] ::ffff:127.0.0.1 - - [03/Sep/2026 16:22:22] "GET /docs/assets/js/geoportal-panels.js?v=0.10.49 HTTP/1.1" 200 -
[WebServer] ::ffff:127.0.0.1 - - [03/Sep/2026 16:22:22] "GET /docs/assets/js/geoportal-institutional.js?v=0.10.49 HTTP/1.1" 200 -
[WebServer] ::ffff:127.0.0.1 - - [03/Sep/2026 16:22:22] "GET /docs/assets/js/geoportal-tour.js?v=0.10.49 HTTP/1.1" 200 -
[WebServer] ::ffff:127.0.0.1 - - [03/Sep/2026 16:22:22] "GET /docs/assets/js/geoportal-catalogo.js?v=0.10.49 HTTP/1.1" 200 -
[WebServer] ::ffff:127.0.0.1 - - [03/Sep/2026 16:22:22] "GET /docs/assets/js/geoportal-app.js?v=0.10.49 HTTP/1.1" 200 -
[WebServer] ::ffff:127.0.0.1 - - [03/Sep/2026 16:22:22] "GET /docs/data/provincias_wgs84.geojson HTTP/1.1" 200 -
[WebServer] ::ffff:127.0.0.1 - - [03/Sep/2026 16:22:22] "GET /docs/assets/img/redsa-isotipo-oficial.png HTTP/1.1" 200 -
[WebServer] ::ffff:127.0.0.1 - - [03/Sep/2026 16:22:22] "GET /docs/assets/img/loader-ecuador-contorno.svg HTTP/1.1" 200 -
[WebServer] ::ffff:127.0.0.1 - - [03/Sep/2026 16:22:22] "GET /docs/assets/img/loader-vias-principales.svg HTTP/1.1" 200 -
[WebServer] ::ffff:127.0.0.1 - - [03/Sep/2026 16:22:22] "GET /docs/data/provincias_wgs84.geojson HTTP/1.1" 200 -
[WebServer] ::ffff:127.0.0.1 - - [03/Sep/2026 16:22:22] "GET /docs/data/cantones_indice.json HTTP/1.1" 200 -
[WebServer] ::ffff:127.0.0.1 - - [03/Sep/2026 16:22:24] "GET /docs/assets/js/ant-layer-worker.js?v=0.10.49 HTTP/1.1" 200 -
[WebServer] ::ffff:127.0.0.1 - - [03/Sep/2026 16:22:24] "GET /docs/assets/js/vendor/supercluster.min.js HTTP/1.1" 200 -
[WebServer] ::ffff:127.0.0.1 - - [03/Sep/2026 16:22:24] "GET /docs/data/siniestros_ant_2025_heat.json?v=ant-public-2026-07-31-location-audit-v1 HTTP/1.1" 200 -
[WebServer] ::ffff:127.0.0.1 - - [03/Sep/2026 16:22:25] "GET /docs/data/siniestros_ant_2025.geojson?v=ant-public-2026-07-31-location-audit-v1 HTTP/1.1" 200 -
[WebServer] ::ffff:127.0.0.1 - - [03/Sep/2026 16:22:25] "GET /docs/data/cantones_wgs84.geojson HTTP/1.1" 200 -
[WebServer] ::ffff:127.0.0.1 - - [03/Sep/2026 16:22:25] "GET /docs/data/hotspots_cantonales.json HTTP/1.1" 200 -
[WebServer] ::ffff:127.0.0.1 - - [03/Sep/2026 16:22:26] "GET /docs/ HTTP/1.1" 200 -
[WebServer] ::ffff:127.0.0.1 - - [03/Sep/2026 16:22:26] "GET /docs/assets/css/driver.css HTTP/1.1" 200 -
[WebServer] ::ffff:127.0.0.1 - - [03/Sep/2026 16:22:26] "GET /docs/assets/js/vendor/leaflet-heat.js HTTP/1.1" 200 -
[WebServer] ::ffff:127.0.0.1 - - [03/Sep/2026 16:22:26] "GET /docs/assets/css/geoportal-mobile.css?v=0.10.49 HTTP/1.1" 200 -
[WebServer] ::ffff:127.0.0.1 - - [03/Sep/2026 16:22:26] "GET /docs/assets/css/geoportal-experience.css?v=0.10.49 HTTP/1.1" 200 -
[WebServer] ::ffff:127.0.0.1 - - [03/Sep/2026 16:22:26] "GET /docs/assets/css/geoportal-core.css?v=0.10.49 HTTP/1.1" 200 -
[WebServer] ::ffff:127.0.0.1 - - [03/Sep/2026 16:22:26] "GET /docs/assets/js/vendor/simple-statistics.min.js HTTP/1.1" 200 -
[WebServer] ::ffff:127.0.0.1 - - [03/Sep/2026 16:22:26] "GET /docs/assets/js/vendor/driver.min.js HTTP/1.1" 200 -
[WebServer] ::ffff:127.0.0.1 - - [03/Sep/2026 16:22:26] "GET /docs/assets/js/vendor/html2canvas.min.js HTTP/1.1" 200 -
[WebServer] ::ffff:127.0.0.1 - - [03/Sep/2026 16:22:26] "GET /docs/assets/js/vendor/jspdf.umd.min.js HTTP/1.1" 200 -
[WebServer] ::ffff:127.0.0.1 - - [03/Sep/2026 16:22:26] "GET /docs/assets/js/geoportal-classification.js?v=0.10.49 HTTP/1.1" 200 -
[WebServer] ::ffff:127.0.0.1 - - [03/Sep/2026 16:22:26] "GET /docs/assets/js/geoportal-registry.js?v=0.10.49 HTTP/1.1" 200 -
[WebServer] ::ffff:127.0.0.1 - - [03/Sep/2026 16:22:26] "GET /docs/assets/js/geoportal-overlay-state.js?v=0.10.49 HTTP/1.1" 200 -
[WebServer] ::ffff:127.0.0.1 - - [03/Sep/2026 16:22:26] "GET /docs/assets/js/geoportal-ant-layer.js?v=0.10.49 HTTP/1.1" 200 -
[WebServer] ::ffff:127.0.0.1 - - [03/Sep/2026 16:22:26] "GET /docs/assets/js/geoportal-experience.js?v=0.10.49 HTTP/1.1" 200 -
[WebServer] ::ffff:127.0.0.1 - - [03/Sep/2026 16:22:26] "GET /docs/assets/js/geoportal-state.js?v=0.10.49 HTTP/1.1" 200 -
[WebServer] ::ffff:127.0.0.1 - - [03/Sep/2026 16:22:26] "GET /docs/assets/js/geoportal-territories.js?v=0.10.49 HTTP/1.1" 200 -
[WebServer] ::ffff:127.0.0.1 - - [03/Sep/2026 16:22:26] "GET /docs/assets/js/geoportal-panels.js?v=0.10.49 HTTP/1.1" 200 -
[WebServer] ::ffff:127.0.0.1 - - [03/Sep/2026 16:22:26] "GET /docs/assets/js/geoportal-institutional.js?v=0.10.49 HTTP/1.1" 200 -
[WebServer] ::ffff:127.0.0.1 - - [03/Sep/2026 16:22:26] "GET /docs/assets/img/redsa-isotipo-oficial.png HTTP/1.1" 200 -
[WebServer] ::ffff:127.0.0.1 - - [03/Sep/2026 16:22:26] "GET /docs/assets/js/geoportal-app.js?v=0.10.49 HTTP/1.1" 200 -
[WebServer] ::ffff:127.0.0.1 - - [03/Sep/2026 16:22:26] "GET /docs/assets/js/geoportal-catalogo.js?v=0.10.49 HTTP/1.1" 200 -
[WebServer] ::ffff:127.0.0.1 - - [03/Sep/2026 16:22:26] "GET /docs/assets/js/geoportal-tour.js?v=0.10.49 HTTP/1.1" 200 -
[WebServer] ::ffff:127.0.0.1 - - [03/Sep/2026 16:22:26] "GET /docs/assets/img/loader-ecuador-contorno.svg HTTP/1.1" 200 -
[WebServer] ::ffff:127.0.0.1 - - [03/Sep/2026 16:22:26] "GET /docs/assets/img/loader-vias-principales.svg HTTP/1.1" 200 -
[WebServer] ::ffff:127.0.0.1 - - [03/Sep/2026 16:22:27] "GET /docs/data/provincias_wgs84.geojson HTTP/1.1" 200 -
[WebServer] ::ffff:127.0.0.1 - - [03/Sep/2026 16:22:27] "GET /docs/data/cantones_indice.json HTTP/1.1" 200 -
[WebServer] ::ffff:127.0.0.1 - - [03/Sep/2026 16:22:28] "GET /docs/index.html HTTP/1.1" 200 -
[WebServer] ::ffff:127.0.0.1 - - [03/Sep/2026 16:22:28] "GET /docs/assets/css/driver.css HTTP/1.1" 200 -
[WebServer] ::ffff:127.0.0.1 - - [03/Sep/2026 16:22:28] "GET /docs/assets/css/geoportal-core.css?v=0.10.49 HTTP/1.1" 200 -
[WebServer] ::ffff:127.0.0.1 - - [03/Sep/2026 16:22:28] "GET /docs/assets/css/geoportal-experience.css?v=0.10.49 HTTP/1.1" 200 -
[WebServer] ::ffff:127.0.0.1 - - [03/Sep/2026 16:22:28] "GET /docs/assets/css/geoportal-mobile.css?v=0.10.49 HTTP/1.1" 200 -
[WebServer] ::ffff:127.0.0.1 - - [03/Sep/2026 16:22:28] "GET /docs/assets/js/vendor/leaflet-heat.js HTTP/1.1" 200 -
[WebServer] ::ffff:127.0.0.1 - - [03/Sep/2026 16:22:28] "GET /docs/assets/js/vendor/simple-statistics.min.js HTTP/1.1" 200 -
[WebServer] ::ffff:127.0.0.1 - - [03/Sep/2026 16:22:28] "GET /docs/assets/js/vendor/driver.min.js HTTP/1.1" 200 -
[WebServer] ::ffff:127.0.0.1 - - [03/Sep/2026 16:22:28] "GET /docs/assets/js/vendor/html2canvas.min.js HTTP/1.1" 200 -
[WebServer] ::ffff:127.0.0.1 - - [03/Sep/2026 16:22:28] "GET /docs/assets/js/vendor/jspdf.umd.min.js HTTP/1.1" 200 -
[WebServer] ::ffff:127.0.0.1 - - [03/Sep/2026 16:22:28] "GET /docs/assets/js/geoportal-classification.js?v=0.10.49 HTTP/1.1" 200 -
[WebServer] ::ffff:127.0.0.1 - - [03/Sep/2026 16:22:28] "GET /docs/assets/js/geoportal-registry.js?v=0.10.49 HTTP/1.1" 200 -
[WebServer] ::ffff:127.0.0.1 - - [03/Sep/2026 16:22:28] "GET /docs/assets/js/geoportal-overlay-state.js?v=0.10.49 HTTP/1.1" 200 -
[WebServer] ::ffff:127.0.0.1 - - [03/Sep/2026 16:22:28] "GET /docs/assets/js/geoportal-ant-layer.js?v=0.10.49 HTTP/1.1" 200 -
[WebServer] ::ffff:127.0.0.1 - - [03/Sep/2026 16:22:28] "GET /docs/assets/js/geoportal-experience.js?v=0.10.49 HTTP/1.1" 200 -
[WebServer] ::ffff:127.0.0.1 - - [03/Sep/2026 16:22:28] "GET /docs/assets/js/geoportal-state.js?v=0.10.49 HTTP/1.1" 200 -
[WebServer] ::ffff:127.0.0.1 - - [03/Sep/2026 16:22:28] "GET /docs/assets/js/geoportal-territories.js?v=0.10.49 HTTP/1.1" 200 -
[WebServer] ::ffff:127.0.0.1 - - [03/Sep/2026 16:22:28] "GET /docs/assets/js/geoportal-panels.js?v=0.10.49 HTTP/1.1" 200 -
[WebServer] ::ffff:127.0.0.1 - - [03/Sep/2026 16:22:28] "GET /docs/assets/js/geoportal-institutional.js?v=0.10.49 HTTP/1.1" 200 -
[WebServer] ::ffff:127.0.0.1 - - [03/Sep/2026 16:22:28] "GET /docs/assets/js/geoportal-tour.js?v=0.10.49 HTTP/1.1" 200 -
[WebServer] ::ffff:127.0.0.1 - - [03/Sep/2026 16:22:28] "GET /docs/assets/js/geoportal-catalogo.js?v=0.10.49 HTTP/1.1" 200 -
[WebServer] ::ffff:127.0.0.1 - - [03/Sep/2026 16:22:28] "GET /docs/assets/js/geoportal-app.js?v=0.10.49 HTTP/1.1" 200 -
[WebServer] ::ffff:127.0.0.1 - - [03/Sep/2026 16:22:28] "GET /docs/assets/img/redsa-isotipo-oficial.png HTTP/1.1" 200 -
[WebServer] ::ffff:127.0.0.1 - - [03/Sep/2026 16:22:28] "GET /docs/assets/img/loader-ecuador-contorno.svg HTTP/1.1" 200 -
[WebServer] ::ffff:127.0.0.1 - - [03/Sep/2026 16:22:28] "GET /docs/assets/img/loader-vias-principales.svg HTTP/1.1" 200 -
[WebServer] ::ffff:127.0.0.1 - - [03/Sep/2026 16:22:29] "GET /docs/data/provincias_wgs84.geojson HTTP/1.1" 200 -
[WebServer] ::ffff:127.0.0.1 - - [03/Sep/2026 16:22:29] "GET /docs/data/cantones_indice.json HTTP/1.1" 200 -
[WebServer] ::ffff:127.0.0.1 - - [03/Sep/2026 16:22:30] "GET /docs/data/parroquias_wgs84.geojson HTTP/1.1" 200 -
[WebServer] ::ffff:127.0.0.1 - - [03/Sep/2026 16:22:30] "GET /docs/ HTTP/1.1" 200 -
[WebServer] ::ffff:127.0.0.1 - - [03/Sep/2026 16:22:30] "GET /docs/assets/css/driver.css HTTP/1.1" 200 -
[WebServer] ::ffff:127.0.0.1 - - [03/Sep/2026 16:22:30] "GET /docs/assets/css/geoportal-core.css?v=0.10.49 HTTP/1.1" 200 -
[WebServer] ::ffff:127.0.0.1 - - [03/Sep/2026 16:22:30] "GET /docs/assets/css/geoportal-experience.css?v=0.10.49 HTTP/1.1" 200 -
[WebServer] ::ffff:127.0.0.1 - - [03/Sep/2026 16:22:30] "GET /docs/assets/css/geoportal-mobile.css?v=0.10.49 HTTP/1.1" 200 -
[WebServer] ::ffff:127.0.0.1 - - [03/Sep/2026 16:22:30] "GET /docs/assets/js/vendor/leaflet-heat.js HTTP/1.1" 200 -
[WebServer] ::ffff:127.0.0.1 - - [03/Sep/2026 16:22:30] "GET /docs/assets/js/vendor/simple-statistics.min.js HTTP/1.1" 200 -
[WebServer] ::ffff:127.0.0.1 - - [03/Sep/2026 16:22:30] "GET /docs/assets/js/vendor/driver.min.js HTTP/1.1" 200 -
[WebServer] ::ffff:127.0.0.1 - - [03/Sep/2026 16:22:30] "GET /docs/assets/js/vendor/html2canvas.min.js HTTP/1.1" 200 -
[WebServer] ::ffff:127.0.0.1 - - [03/Sep/2026 16:22:30] "GET /docs/assets/js/vendor/jspdf.umd.min.js HTTP/1.1" 200 -
[WebServer] ::ffff:127.0.0.1 - - [03/Sep/2026 16:22:30] "GET /docs/assets/js/geoportal-classification.js?v=0.10.49 HTTP/1.1" 200 -
[WebServer] ::ffff:127.0.0.1 - - [03/Sep/2026 16:22:31] "GET /docs/assets/js/geoportal-registry.js?v=0.10.49 HTTP/1.1" 200 -
[WebServer] ::ffff:127.0.0.1 - - [03/Sep/2026 16:22:31] "GET /docs/assets/js/geoportal-overlay-state.js?v=0.10.49 HTTP/1.1" 200 -
[WebServer] ::ffff:127.0.0.1 - - [03/Sep/2026 16:22:31] "GET /docs/assets/js/geoportal-ant-layer.js?v=0.10.49 HTTP/1.1" 200 -
[WebServer] ::ffff:127.0.0.1 - - [03/Sep/2026 16:22:31] "GET /docs/assets/js/geoportal-experience.js?v=0.10.49 HTTP/1.1" 200 -
[WebServer] ::ffff:127.0.0.1 - - [03/Sep/2026 16:22:31] "GET /docs/assets/js/geoportal-state.js?v=0.10.49 HTTP/1.1" 200 -
[WebServer] ::ffff:127.0.0.1 - - [03/Sep/2026 16:22:31] "GET /docs/assets/js/geoportal-territories.js?v=0.10.49 HTTP/1.1" 200 -
[WebServer] ::ffff:127.0.0.1 - - [03/Sep/2026 16:22:31] "GET /docs/assets/js/geoportal-panels.js?v=0.10.49 HTTP/1.1" 200 -
[WebServer] ::ffff:127.0.0.1 - - [03/Sep/2026 16:22:31] "GET /docs/assets/js/geoportal-institutional.js?v=0.10.49 HTTP/1.1" 200 -
[WebServer] ::ffff:127.0.0.1 - - [03/Sep/2026 16:22:31] "GET /docs/assets/js/geoportal-tour.js?v=0.10.49 HTTP/1.1" 200 -
[WebServer] ::ffff:127.0.0.1 - - [03/Sep/2026 16:22:31] "GET /docs/assets/js/geoportal-catalogo.js?v=0.10.49 HTTP/1.1" 200 -
[WebServer] ::ffff:127.0.0.1 - - [03/Sep/2026 16:22:31] "GET /docs/assets/js/geoportal-app.js?v=0.10.49 HTTP/1.1" 200 -
[WebServer] ::ffff:127.0.0.1 - - [03/Sep/2026 16:22:31] "GET /docs/assets/img/redsa-isotipo-oficial.png HTTP/1.1" 200 -
[WebServer] ::ffff:127.0.0.1 - - [03/Sep/2026 16:22:31] "GET /docs/assets/img/loader-ecuador-contorno.svg HTTP/1.1" 200 -
[WebServer] ::ffff:127.0.0.1 - - [03/Sep/2026 16:22:31] "GET /docs/assets/img/loader-vias-principales.svg HTTP/1.1" 200 -
[WebServer] ::ffff:127.0.0.1 - - [03/Sep/2026 16:22:31] "GET /docs/data/provincias_wgs84.geojson HTTP/1.1" 200 -
[WebServer] ::ffff:127.0.0.1 - - [03/Sep/2026 16:22:31] "GET /docs/data/cantones_indice.json HTTP/1.1" 200 -
[WebServer] ::ffff:127.0.0.1 - - [03/Sep/2026 16:22:32] "GET /docs/index.html HTTP/1.1" 200 -
[WebServer] ::ffff:127.0.0.1 - - [03/Sep/2026 16:22:32] "GET /docs/assets/css/geoportal-core.css?v=0.10.49 HTTP/1.1" 200 -
[WebServer] ::ffff:127.0.0.1 - - [03/Sep/2026 16:22:32] "GET /docs/assets/css/driver.css HTTP/1.1" 200 -
[WebServer] ::ffff:127.0.0.1 - - [03/Sep/2026 16:22:32] "GET /docs/assets/css/geoportal-experience.css?v=0.10.49 HTTP/1.1" 200 -
[WebServer] ::ffff:127.0.0.1 - - [03/Sep/2026 16:22:33] "GET /docs/assets/css/geoportal-mobile.css?v=0.10.49 HTTP/1.1" 200 -
[WebServer] ::ffff:127.0.0.1 - - [03/Sep/2026 16:22:33] "GET /docs/assets/js/vendor/leaflet-heat.js HTTP/1.1" 200 -
[WebServer] ::ffff:127.0.0.1 - - [03/Sep/2026 16:22:33] "GET /docs/assets/js/vendor/simple-statistics.min.js HTTP/1.1" 200 -
[WebServer] ::ffff:127.0.0.1 - - [03/Sep/2026 16:22:33] "GET /docs/assets/js/vendor/driver.min.js HTTP/1.1" 200 -
[WebServer] ::ffff:127.0.0.1 - - [03/Sep/2026 16:22:33] "GET /docs/assets/js/vendor/html2canvas.min.js HTTP/1.1" 200 -
[WebServer] ::ffff:127.0.0.1 - - [03/Sep/2026 16:22:33] "GET /docs/assets/js/vendor/jspdf.umd.min.js HTTP/1.1" 200 -
[WebServer] ::ffff:127.0.0.1 - - [03/Sep/2026 16:22:33] "GET /docs/assets/js/geoportal-classification.js?v=0.10.49 HTTP/1.1" 200 -
[WebServer] ::ffff:127.0.0.1 - - [03/Sep/2026 16:22:33] "GET /docs/assets/js/geoportal-registry.js?v=0.10.49 HTTP/1.1" 200 -
[WebServer] ::ffff:127.0.0.1 - - [03/Sep/2026 16:22:33] "GET /docs/assets/js/geoportal-overlay-state.js?v=0.10.49 HTTP/1.1" 200 -
[WebServer] ::ffff:127.0.0.1 - - [03/Sep/2026 16:22:33] "GET /docs/assets/js/geoportal-ant-layer.js?v=0.10.49 HTTP/1.1" 200 -
[WebServer] ::ffff:127.0.0.1 - - [03/Sep/2026 16:22:33] "GET /docs/assets/js/geoportal-experience.js?v=0.10.49 HTTP/1.1" 200 -
[WebServer] ::ffff:127.0.0.1 - - [03/Sep/2026 16:22:33] "GET /docs/assets/js/geoportal-state.js?v=0.10.49 HTTP/1.1" 200 -
[WebServer] ::ffff:127.0.0.1 - - [03/Sep/2026 16:22:33] "GET /docs/assets/js/geoportal-territories.js?v=0.10.49 HTTP/1.1" 200 -
[WebServer] ::ffff:127.0.0.1 - - [03/Sep/2026 16:22:33] "GET /docs/assets/js/geoportal-panels.js?v=0.10.49 HTTP/1.1" 200 -
[WebServer] ::ffff:127.0.0.1 - - [03/Sep/2026 16:22:33] "GET /docs/assets/js/geoportal-institutional.js?v=0.10.49 HTTP/1.1" 200 -
[WebServer] ::ffff:127.0.0.1 - - [03/Sep/2026 16:22:33] "GET /docs/assets/js/geoportal-tour.js?v=0.10.49 HTTP/1.1" 200 -
[WebServer] ::ffff:127.0.0.1 - - [03/Sep/2026 16:22:33] "GET /docs/assets/js/geoportal-catalogo.js?v=0.10.49 HTTP/1.1" 200 -
[WebServer] ::ffff:127.0.0.1 - - [03/Sep/2026 16:22:33] "GET /docs/assets/js/geoportal-app.js?v=0.10.49 HTTP/1.1" 200 -
[WebServer] ::ffff:127.0.0.1 - - [03/Sep/2026 16:22:33] "GET /docs/assets/img/redsa-isotipo-oficial.png HTTP/1.1" 200 -
[WebServer] ::ffff:127.0.0.1 - - [03/Sep/2026 16:22:33] "GET /docs/assets/img/loader-ecuador-contorno.svg HTTP/1.1" 200 -
[WebServer] ::ffff:127.0.0.1 - - [03/Sep/2026 16:22:33] "GET /docs/assets/img/loader-vias-principales.svg HTTP/1.1" 200 -
[WebServer] ::ffff:127.0.0.1 - - [03/Sep/2026 16:22:33] "GET /docs/data/provincias_wgs84.geojson HTTP/1.1" 200 -
[WebServer] ::ffff:127.0.0.1 - - [03/Sep/2026 16:22:33] "GET /docs/data/cantones_indice.json HTTP/1.1" 200 -
[WebServer] ::ffff:127.0.0.1 - - [03/Sep/2026 16:22:34] "GET /docs/ HTTP/1.1" 200 -
[WebServer] ::ffff:127.0.0.1 - - [03/Sep/2026 16:22:34] "GET /docs/assets/css/driver.css HTTP/1.1" 200 -
[WebServer] ::ffff:127.0.0.1 - - [03/Sep/2026 16:22:34] "GET /docs/assets/css/geoportal-core.css?v=0.10.49 HTTP/1.1" 200 -
[WebServer] ::ffff:127.0.0.1 - - [03/Sep/2026 16:22:34] "GET /docs/assets/css/geoportal-experience.css?v=0.10.49 HTTP/1.1" 200 -
[WebServer] ::ffff:127.0.0.1 - - [03/Sep/2026 16:22:34] "GET /docs/assets/css/geoportal-mobile.css?v=0.10.49 HTTP/1.1" 200 -
[WebServer] ::ffff:127.0.0.1 - - [03/Sep/2026 16:22:34] "GET /docs/assets/js/vendor/leaflet-heat.js HTTP/1.1" 200 -
[WebServer] ::ffff:127.0.0.1 - - [03/Sep/2026 16:22:34] "GET /docs/assets/js/vendor/simple-statistics.min.js HTTP/1.1" 200 -
[WebServer] ::ffff:127.0.0.1 - - [03/Sep/2026 16:22:34] "GET /docs/assets/js/vendor/driver.min.js HTTP/1.1" 200 -
[WebServer] ::ffff:127.0.0.1 - - [03/Sep/2026 16:22:34] "GET /docs/assets/js/vendor/html2canvas.min.js HTTP/1.1" 200 -
[WebServer] ::ffff:127.0.0.1 - - [03/Sep/2026 16:22:34] "GET /docs/assets/js/vendor/jspdf.umd.min.js HTTP/1.1" 200 -
[WebServer] ::ffff:127.0.0.1 - - [03/Sep/2026 16:22:34] "GET /docs/assets/js/geoportal-classification.js?v=0.10.49 HTTP/1.1" 200 -
[WebServer] ::ffff:127.0.0.1 - - [03/Sep/2026 16:22:34] "GET /docs/assets/js/geoportal-registry.js?v=0.10.49 HTTP/1.1" 200 -
[WebServer] ::ffff:127.0.0.1 - - [03/Sep/2026 16:22:34] "GET /docs/assets/js/geoportal-overlay-state.js?v=0.10.49 HTTP/1.1" 200 -
[WebServer] ::ffff:127.0.0.1 - - [03/Sep/2026 16:22:34] "GET /docs/assets/js/geoportal-ant-layer.js?v=0.10.49 HTTP/1.1" 200 -
[WebServer] ::ffff:127.0.0.1 - - [03/Sep/2026 16:22:34] "GET /docs/assets/js/geoportal-experience.js?v=0.10.49 HTTP/1.1" 200 -
[WebServer] ::ffff:127.0.0.1 - - [03/Sep/2026 16:22:34] "GET /docs/assets/js/geoportal-state.js?v=0.10.49 HTTP/1.1" 200 -
[WebServer] ::ffff:127.0.0.1 - - [03/Sep/2026 16:22:34] "GET /docs/assets/js/geoportal-territories.js?v=0.10.49 HTTP/1.1" 200 -
[WebServer] ::ffff:127.0.0.1 - - [03/Sep/2026 16:22:34] "GET /docs/assets/js/geoportal-panels.js?v=0.10.49 HTTP/1.1" 200 -
[WebServer] ::ffff:127.0.0.1 - - [03/Sep/2026 16:22:34] "GET /docs/assets/js/geoportal-institutional.js?v=0.10.49 HTTP/1.1" 200 -
[WebServer] ::ffff:127.0.0.1 - - [03/Sep/2026 16:22:34] "GET /docs/assets/js/geoportal-tour.js?v=0.10.49 HTTP/1.1" 200 -
[WebServer] ::ffff:127.0.0.1 - - [03/Sep/2026 16:22:34] "GET /docs/assets/js/geoportal-catalogo.js?v=0.10.49 HTTP/1.1" 200 -
[WebServer] ::ffff:127.0.0.1 - - [03/Sep/2026 16:22:34] "GET /docs/assets/js/geoportal-app.js?v=0.10.49 HTTP/1.1" 200 -
[WebServer] ::ffff:127.0.0.1 - - [03/Sep/2026 16:22:34] "GET /docs/assets/img/redsa-isotipo-oficial.png HTTP/1.1" 200 -
[WebServer] ::ffff:127.0.0.1 - - [03/Sep/2026 16:22:34] "GET /docs/assets/img/loader-ecuador-contorno.svg HTTP/1.1" 200 -
[WebServer] ::ffff:127.0.0.1 - - [03/Sep/2026 16:22:34] "GET /docs/assets/img/loader-vias-principales.svg HTTP/1.1" 200 -
[WebServer] ::ffff:127.0.0.1 - - [03/Sep/2026 16:22:35] "GET /docs/data/provincias_wgs84.geojson HTTP/1.1" 200 -
[WebServer] ::ffff:127.0.0.1 - - [03/Sep/2026 16:22:35] "GET /docs/data/cantones_indice.json HTTP/1.1" 200 -
[WebServer] ::ffff:127.0.0.1 - - [03/Sep/2026 16:22:35] "GET /docs/assets/js/ant-layer-worker.js?v=0.10.49 HTTP/1.1" 200 -
[WebServer] ::ffff:127.0.0.1 - - [03/Sep/2026 16:22:35] "GET /docs/assets/js/vendor/supercluster.min.js HTTP/1.1" 200 -
[WebServer] ::ffff:127.0.0.1 - - [03/Sep/2026 16:22:35] "GET /docs/data/siniestros_ant_2025_heat.json?v=ant-public-2026-07-31-location-audit-v1 HTTP/1.1" 200 -
[WebServer] ::ffff:127.0.0.1 - - [03/Sep/2026 16:22:36] "GET /docs/data/hotspots_cantonales.json HTTP/1.1" 200 -
[WebServer] ::ffff:127.0.0.1 - - [03/Sep/2026 16:22:36] "GET /docs/data/cantones_wgs84.geojson HTTP/1.1" 200 -
[WebServer] ::ffff:127.0.0.1 - - [03/Sep/2026 16:22:37] "GET /docs/ HTTP/1.1" 200 -
[WebServer] ::ffff:127.0.0.1 - - [03/Sep/2026 16:22:37] "GET /docs/assets/css/driver.css HTTP/1.1" 200 -
[WebServer] ::ffff:127.0.0.1 - - [03/Sep/2026 16:22:37] "GET /docs/assets/css/geoportal-core.css?v=0.10.49 HTTP/1.1" 200 -
[WebServer] ::ffff:127.0.0.1 - - [03/Sep/2026 16:22:37] "GET /docs/assets/css/geoportal-experience.css?v=0.10.49 HTTP/1.1" 200 -
[WebServer] ::ffff:127.0.0.1 - - [03/Sep/2026 16:22:37] "GET /docs/assets/css/geoportal-mobile.css?v=0.10.49 HTTP/1.1" 200 -
[WebServer] ::ffff:127.0.0.1 - - [03/Sep/2026 16:22:37] "GET /docs/assets/js/vendor/leaflet-heat.js HTTP/1.1" 200 -
[WebServer] ::ffff:127.0.0.1 - - [03/Sep/2026 16:22:37] "GET /docs/assets/js/vendor/simple-statistics.min.js HTTP/1.1" 200 -
[WebServer] ::ffff:127.0.0.1 - - [03/Sep/2026 16:22:37] "GET /docs/assets/js/vendor/driver.min.js HTTP/1.1" 200 -
[WebServer] ::ffff:127.0.0.1 - - [03/Sep/2026 16:22:37] "GET /docs/assets/js/vendor/html2canvas.min.js HTTP/1.1" 200 -
[WebServer] ::ffff:127.0.0.1 - - [03/Sep/2026 16:22:37] "GET /docs/assets/js/vendor/jspdf.umd.min.js HTTP/1.1" 200 -
[WebServer] ::ffff:127.0.0.1 - - [03/Sep/2026 16:22:38] "GET /docs/assets/js/geoportal-classification.js?v=0.10.49 HTTP/1.1" 200 -
[WebServer] ::ffff:127.0.0.1 - - [03/Sep/2026 16:22:38] "GET /docs/assets/js/geoportal-registry.js?v=0.10.49 HTTP/1.1" 200 -
[WebServer] ::ffff:127.0.0.1 - - [03/Sep/2026 16:22:38] "GET /docs/assets/js/geoportal-overlay-state.js?v=0.10.49 HTTP/1.1" 200 -
[WebServer] ::ffff:127.0.0.1 - - [03/Sep/2026 16:22:38] "GET /docs/assets/js/geoportal-ant-layer.js?v=0.10.49 HTTP/1.1" 200 -
[WebServer] ::ffff:127.0.0.1 - - [03/Sep/2026 16:22:38] "GET /docs/assets/js/geoportal-experience.js?v=0.10.49 HTTP/1.1" 200 -
[WebServer] ::ffff:127.0.0.1 - - [03/Sep/2026 16:22:38] "GET /docs/assets/js/geoportal-state.js?v=0.10.49 HTTP/1.1" 200 -
[WebServer] ::ffff:127.0.0.1 - - [03/Sep/2026 16:22:38] "GET /docs/assets/js/geoportal-territories.js?v=0.10.49 HTTP/1.1" 200 -
[WebServer] ::ffff:127.0.0.1 - - [03/Sep/2026 16:22:38] "GET /docs/assets/js/geoportal-panels.js?v=0.10.49 HTTP/1.1" 200 -
[WebServer] ::ffff:127.0.0.1 - - [03/Sep/2026 16:22:38] "GET /docs/assets/js/geoportal-institutional.js?v=0.10.49 HTTP/1.1" 200 -
[WebServer] ::ffff:127.0.0.1 - - [03/Sep/2026 16:22:38] "GET /docs/assets/js/geoportal-tour.js?v=0.10.49 HTTP/1.1" 200 -
[WebServer] ::ffff:127.0.0.1 - - [03/Sep/2026 16:22:38] "GET /docs/assets/js/geoportal-catalogo.js?v=0.10.49 HTTP/1.1" 200 -
[WebServer] ::ffff:127.0.0.1 - - [03/Sep/2026 16:22:38] "GET /docs/assets/js/geoportal-app.js?v=0.10.49 HTTP/1.1" 200 -
[WebServer] ::ffff:127.0.0.1 - - [03/Sep/2026 16:22:38] "GET /docs/assets/img/redsa-isotipo-oficial.png HTTP/1.1" 200 -
[WebServer] ::ffff:127.0.0.1 - - [03/Sep/2026 16:22:38] "GET /docs/assets/img/loader-ecuador-contorno.svg HTTP/1.1" 200 -
[WebServer] ::ffff:127.0.0.1 - - [03/Sep/2026 16:22:38] "GET /docs/assets/img/loader-vias-principales.svg HTTP/1.1" 200 -
[WebServer] ::ffff:127.0.0.1 - - [03/Sep/2026 16:22:38] "GET /docs/data/provincias_wgs84.geojson HTTP/1.1" 200 -
[WebServer] ::ffff:127.0.0.1 - - [03/Sep/2026 16:22:38] "GET /docs/data/cantones_indice.json HTTP/1.1" 200 -
[WebServer] ::ffff:127.0.0.1 - - [03/Sep/2026 16:22:40] "GET /docs/ HTTP/1.1" 200 -
[WebServer] ::ffff:127.0.0.1 - - [03/Sep/2026 16:22:40] "GET /docs/assets/css/driver.css HTTP/1.1" 200 -
[WebServer] ::ffff:127.0.0.1 - - [03/Sep/2026 16:22:40] "GET /docs/assets/css/geoportal-core.css?v=0.10.49 HTTP/1.1" 200 -
[WebServer] ::ffff:127.0.0.1 - - [03/Sep/2026 16:22:40] "GET /docs/assets/css/geoportal-experience.css?v=0.10.49 HTTP/1.1" 200 -
[WebServer] ::ffff:127.0.0.1 - - [03/Sep/2026 16:22:40] "GET /docs/assets/css/geoportal-mobile.css?v=0.10.49 HTTP/1.1" 200 -
[WebServer] ::ffff:127.0.0.1 - - [03/Sep/2026 16:22:40] "GET /docs/assets/js/vendor/leaflet-heat.js HTTP/1.1" 200 -
[WebServer] ::ffff:127.0.0.1 - - [03/Sep/2026 16:22:40] "GET /docs/assets/js/vendor/simple-statistics.min.js HTTP/1.1" 200 -
[WebServer] ::ffff:127.0.0.1 - - [03/Sep/2026 16:22:40] "GET /docs/assets/js/vendor/driver.min.js HTTP/1.1" 200 -
[WebServer] ::ffff:127.0.0.1 - - [03/Sep/2026 16:22:40] "GET /docs/assets/js/vendor/html2canvas.min.js HTTP/1.1" 200 -
[WebServer] ::ffff:127.0.0.1 - - [03/Sep/2026 16:22:41] "GET /docs/assets/js/vendor/jspdf.umd.min.js HTTP/1.1" 200 -
[WebServer] ::ffff:127.0.0.1 - - [03/Sep/2026 16:22:41] "GET /docs/assets/js/geoportal-classification.js?v=0.10.49 HTTP/1.1" 200 -
[WebServer] ::ffff:127.0.0.1 - - [03/Sep/2026 16:22:41] "GET /docs/assets/js/geoportal-registry.js?v=0.10.49 HTTP/1.1" 200 -
[WebServer] ::ffff:127.0.0.1 - - [03/Sep/2026 16:22:41] "GET /docs/assets/js/geoportal-overlay-state.js?v=0.10.49 HTTP/1.1" 200 -
[WebServer] ::ffff:127.0.0.1 - - [03/Sep/2026 16:22:41] "GET /docs/assets/js/geoportal-ant-layer.js?v=0.10.49 HTTP/1.1" 200 -
[WebServer] ::ffff:127.0.0.1 - - [03/Sep/2026 16:22:41] "GET /docs/assets/js/geoportal-experience.js?v=0.10.49 HTTP/1.1" 200 -
[WebServer] ::ffff:127.0.0.1 - - [03/Sep/2026 16:22:41] "GET /docs/assets/js/geoportal-state.js?v=0.10.49 HTTP/1.1" 200 -
[WebServer] ::ffff:127.0.0.1 - - [03/Sep/2026 16:22:41] "GET /docs/assets/js/geoportal-territories.js?v=0.10.49 HTTP/1.1" 200 -
[WebServer] ::ffff:127.0.0.1 - - [03/Sep/2026 16:22:41] "GET /docs/assets/js/geoportal-panels.js?v=0.10.49 HTTP/1.1" 200 -
[WebServer] ::ffff:127.0.0.1 - - [03/Sep/2026 16:22:41] "GET /docs/assets/js/geoportal-institutional.js?v=0.10.49 HTTP/1.1" 200 -
[WebServer] ::ffff:127.0.0.1 - - [03/Sep/2026 16:22:41] "GET /docs/assets/js/geoportal-tour.js?v=0.10.49 HTTP/1.1" 200 -
[WebServer] ::ffff:127.0.0.1 - - [03/Sep/2026 16:22:41] "GET /docs/assets/js/geoportal-catalogo.js?v=0.10.49 HTTP/1.1" 200 -
[WebServer] ::ffff:127.0.0.1 - - [03/Sep/2026 16:22:41] "GET /docs/assets/js/geoportal-app.js?v=0.10.49 HTTP/1.1" 200 -
[WebServer] ::ffff:127.0.0.1 - - [03/Sep/2026 16:22:41] "GET /docs/assets/img/redsa-isotipo-oficial.png HTTP/1.1" 200 -
[WebServer] ::ffff:127.0.0.1 - - [03/Sep/2026 16:22:41] "GET /docs/assets/img/loader-ecuador-contorno.svg HTTP/1.1" 200 -
[WebServer] ::ffff:127.0.0.1 - - [03/Sep/2026 16:22:41] "GET /docs/assets/img/loader-vias-principales.svg HTTP/1.1" 200 -
[WebServer] ::ffff:127.0.0.1 - - [03/Sep/2026 16:22:41] "GET /docs/data/provincias_wgs84.geojson HTTP/1.1" 200 -
[WebServer] ::ffff:127.0.0.1 - - [03/Sep/2026 16:22:41] "GET /docs/data/cantones_indice.json HTTP/1.1" 200 -
[WebServer] ::ffff:127.0.0.1 - - [03/Sep/2026 16:22:43] "GET /docs/ HTTP/1.1" 200 -
[WebServer] ::ffff:127.0.0.1 - - [03/Sep/2026 16:22:43] "GET /docs/assets/css/driver.css HTTP/1.1" 200 -
[WebServer] ::ffff:127.0.0.1 - - [03/Sep/2026 16:22:43] "GET /docs/assets/css/geoportal-core.css?v=0.10.49 HTTP/1.1" 200 -
[WebServer] ::ffff:127.0.0.1 - - [03/Sep/2026 16:22:43] "GET /docs/assets/css/geoportal-experience.css?v=0.10.49 HTTP/1.1" 200 -
[WebServer] ::ffff:127.0.0.1 - - [03/Sep/2026 16:22:43] "GET /docs/assets/css/geoportal-mobile.css?v=0.10.49 HTTP/1.1" 200 -
[WebServer] ::ffff:127.0.0.1 - - [03/Sep/2026 16:22:43] "GET /docs/assets/js/vendor/leaflet-heat.js HTTP/1.1" 200 -
[WebServer] ::ffff:127.0.0.1 - - [03/Sep/2026 16:22:43] "GET /docs/assets/js/vendor/simple-statistics.min.js HTTP/1.1" 200 -
[WebServer] ::ffff:127.0.0.1 - - [03/Sep/2026 16:22:43] "GET /docs/assets/js/vendor/driver.min.js HTTP/1.1" 200 -
[WebServer] ::ffff:127.0.0.1 - - [03/Sep/2026 16:22:43] "GET /docs/assets/js/vendor/html2canvas.min.js HTTP/1.1" 200 -
[WebServer] ::ffff:127.0.0.1 - - [03/Sep/2026 16:22:43] "GET /docs/assets/js/vendor/jspdf.umd.min.js HTTP/1.1" 200 -
[WebServer] ::ffff:127.0.0.1 - - [03/Sep/2026 16:22:43] "GET /docs/assets/js/geoportal-classification.js?v=0.10.49 HTTP/1.1" 200 -
[WebServer] ::ffff:127.0.0.1 - - [03/Sep/2026 16:22:43] "GET /docs/assets/js/geoportal-registry.js?v=0.10.49 HTTP/1.1" 200 -
[WebServer] ::ffff:127.0.0.1 - - [03/Sep/2026 16:22:44] "GET /docs/assets/js/geoportal-overlay-state.js?v=0.10.49 HTTP/1.1" 200 -
[WebServer] ::ffff:127.0.0.1 - - [03/Sep/2026 16:22:44] "GET /docs/assets/js/geoportal-ant-layer.js?v=0.10.49 HTTP/1.1" 200 -
[WebServer] ::ffff:127.0.0.1 - - [03/Sep/2026 16:22:44] "GET /docs/ HTTP/1.1" 200 -
[WebServer] ::ffff:127.0.0.1 - - [03/Sep/2026 16:22:44] "GET /docs/assets/js/geoportal-experience.js?v=0.10.49 HTTP/1.1" 200 -
[WebServer] ::ffff:127.0.0.1 - - [03/Sep/2026 16:22:44] "GET /docs/assets/js/geoportal-state.js?v=0.10.49 HTTP/1.1" 200 -
[WebServer] ::ffff:127.0.0.1 - - [03/Sep/2026 16:22:44] "GET /docs/assets/js/geoportal-territories.js?v=0.10.49 HTTP/1.1" 200 -
[WebServer] ::ffff:127.0.0.1 - - [03/Sep/2026 16:22:44] "GET /docs/assets/css/driver.css HTTP/1.1" 200 -
[WebServer] ::ffff:127.0.0.1 - - [03/Sep/2026 16:22:44] "GET /docs/assets/css/geoportal-core.css?v=0.10.49 HTTP/1.1" 200 -
[WebServer] ::ffff:127.0.0.1 - - [03/Sep/2026 16:22:44] "GET /docs/assets/css/geoportal-experience.css?v=0.10.49 HTTP/1.1" 200 -
[WebServer] ::ffff:127.0.0.1 - - [03/Sep/2026 16:22:44] "GET /docs/assets/css/geoportal-mobile.css?v=0.10.49 HTTP/1.1" 200 -
[WebServer] ::ffff:127.0.0.1 - - [03/Sep/2026 16:22:44] "GET /docs/assets/js/geoportal-panels.js?v=0.10.49 HTTP/1.1" 200 -
[WebServer] ::ffff:127.0.0.1 - - [03/Sep/2026 16:22:44] "GET /docs/assets/js/geoportal-institutional.js?v=0.10.49 HTTP/1.1" 200 -
[WebServer] ::ffff:127.0.0.1 - - [03/Sep/2026 16:22:44] "GET /docs/assets/js/geoportal-tour.js?v=0.10.49 HTTP/1.1" 200 -
[WebServer] ::ffff:127.0.0.1 - - [03/Sep/2026 16:22:44] "GET /docs/assets/js/geoportal-catalogo.js?v=0.10.49 HTTP/1.1" 200 -
[WebServer] ::ffff:127.0.0.1 - - [03/Sep/2026 16:22:44] "GET /docs/assets/js/vendor/leaflet-heat.js HTTP/1.1" 200 -
[WebServer] ::ffff:127.0.0.1 - - [03/Sep/2026 16:22:44] "GET /docs/assets/js/vendor/driver.min.js HTTP/1.1" 200 -
[WebServer] ::ffff:127.0.0.1 - - [03/Sep/2026 16:22:44] "GET /docs/assets/js/vendor/simple-statistics.min.js HTTP/1.1" 200 -
[WebServer] ::ffff:127.0.0.1 - - [03/Sep/2026 16:22:44] "GET /docs/assets/js/geoportal-classification.js?v=0.10.49 HTTP/1.1" 200 -
[WebServer] ::ffff:127.0.0.1 - - [03/Sep/2026 16:22:44] "GET /docs/assets/js/vendor/jspdf.umd.min.js HTTP/1.1" 200 -
[WebServer] ::ffff:127.0.0.1 - - [03/Sep/2026 16:22:44] "GET /docs/assets/js/vendor/html2canvas.min.js HTTP/1.1" 200 -
[WebServer] ::ffff:127.0.0.1 - - [03/Sep/2026 16:22:44] "GET /docs/assets/js/geoportal-registry.js?v=0.10.49 HTTP/1.1" 200 -
[WebServer] ::ffff:127.0.0.1 - - [03/Sep/2026 16:22:44] "GET /docs/assets/js/geoportal-app.js?v=0.10.49 HTTP/1.1" 200 -
[WebServer] ::ffff:127.0.0.1 - - [03/Sep/2026 16:22:45] "GET /docs/assets/js/geoportal-overlay-state.js?v=0.10.49 HTTP/1.1" 200 -
[WebServer] ::ffff:127.0.0.1 - - [03/Sep/2026 16:22:45] "GET /docs/assets/js/geoportal-ant-layer.js?v=0.10.49 HTTP/1.1" 200 -
[WebServer] ::ffff:127.0.0.1 - - [03/Sep/2026 16:22:45] "GET /docs/assets/img/redsa-isotipo-oficial.png HTTP/1.1" 200 -
[WebServer] ::ffff:127.0.0.1 - - [03/Sep/2026 16:22:45] "GET /docs/assets/js/geoportal-experience.js?v=0.10.49 HTTP/1.1" 200 -
[WebServer] ::ffff:127.0.0.1 - - [03/Sep/2026 16:22:45] "GET /docs/assets/js/geoportal-state.js?v=0.10.49 HTTP/1.1" 200 -
[WebServer] ::ffff:127.0.0.1 - - [03/Sep/2026 16:22:45] "GET /docs/data/provincias_wgs84.geojson HTTP/1.1" 200 -
[WebServer] ::ffff:127.0.0.1 - - [03/Sep/2026 16:22:45] "GET /docs/assets/js/geoportal-territories.js?v=0.10.49 HTTP/1.1" 200 -
[WebServer] ::ffff:127.0.0.1 - - [03/Sep/2026 16:22:45] "GET /docs/assets/js/geoportal-panels.js?v=0.10.49 HTTP/1.1" 200 -
[WebServer] ::ffff:127.0.0.1 - - [03/Sep/2026 16:22:45] "GET /docs/assets/js/geoportal-institutional.js?v=0.10.49 HTTP/1.1" 200 -
[WebServer] ::ffff:127.0.0.1 - - [03/Sep/2026 16:22:45] "GET /docs/assets/js/geoportal-tour.js?v=0.10.49 HTTP/1.1" 200 -
[WebServer] ::ffff:127.0.0.1 - - [03/Sep/2026 16:22:45] "GET /docs/assets/js/geoportal-catalogo.js?v=0.10.49 HTTP/1.1" 200 -
[WebServer] ::ffff:127.0.0.1 - - [03/Sep/2026 16:22:45] "GET /docs/data/cantones_indice.json HTTP/1.1" 200 -
[WebServer] ::ffff:127.0.0.1 - - [03/Sep/2026 16:22:45] "GET /docs/assets/img/redsa-isotipo-oficial.png HTTP/1.1" 200 -
[WebServer] ::ffff:127.0.0.1 - - [03/Sep/2026 16:22:45] "GET /docs/assets/js/geoportal-app.js?v=0.10.49 HTTP/1.1" 200 -
[WebServer] ::ffff:127.0.0.1 - - [03/Sep/2026 16:22:45] "GET /docs/assets/img/loader-ecuador-contorno.svg HTTP/1.1" 200 -
[WebServer] ::ffff:127.0.0.1 - - [03/Sep/2026 16:22:45] "GET /docs/data/provincias_wgs84.geojson HTTP/1.1" 200 -
[WebServer] ::ffff:127.0.0.1 - - [03/Sep/2026 16:22:45] "GET /docs/data/cantones_indice.json HTTP/1.1" 200 -
[WebServer] ::ffff:127.0.0.1 - - [03/Sep/2026 16:22:46] "GET /docs/assets/img/loader-ecuador-contorno.svg HTTP/1.1" 200 -
[WebServer] ::ffff:127.0.0.1 - - [03/Sep/2026 16:22:46] "GET /docs/assets/img/loader-vias-principales.svg HTTP/1.1" 200 -
[WebServer] ::ffff:127.0.0.1 - - [03/Sep/2026 16:22:46] "GET /docs/assets/img/loader-vias-principales.svg HTTP/1.1" 200 -
[WebServer] ::ffff:127.0.0.1 - - [03/Sep/2026 16:22:48] "GET /docs/ HTTP/1.1" 200 -
[WebServer] ::ffff:127.0.0.1 - - [03/Sep/2026 16:22:48] "GET /docs/assets/css/driver.css HTTP/1.1" 200 -
[WebServer] ::ffff:127.0.0.1 - - [03/Sep/2026 16:22:48] "GET /docs/assets/css/geoportal-core.css?v=0.10.49 HTTP/1.1" 200 -
[WebServer] ::ffff:127.0.0.1 - - [03/Sep/2026 16:22:48] "GET /docs/assets/css/geoportal-experience.css?v=0.10.49 HTTP/1.1" 200 -
[WebServer] ::ffff:127.0.0.1 - - [03/Sep/2026 16:22:48] "GET /docs/assets/css/geoportal-mobile.css?v=0.10.49 HTTP/1.1" 200 -
[WebServer] ::ffff:127.0.0.1 - - [03/Sep/2026 16:22:48] "GET /docs/assets/js/vendor/leaflet-heat.js HTTP/1.1" 200 -
[WebServer] ::ffff:127.0.0.1 - - [03/Sep/2026 16:22:48] "GET /docs/assets/js/vendor/simple-statistics.min.js HTTP/1.1" 200 -
[WebServer] ::ffff:127.0.0.1 - - [03/Sep/2026 16:22:48] "GET /docs/assets/js/vendor/driver.min.js HTTP/1.1" 200 -
[WebServer] ::ffff:127.0.0.1 - - [03/Sep/2026 16:22:48] "GET /docs/assets/js/vendor/html2canvas.min.js HTTP/1.1" 200 -
[WebServer] ::ffff:127.0.0.1 - - [03/Sep/2026 16:22:48] "GET /docs/assets/js/vendor/jspdf.umd.min.js HTTP/1.1" 200 -
[WebServer] ::ffff:127.0.0.1 - - [03/Sep/2026 16:22:48] "GET /docs/ HTTP/1.1" 200 -
[WebServer] ::ffff:127.0.0.1 - - [03/Sep/2026 16:22:48] "GET /docs/assets/css/driver.css HTTP/1.1" 200 -
[WebServer] ::ffff:127.0.0.1 - - [03/Sep/2026 16:22:48] "GET /docs/assets/css/geoportal-core.css?v=0.10.49 HTTP/1.1" 200 -
[WebServer] ::ffff:127.0.0.1 - - [03/Sep/2026 16:22:48] "GET /docs/assets/js/geoportal-classification.js?v=0.10.49 HTTP/1.1" 200 -
[WebServer] ::ffff:127.0.0.1 - - [03/Sep/2026 16:22:48] "GET /docs/assets/css/geoportal-experience.css?v=0.10.49 HTTP/1.1" 200 -
[WebServer] ::ffff:127.0.0.1 - - [03/Sep/2026 16:22:48] "GET /docs/assets/css/geoportal-mobile.css?v=0.10.49 HTTP/1.1" 200 -
[WebServer] ::ffff:127.0.0.1 - - [03/Sep/2026 16:22:48] "GET /docs/assets/js/vendor/leaflet-heat.js HTTP/1.1" 200 -
[WebServer] ::ffff:127.0.0.1 - - [03/Sep/2026 16:22:48] "GET /docs/assets/js/geoportal-registry.js?v=0.10.49 HTTP/1.1" 200 -
[WebServer] ::ffff:127.0.0.1 - - [03/Sep/2026 16:22:48] "GET /docs/assets/js/vendor/simple-statistics.min.js HTTP/1.1" 200 -
[WebServer] ::ffff:127.0.0.1 - - [03/Sep/2026 16:22:48] "GET /docs/assets/js/geoportal-overlay-state.js?v=0.10.49 HTTP/1.1" 200 -
[WebServer] ::ffff:127.0.0.1 - - [03/Sep/2026 16:22:48] "GET /docs/assets/js/vendor/driver.min.js HTTP/1.1" 200 -
[WebServer] ::ffff:127.0.0.1 - - [03/Sep/2026 16:22:48] "GET /docs/assets/js/geoportal-ant-layer.js?v=0.10.49 HTTP/1.1" 200 -
[WebServer] ::ffff:127.0.0.1 - - [03/Sep/2026 16:22:48] "GET /docs/assets/js/vendor/html2canvas.min.js HTTP/1.1" 200 -
[WebServer] ::ffff:127.0.0.1 - - [03/Sep/2026 16:22:48] "GET /docs/assets/js/geoportal-experience.js?v=0.10.49 HTTP/1.1" 200 -
[WebServer] ::ffff:127.0.0.1 - - [03/Sep/2026 16:22:48] "GET /docs/assets/js/geoportal-state.js?v=0.10.49 HTTP/1.1" 200 -
[WebServer] ::ffff:127.0.0.1 - - [03/Sep/2026 16:22:48] "GET /docs/assets/js/geoportal-territories.js?v=0.10.49 HTTP/1.1" 200 -
[WebServer] ::ffff:127.0.0.1 - - [03/Sep/2026 16:22:48] "GET /docs/assets/js/geoportal-panels.js?v=0.10.49 HTTP/1.1" 200 -
[WebServer] ::ffff:127.0.0.1 - - [03/Sep/2026 16:22:48] "GET /docs/assets/js/geoportal-institutional.js?v=0.10.49 HTTP/1.1" 200 -
[WebServer] ::ffff:127.0.0.1 - - [03/Sep/2026 16:22:48] "GET /docs/assets/js/geoportal-tour.js?v=0.10.49 HTTP/1.1" 200 -
[WebServer] ::ffff:127.0.0.1 - - [03/Sep/2026 16:22:48] "GET /docs/assets/js/vendor/jspdf.umd.min.js HTTP/1.1" 200 -
[WebServer] ::ffff:127.0.0.1 - - [03/Sep/2026 16:22:48] "GET /docs/assets/js/geoportal-catalogo.js?v=0.10.49 HTTP/1.1" 200 -
[WebServer] ::ffff:127.0.0.1 - - [03/Sep/2026 16:22:48] "GET /docs/assets/js/geoportal-app.js?v=0.10.49 HTTP/1.1" 200 -
[WebServer] ::ffff:127.0.0.1 - - [03/Sep/2026 16:22:48] "GET /docs/assets/img/redsa-isotipo-oficial.png HTTP/1.1" 200 -
[WebServer] ::ffff:127.0.0.1 - - [03/Sep/2026 16:22:48] "GET /docs/assets/img/loader-ecuador-contorno.svg HTTP/1.1" 200 -
[WebServer] ::ffff:127.0.0.1 - - [03/Sep/2026 16:22:48] "GET /docs/assets/js/geoportal-classification.js?v=0.10.49 HTTP/1.1" 200 -
[WebServer] ::ffff:127.0.0.1 - - [03/Sep/2026 16:22:48] "GET /docs/assets/js/geoportal-registry.js?v=0.10.49 HTTP/1.1" 200 -
[WebServer] ::ffff:127.0.0.1 - - [03/Sep/2026 16:22:48] "GET /docs/assets/js/geoportal-overlay-state.js?v=0.10.49 HTTP/1.1" 200 -
[WebServer] ::ffff:127.0.0.1 - - [03/Sep/2026 16:22:48] "GET /docs/assets/js/geoportal-ant-layer.js?v=0.10.49 HTTP/1.1" 200 -
[WebServer] ::ffff:127.0.0.1 - - [03/Sep/2026 16:22:48] "GET /docs/assets/js/geoportal-experience.js?v=0.10.49 HTTP/1.1" 200 -
[WebServer] ::ffff:127.0.0.1 - - [03/Sep/2026 16:22:48] "GET /docs/assets/js/geoportal-state.js?v=0.10.49 HTTP/1.1" 200 -
[WebServer] ::ffff:127.0.0.1 - - [03/Sep/2026 16:22:48] "GET /docs/assets/js/geoportal-territories.js?v=0.10.49 HTTP/1.1" 200 -
[WebServer] ::ffff:127.0.0.1 - - [03/Sep/2026 16:22:48] "GET /docs/assets/js/geoportal-panels.js?v=0.10.49 HTTP/1.1" 200 -
[WebServer] ::ffff:127.0.0.1 - - [03/Sep/2026 16:22:48] "GET /docs/assets/js/geoportal-institutional.js?v=0.10.49 HTTP/1.1" 200 -
[WebServer] ::ffff:127.0.0.1 - - [03/Sep/2026 16:22:49] "GET /docs/assets/js/geoportal-tour.js?v=0.10.49 HTTP/1.1" 200 -
[WebServer] ::ffff:127.0.0.1 - - [03/Sep/2026 16:22:49] "GET /docs/assets/js/geoportal-catalogo.js?v=0.10.49 HTTP/1.1" 200 -
[WebServer] ::ffff:127.0.0.1 - - [03/Sep/2026 16:22:49] "GET /docs/assets/js/geoportal-app.js?v=0.10.49 HTTP/1.1" 200 -
[WebServer] ::ffff:127.0.0.1 - - [03/Sep/2026 16:22:49] "GET /docs/assets/img/redsa-isotipo-oficial.png HTTP/1.1" 200 -
[WebServer] ::ffff:127.0.0.1 - - [03/Sep/2026 16:22:49] "GET /docs/assets/img/loader-ecuador-contorno.svg HTTP/1.1" 200 -
[WebServer] ::ffff:127.0.0.1 - - [03/Sep/2026 16:22:49] "GET /docs/assets/img/loader-vias-principales.svg HTTP/1.1" 200 -
[WebServer] ::ffff:127.0.0.1 - - [03/Sep/2026 16:22:49] "GET /docs/assets/img/loader-vias-principales.svg HTTP/1.1" 200 -
[WebServer] ::ffff:127.0.0.1 - - [03/Sep/2026 16:22:49] "GET /docs/data/provincias_wgs84.geojson HTTP/1.1" 200 -
[WebServer] ::ffff:127.0.0.1 - - [03/Sep/2026 16:22:49] "GET /docs/data/cantones_indice.json HTTP/1.1" 200 -
[WebServer] ::ffff:127.0.0.1 - - [03/Sep/2026 16:22:49] "GET /docs/data/provincias_wgs84.geojson HTTP/1.1" 200 -
[WebServer] ::ffff:127.0.0.1 - - [03/Sep/2026 16:22:49] "GET /docs/data/cantones_indice.json HTTP/1.1" 200 -
[WebServer] ::ffff:127.0.0.1 - - [03/Sep/2026 16:22:52] "GET /docs/ HTTP/1.1" 200 -
[WebServer] ::ffff:127.0.0.1 - - [03/Sep/2026 16:22:52] "GET /docs/assets/css/driver.css HTTP/1.1" 200 -
[WebServer] ::ffff:127.0.0.1 - - [03/Sep/2026 16:22:52] "GET /docs/assets/css/geoportal-core.css?v=0.10.49 HTTP/1.1" 200 -
[WebServer] ::ffff:127.0.0.1 - - [03/Sep/2026 16:22:52] "GET /docs/assets/css/geoportal-experience.css?v=0.10.49 HTTP/1.1" 200 -
[WebServer] ::ffff:127.0.0.1 - - [03/Sep/2026 16:22:52] "GET /docs/assets/css/geoportal-mobile.css?v=0.10.49 HTTP/1.1" 200 -
[WebServer] ::ffff:127.0.0.1 - - [03/Sep/2026 16:22:52] "GET /docs/assets/js/vendor/leaflet-heat.js HTTP/1.1" 200 -
[WebServer] ::ffff:127.0.0.1 - - [03/Sep/2026 16:22:52] "GET /docs/assets/js/vendor/simple-statistics.min.js HTTP/1.1" 200 -
[WebServer] ::ffff:127.0.0.1 - - [03/Sep/2026 16:22:52] "GET /docs/assets/js/vendor/driver.min.js HTTP/1.1" 200 -
[WebServer] ::ffff:127.0.0.1 - - [03/Sep/2026 16:22:52] "GET /docs/assets/js/vendor/html2canvas.min.js HTTP/1.1" 200 -
[WebServer] ::ffff:127.0.0.1 - - [03/Sep/2026 16:22:52] "GET /docs/assets/js/vendor/jspdf.umd.min.js HTTP/1.1" 200 -
[WebServer] ::ffff:127.0.0.1 - - [03/Sep/2026 16:22:52] "GET /docs/assets/js/geoportal-ant-layer.js?v=0.10.49 HTTP/1.1" 200 -
[WebServer] ::ffff:127.0.0.1 - - [03/Sep/2026 16:22:52] "GET /docs/assets/js/geoportal-overlay-state.js?v=0.10.49 HTTP/1.1" 200 -
[WebServer] ::ffff:127.0.0.1 - - [03/Sep/2026 16:22:52] "GET /docs/assets/js/geoportal-registry.js?v=0.10.49 HTTP/1.1" 200 -
[WebServer] ::ffff:127.0.0.1 - - [03/Sep/2026 16:22:52] "GET /docs/assets/js/geoportal-classification.js?v=0.10.49 HTTP/1.1" 200 -
[WebServer] ::ffff:127.0.0.1 - - [03/Sep/2026 16:22:52] "GET /docs/assets/js/geoportal-experience.js?v=0.10.49 HTTP/1.1" 200 -
[WebServer] ::ffff:127.0.0.1 - - [03/Sep/2026 16:22:52] "GET /docs/assets/js/geoportal-state.js?v=0.10.49 HTTP/1.1" 200 -
[WebServer] ::ffff:127.0.0.1 - - [03/Sep/2026 16:22:53] "GET /docs/assets/js/geoportal-territories.js?v=0.10.49 HTTP/1.1" 200 -
[WebServer] ::ffff:127.0.0.1 - - [03/Sep/2026 16:22:53] "GET /docs/assets/js/geoportal-panels.js?v=0.10.49 HTTP/1.1" 200 -
[WebServer] ::ffff:127.0.0.1 - - [03/Sep/2026 16:22:53] "GET /docs/assets/img/redsa-isotipo-oficial.png HTTP/1.1" 200 -
[WebServer] ::ffff:127.0.0.1 - - [03/Sep/2026 16:22:53] "GET /docs/assets/js/geoportal-institutional.js?v=0.10.49 HTTP/1.1" 200 -
[WebServer] ::ffff:127.0.0.1 - - [03/Sep/2026 16:22:53] "GET /docs/assets/js/geoportal-tour.js?v=0.10.49 HTTP/1.1" 200 -
[WebServer] ::ffff:127.0.0.1 - - [03/Sep/2026 16:22:53] "GET /docs/assets/js/geoportal-catalogo.js?v=0.10.49 HTTP/1.1" 200 -
[WebServer] ::ffff:127.0.0.1 - - [03/Sep/2026 16:22:53] "GET /docs/assets/js/geoportal-app.js?v=0.10.49 HTTP/1.1" 200 -
[WebServer] ::ffff:127.0.0.1 - - [03/Sep/2026 16:22:53] "GET /docs/assets/img/loader-ecuador-contorno.svg HTTP/1.1" 200 -
[WebServer] ::ffff:127.0.0.1 - - [03/Sep/2026 16:22:53] "GET /docs/assets/img/loader-vias-principales.svg HTTP/1.1" 200 -
[WebServer] ::ffff:127.0.0.1 - - [03/Sep/2026 16:22:53] "GET /docs/data/cantones_indice.json HTTP/1.1" 200 -
[WebServer] ::ffff:127.0.0.1 - - [03/Sep/2026 16:22:53] "GET /docs/data/provincias_wgs84.geojson HTTP/1.1" 200 -
[WebServer] ::ffff:127.0.0.1 - - [03/Sep/2026 16:22:54] "GET /docs/ HTTP/1.1" 200 -
[WebServer] ::ffff:127.0.0.1 - - [03/Sep/2026 16:22:54] "GET /docs/assets/css/driver.css HTTP/1.1" 200 -
[WebServer] ::ffff:127.0.0.1 - - [03/Sep/2026 16:22:54] "GET /docs/assets/css/geoportal-core.css?v=0.10.49 HTTP/1.1" 200 -
[WebServer] ::ffff:127.0.0.1 - - [03/Sep/2026 16:22:54] "GET /docs/assets/css/geoportal-experience.css?v=0.10.49 HTTP/1.1" 200 -
[WebServer] ::ffff:127.0.0.1 - - [03/Sep/2026 16:22:54] "GET /docs/assets/css/geoportal-mobile.css?v=0.10.49 HTTP/1.1" 200 -
[WebServer] ::ffff:127.0.0.1 - - [03/Sep/2026 16:22:54] "GET /docs/assets/js/vendor/leaflet-heat.js HTTP/1.1" 200 -
[WebServer] ::ffff:127.0.0.1 - - [03/Sep/2026 16:22:54] "GET /docs/assets/js/vendor/simple-statistics.min.js HTTP/1.1" 200 -
[WebServer] ::ffff:127.0.0.1 - - [03/Sep/2026 16:22:54] "GET /docs/assets/js/vendor/driver.min.js HTTP/1.1" 200 -
[WebServer] ::ffff:127.0.0.1 - - [03/Sep/2026 16:22:54] "GET /docs/assets/js/vendor/html2canvas.min.js HTTP/1.1" 200 -
[WebServer] ::ffff:127.0.0.1 - - [03/Sep/2026 16:22:54] "GET /docs/assets/js/vendor/jspdf.umd.min.js HTTP/1.1" 200 -
[WebServer] ::ffff:127.0.0.1 - - [03/Sep/2026 16:22:54] "GET /docs/assets/js/geoportal-classification.js?v=0.10.49 HTTP/1.1" 200 -
[WebServer] ::ffff:127.0.0.1 - - [03/Sep/2026 16:22:54] "GET /docs/assets/js/geoportal-registry.js?v=0.10.49 HTTP/1.1" 200 -
[WebServer] ::ffff:127.0.0.1 - - [03/Sep/2026 16:22:54] "GET /docs/assets/js/geoportal-overlay-state.js?v=0.10.49 HTTP/1.1" 200 -
[WebServer] ::ffff:127.0.0.1 - - [03/Sep/2026 16:22:54] "GET /docs/assets/js/geoportal-ant-layer.js?v=0.10.49 HTTP/1.1" 200 -
[WebServer] ::ffff:127.0.0.1 - - [03/Sep/2026 16:22:54] "GET /docs/assets/js/geoportal-experience.js?v=0.10.49 HTTP/1.1" 200 -
[WebServer] ::ffff:127.0.0.1 - - [03/Sep/2026 16:22:54] "GET /docs/assets/js/geoportal-state.js?v=0.10.49 HTTP/1.1" 200 -
[WebServer] ::ffff:127.0.0.1 - - [03/Sep/2026 16:22:54] "GET /docs/assets/js/geoportal-territories.js?v=0.10.49 HTTP/1.1" 200 -
[WebServer] ::ffff:127.0.0.1 - - [03/Sep/2026 16:22:55] "GET /docs/assets/js/geoportal-panels.js?v=0.10.49 HTTP/1.1" 200 -
[WebServer] ::ffff:127.0.0.1 - - [03/Sep/2026 16:22:55] "GET /docs/assets/js/geoportal-institutional.js?v=0.10.49 HTTP/1.1" 200 -
[WebServer] ::ffff:127.0.0.1 - - [03/Sep/2026 16:22:55] "GET /docs/data/hotspots_cantonales.json HTTP/1.1" 200 -
[WebServer] ::ffff:127.0.0.1 - - [03/Sep/2026 16:22:55] "GET /docs/data/cantones_wgs84.geojson HTTP/1.1" 200 -
[WebServer] ::ffff:127.0.0.1 - - [03/Sep/2026 16:22:55] "GET /docs/assets/js/geoportal-tour.js?v=0.10.49 HTTP/1.1" 200 -
[WebServer] ::ffff:127.0.0.1 - - [03/Sep/2026 16:22:55] "GET /docs/assets/js/geoportal-catalogo.js?v=0.10.49 HTTP/1.1" 200 -
[WebServer] ::ffff:127.0.0.1 - - [03/Sep/2026 16:22:55] "GET /docs/assets/js/geoportal-app.js?v=0.10.49 HTTP/1.1" 200 -
[WebServer] ::ffff:127.0.0.1 - - [03/Sep/2026 16:22:55] "GET /docs/data/provincias_wgs84.geojson HTTP/1.1" 200 -
[WebServer] ::ffff:127.0.0.1 - - [03/Sep/2026 16:22:55] "GET /docs/data/cantones_indice.json HTTP/1.1" 200 -
[WebServer] ::ffff:127.0.0.1 - - [03/Sep/2026 16:22:55] "GET /docs/assets/img/redsa-isotipo-oficial.png HTTP/1.1" 200 -
[WebServer] ::ffff:127.0.0.1 - - [03/Sep/2026 16:22:55] "GET /docs/assets/img/loader-ecuador-contorno.svg HTTP/1.1" 200 -
[WebServer] ::ffff:127.0.0.1 - - [03/Sep/2026 16:22:56] "GET /docs/assets/img/loader-vias-principales.svg HTTP/1.1" 200 -
[WebServer] ::ffff:127.0.0.1 - - [03/Sep/2026 16:22:56] "GET /docs/data/cantones_wgs84.geojson HTTP/1.1" 200 -
[WebServer] ::ffff:127.0.0.1 - - [03/Sep/2026 16:22:57] "GET /docs/data/hotspots_cantonales.json HTTP/1.1" 200 -
[WebServer] ::ffff:127.0.0.1 - - [03/Sep/2026 16:22:57] "GET /docs/ HTTP/1.1" 200 -
[WebServer] ::ffff:127.0.0.1 - - [03/Sep/2026 16:22:57] "GET /docs/assets/css/driver.css HTTP/1.1" 200 -
[WebServer] ::ffff:127.0.0.1 - - [03/Sep/2026 16:22:57] "GET /docs/assets/css/geoportal-core.css?v=0.10.49 HTTP/1.1" 200 -
[WebServer] ::ffff:127.0.0.1 - - [03/Sep/2026 16:22:57] "GET /docs/assets/css/geoportal-mobile.css?v=0.10.49 HTTP/1.1" 200 -
[WebServer] ::ffff:127.0.0.1 - - [03/Sep/2026 16:22:57] "GET /docs/assets/css/geoportal-experience.css?v=0.10.49 HTTP/1.1" 200 -
[WebServer] ::ffff:127.0.0.1 - - [03/Sep/2026 16:22:57] "GET /docs/assets/js/vendor/leaflet-heat.js HTTP/1.1" 200 -
[WebServer] ::ffff:127.0.0.1 - - [03/Sep/2026 16:22:57] "GET /docs/assets/js/vendor/simple-statistics.min.js HTTP/1.1" 200 -
[WebServer] ::ffff:127.0.0.1 - - [03/Sep/2026 16:22:57] "GET /docs/assets/js/vendor/driver.min.js HTTP/1.1" 200 -
[WebServer] ::ffff:127.0.0.1 - - [03/Sep/2026 16:22:57] "GET /docs/assets/js/vendor/html2canvas.min.js HTTP/1.1" 200 -
[WebServer] ::ffff:127.0.0.1 - - [03/Sep/2026 16:22:57] "GET /docs/assets/js/vendor/jspdf.umd.min.js HTTP/1.1" 200 -
[WebServer] ::ffff:127.0.0.1 - - [03/Sep/2026 16:22:57] "GET /docs/assets/js/geoportal-classification.js?v=0.10.49 HTTP/1.1" 200 -
[WebServer] ::ffff:127.0.0.1 - - [03/Sep/2026 16:22:57] "GET /docs/assets/js/geoportal-registry.js?v=0.10.49 HTTP/1.1" 200 -
[WebServer] ::ffff:127.0.0.1 - - [03/Sep/2026 16:22:58] "GET /docs/assets/js/geoportal-overlay-state.js?v=0.10.49 HTTP/1.1" 200 -
[WebServer] ::ffff:127.0.0.1 - - [03/Sep/2026 16:22:58] "GET /docs/assets/js/geoportal-ant-layer.js?v=0.10.49 HTTP/1.1" 200 -
[WebServer] ::ffff:127.0.0.1 - - [03/Sep/2026 16:22:58] "GET /docs/assets/js/geoportal-experience.js?v=0.10.49 HTTP/1.1" 200 -
[WebServer] ::ffff:127.0.0.1 - - [03/Sep/2026 16:22:58] "GET /docs/assets/js/geoportal-state.js?v=0.10.49 HTTP/1.1" 200 -
[WebServer] ::ffff:127.0.0.1 - - [03/Sep/2026 16:22:58] "GET /docs/assets/js/geoportal-territories.js?v=0.10.49 HTTP/1.1" 200 -
[WebServer] ::ffff:127.0.0.1 - - [03/Sep/2026 16:22:58] "GET /docs/assets/js/geoportal-panels.js?v=0.10.49 HTTP/1.1" 200 -
[WebServer] ::ffff:127.0.0.1 - - [03/Sep/2026 16:22:58] "GET /docs/assets/js/geoportal-institutional.js?v=0.10.49 HTTP/1.1" 200 -
[WebServer] ::ffff:127.0.0.1 - - [03/Sep/2026 16:22:58] "GET /docs/assets/js/geoportal-tour.js?v=0.10.49 HTTP/1.1" 200 -
[WebServer] ::ffff:127.0.0.1 - - [03/Sep/2026 16:22:58] "GET /docs/assets/js/geoportal-catalogo.js?v=0.10.49 HTTP/1.1" 200 -
[WebServer] ::ffff:127.0.0.1 - - [03/Sep/2026 16:22:58] "GET /docs/assets/js/geoportal-app.js?v=0.10.49 HTTP/1.1" 200 -
[WebServer] ::ffff:127.0.0.1 - - [03/Sep/2026 16:22:58] "GET /docs/assets/img/redsa-isotipo-oficial.png HTTP/1.1" 200 -
[WebServer] ::ffff:127.0.0.1 - - [03/Sep/2026 16:22:58] "GET /docs/assets/img/loader-ecuador-contorno.svg HTTP/1.1" 200 -
[WebServer] ::ffff:127.0.0.1 - - [03/Sep/2026 16:22:58] "GET /docs/assets/img/loader-vias-principales.svg HTTP/1.1" 200 -
[WebServer] ::ffff:127.0.0.1 - - [03/Sep/2026 16:22:58] "GET /docs/data/provincias_wgs84.geojson HTTP/1.1" 200 -
[WebServer] ::ffff:127.0.0.1 - - [03/Sep/2026 16:22:58] "GET /docs/data/cantones_indice.json HTTP/1.1" 200 -
[WebServer] ::ffff:127.0.0.1 - - [03/Sep/2026 16:23:00] "GET /docs/ HTTP/1.1" 200 -
[WebServer] ::ffff:127.0.0.1 - - [03/Sep/2026 16:23:00] "GET /docs/assets/css/driver.css HTTP/1.1" 200 -
[WebServer] ::ffff:127.0.0.1 - - [03/Sep/2026 16:23:00] "GET /docs/assets/css/geoportal-core.css?v=0.10.49 HTTP/1.1" 200 -
[WebServer] ::ffff:127.0.0.1 - - [03/Sep/2026 16:23:00] "GET /docs/assets/css/geoportal-experience.css?v=0.10.49 HTTP/1.1" 200 -
[WebServer] ::ffff:127.0.0.1 - - [03/Sep/2026 16:23:00] "GET /docs/assets/css/geoportal-mobile.css?v=0.10.49 HTTP/1.1" 200 -
[WebServer] ::ffff:127.0.0.1 - - [03/Sep/2026 16:23:00] "GET /docs/assets/js/vendor/leaflet-heat.js HTTP/1.1" 200 -
[WebServer] ::ffff:127.0.0.1 - - [03/Sep/2026 16:23:00] "GET /docs/assets/js/vendor/simple-statistics.min.js HTTP/1.1" 200 -
[WebServer] ::ffff:127.0.0.1 - - [03/Sep/2026 16:23:00] "GET /docs/assets/js/vendor/driver.min.js HTTP/1.1" 200 -
[WebServer] ::ffff:127.0.0.1 - - [03/Sep/2026 16:23:00] "GET /docs/assets/js/vendor/html2canvas.min.js HTTP/1.1" 200 -
[WebServer] ::ffff:127.0.0.1 - - [03/Sep/2026 16:23:00] "GET /docs/assets/js/vendor/jspdf.umd.min.js HTTP/1.1" 200 -
[WebServer] ::ffff:127.0.0.1 - - [03/Sep/2026 16:23:00] "GET /docs/assets/js/geoportal-classification.js?v=0.10.49 HTTP/1.1" 200 -
[WebServer] ::ffff:127.0.0.1 - - [03/Sep/2026 16:23:00] "GET /docs/assets/js/geoportal-registry.js?v=0.10.49 HTTP/1.1" 200 -
[WebServer] ::ffff:127.0.0.1 - - [03/Sep/2026 16:23:00] "GET /docs/assets/js/geoportal-overlay-state.js?v=0.10.49 HTTP/1.1" 200 -
[WebServer] ::ffff:127.0.0.1 - - [03/Sep/2026 16:23:00] "GET /docs/assets/js/geoportal-ant-layer.js?v=0.10.49 HTTP/1.1" 200 -
[WebServer] ::ffff:127.0.0.1 - - [03/Sep/2026 16:23:00] "GET /docs/assets/js/geoportal-experience.js?v=0.10.49 HTTP/1.1" 200 -
[WebServer] ::ffff:127.0.0.1 - - [03/Sep/2026 16:23:00] "GET /docs/assets/js/geoportal-state.js?v=0.10.49 HTTP/1.1" 200 -
[WebServer] ::ffff:127.0.0.1 - - [03/Sep/2026 16:23:00] "GET /docs/assets/js/geoportal-territories.js?v=0.10.49 HTTP/1.1" 200 -
[WebServer] ::ffff:127.0.0.1 - - [03/Sep/2026 16:23:01] "GET /docs/assets/js/geoportal-panels.js?v=0.10.49 HTTP/1.1" 200 -
[WebServer] ::ffff:127.0.0.1 - - [03/Sep/2026 16:23:01] "GET /docs/assets/js/geoportal-institutional.js?v=0.10.49 HTTP/1.1" 200 -
[WebServer] ::ffff:127.0.0.1 - - [03/Sep/2026 16:23:01] "GET /docs/assets/js/geoportal-tour.js?v=0.10.49 HTTP/1.1" 200 -
[WebServer] ::ffff:127.0.0.1 - - [03/Sep/2026 16:23:01] "GET /docs/assets/js/geoportal-catalogo.js?v=0.10.49 HTTP/1.1" 200 -
[WebServer] ::ffff:127.0.0.1 - - [03/Sep/2026 16:23:01] "GET /docs/assets/js/geoportal-app.js?v=0.10.49 HTTP/1.1" 200 -
[WebServer] ::ffff:127.0.0.1 - - [03/Sep/2026 16:23:01] "GET /docs/assets/img/redsa-isotipo-oficial.png HTTP/1.1" 200 -
[WebServer] ::ffff:127.0.0.1 - - [03/Sep/2026 16:23:01] "GET /docs/assets/img/loader-ecuador-contorno.svg HTTP/1.1" 200 -
[WebServer] ::ffff:127.0.0.1 - - [03/Sep/2026 16:23:01] "GET /docs/assets/img/loader-vias-principales.svg HTTP/1.1" 200 -
[WebServer] ::ffff:127.0.0.1 - - [03/Sep/2026 16:23:01] "GET /docs/data/cantones_indice.json HTTP/1.1" 200 -
[WebServer] ::ffff:127.0.0.1 - - [03/Sep/2026 16:23:01] "GET /docs/data/provincias_wgs84.geojson HTTP/1.1" 200 -
[WebServer] ::ffff:127.0.0.1 - - [03/Sep/2026 16:23:02] "GET /docs/ HTTP/1.1" 200 -
[WebServer] ::ffff:127.0.0.1 - - [03/Sep/2026 16:23:02] "GET /docs/assets/css/driver.css HTTP/1.1" 200 -
[WebServer] ::ffff:127.0.0.1 - - [03/Sep/2026 16:23:02] "GET /docs/assets/css/geoportal-core.css?v=0.10.49 HTTP/1.1" 200 -
[WebServer] ::ffff:127.0.0.1 - - [03/Sep/2026 16:23:02] "GET /docs/assets/css/geoportal-experience.css?v=0.10.49 HTTP/1.1" 200 -
[WebServer] ::ffff:127.0.0.1 - - [03/Sep/2026 16:23:02] "GET /docs/assets/css/geoportal-mobile.css?v=0.10.49 HTTP/1.1" 200 -
[WebServer] ::ffff:127.0.0.1 - - [03/Sep/2026 16:23:02] "GET /docs/assets/js/vendor/leaflet-heat.js HTTP/1.1" 200 -
[WebServer] ::ffff:127.0.0.1 - - [03/Sep/2026 16:23:02] "GET /docs/assets/js/vendor/simple-statistics.min.js HTTP/1.1" 200 -
[WebServer] ::ffff:127.0.0.1 - - [03/Sep/2026 16:23:02] "GET /docs/assets/js/vendor/driver.min.js HTTP/1.1" 200 -
[WebServer] ::ffff:127.0.0.1 - - [03/Sep/2026 16:23:02] "GET /docs/assets/js/vendor/html2canvas.min.js HTTP/1.1" 200 -
[WebServer] ::ffff:127.0.0.1 - - [03/Sep/2026 16:23:02] "GET /docs/assets/js/vendor/jspdf.umd.min.js HTTP/1.1" 200 -
[WebServer] ::ffff:127.0.0.1 - - [03/Sep/2026 16:23:02] "GET /docs/assets/js/geoportal-classification.js?v=0.10.49 HTTP/1.1" 200 -
[WebServer] ::ffff:127.0.0.1 - - [03/Sep/2026 16:23:02] "GET /docs/assets/js/geoportal-registry.js?v=0.10.49 HTTP/1.1" 200 -
[WebServer] ::ffff:127.0.0.1 - - [03/Sep/2026 16:23:02] "GET /docs/assets/js/geoportal-overlay-state.js?v=0.10.49 HTTP/1.1" 200 -
[WebServer] ::ffff:127.0.0.1 - - [03/Sep/2026 16:23:02] "GET /docs/assets/js/geoportal-ant-layer.js?v=0.10.49 HTTP/1.1" 200 -
[WebServer] ::ffff:127.0.0.1 - - [03/Sep/2026 16:23:02] "GET /docs/assets/js/geoportal-experience.js?v=0.10.49 HTTP/1.1" 200 -
[WebServer] ::ffff:127.0.0.1 - - [03/Sep/2026 16:23:02] "GET /docs/assets/js/geoportal-state.js?v=0.10.49 HTTP/1.1" 200 -
[WebServer] ::ffff:127.0.0.1 - - [03/Sep/2026 16:23:02] "GET /docs/assets/js/geoportal-territories.js?v=0.10.49 HTTP/1.1" 200 -
[WebServer] ::ffff:127.0.0.1 - - [03/Sep/2026 16:23:02] "GET /docs/assets/js/geoportal-panels.js?v=0.10.49 HTTP/1.1" 200 -
[WebServer] ::ffff:127.0.0.1 - - [03/Sep/2026 16:23:02] "GET /docs/assets/js/geoportal-institutional.js?v=0.10.49 HTTP/1.1" 200 -
[WebServer] ::ffff:127.0.0.1 - - [03/Sep/2026 16:23:02] "GET /docs/assets/js/geoportal-tour.js?v=0.10.49 HTTP/1.1" 200 -
[WebServer] ::ffff:127.0.0.1 - - [03/Sep/2026 16:23:02] "GET /docs/assets/js/geoportal-catalogo.js?v=0.10.49 HTTP/1.1" 200 -
[WebServer] ::ffff:127.0.0.1 - - [03/Sep/2026 16:23:02] "GET /docs/assets/js/geoportal-app.js?v=0.10.49 HTTP/1.1" 200 -
[WebServer] ::ffff:127.0.0.1 - - [03/Sep/2026 16:23:02] "GET /docs/assets/img/loader-ecuador-contorno.svg HTTP/1.1" 200 -
[WebServer] ::ffff:127.0.0.1 - - [03/Sep/2026 16:23:02] "GET /docs/assets/img/redsa-isotipo-oficial.png HTTP/1.1" 200 -
[WebServer] ::ffff:127.0.0.1 - - [03/Sep/2026 16:23:02] "GET /docs/assets/img/loader-vias-principales.svg HTTP/1.1" 200 -
[WebServer] ::ffff:127.0.0.1 - - [03/Sep/2026 16:23:03] "GET /docs/data/provincias_wgs84.geojson HTTP/1.1" 200 -
[WebServer] ::ffff:127.0.0.1 - - [03/Sep/2026 16:23:03] "GET /docs/data/cantones_indice.json HTTP/1.1" 200 -
[WebServer] ::ffff:127.0.0.1 - - [03/Sep/2026 16:23:04] "GET /docs/ HTTP/1.1" 200 -
[WebServer] ::ffff:127.0.0.1 - - [03/Sep/2026 16:23:04] "GET /docs/assets/css/driver.css HTTP/1.1" 200 -
[WebServer] ::ffff:127.0.0.1 - - [03/Sep/2026 16:23:04] "GET /docs/assets/css/geoportal-core.css?v=0.10.49 HTTP/1.1" 200 -
[WebServer] ::ffff:127.0.0.1 - - [03/Sep/2026 16:23:04] "GET /docs/assets/css/geoportal-experience.css?v=0.10.49 HTTP/1.1" 200 -
[WebServer] ::ffff:127.0.0.1 - - [03/Sep/2026 16:23:04] "GET /docs/assets/css/geoportal-mobile.css?v=0.10.49 HTTP/1.1" 200 -
[WebServer] ::ffff:127.0.0.1 - - [03/Sep/2026 16:23:04] "GET /docs/assets/js/vendor/leaflet-heat.js HTTP/1.1" 200 -
[WebServer] ::ffff:127.0.0.1 - - [03/Sep/2026 16:23:04] "GET /docs/assets/js/vendor/simple-statistics.min.js HTTP/1.1" 200 -
[WebServer] ::ffff:127.0.0.1 - - [03/Sep/2026 16:23:04] "GET /docs/assets/js/vendor/driver.min.js HTTP/1.1" 200 -
[WebServer] ::ffff:127.0.0.1 - - [03/Sep/2026 16:23:04] "GET /docs/assets/js/vendor/html2canvas.min.js HTTP/1.1" 200 -
[WebServer] ::ffff:127.0.0.1 - - [03/Sep/2026 16:23:04] "GET /docs/assets/js/vendor/jspdf.umd.min.js HTTP/1.1" 200 -
[WebServer] ::ffff:127.0.0.1 - - [03/Sep/2026 16:23:04] "GET /docs/assets/js/geoportal-classification.js?v=0.10.49 HTTP/1.1" 200 -
[WebServer] ::ffff:127.0.0.1 - - [03/Sep/2026 16:23:04] "GET /docs/assets/js/geoportal-registry.js?v=0.10.49 HTTP/1.1" 200 -
[WebServer] ::ffff:127.0.0.1 - - [03/Sep/2026 16:23:04] "GET /docs/assets/js/geoportal-overlay-state.js?v=0.10.49 HTTP/1.1" 200 -
[WebServer] ::ffff:127.0.0.1 - - [03/Sep/2026 16:23:04] "GET /docs/assets/js/geoportal-ant-layer.js?v=0.10.49 HTTP/1.1" 200 -
[WebServer] ::ffff:127.0.0.1 - - [03/Sep/2026 16:23:04] "GET /docs/assets/js/geoportal-experience.js?v=0.10.49 HTTP/1.1" 200 -
[WebServer] ::ffff:127.0.0.1 - - [03/Sep/2026 16:23:04] "GET /docs/assets/js/geoportal-state.js?v=0.10.49 HTTP/1.1" 200 -
[WebServer] ::ffff:127.0.0.1 - - [03/Sep/2026 16:23:04] "GET /docs/assets/js/geoportal-territories.js?v=0.10.49 HTTP/1.1" 200 -
[WebServer] ::ffff:127.0.0.1 - - [03/Sep/2026 16:23:04] "GET /docs/assets/js/geoportal-panels.js?v=0.10.49 HTTP/1.1" 200 -
[WebServer] ::ffff:127.0.0.1 - - [03/Sep/2026 16:23:04] "GET /docs/assets/js/geoportal-institutional.js?v=0.10.49 HTTP/1.1" 200 -
[WebServer] ::ffff:127.0.0.1 - - [03/Sep/2026 16:23:04] "GET /docs/assets/js/geoportal-tour.js?v=0.10.49 HTTP/1.1" 200 -
[WebServer] ::ffff:127.0.0.1 - - [03/Sep/2026 16:23:04] "GET /docs/assets/js/geoportal-catalogo.js?v=0.10.49 HTTP/1.1" 200 -
[WebServer] ::ffff:127.0.0.1 - - [03/Sep/2026 16:23:04] "GET /docs/assets/js/geoportal-app.js?v=0.10.49 HTTP/1.1" 200 -
[WebServer] ::ffff:127.0.0.1 - - [03/Sep/2026 16:23:04] "GET /docs/assets/img/redsa-isotipo-oficial.png HTTP/1.1" 200 -
[WebServer] ::ffff:127.0.0.1 - - [03/Sep/2026 16:23:04] "GET /docs/assets/img/loader-ecuador-contorno.svg HTTP/1.1" 200 -
[WebServer] ::ffff:127.0.0.1 - - [03/Sep/2026 16:23:05] "GET /docs/data/provincias_wgs84.geojson HTTP/1.1" 200 -
[WebServer] ::ffff:127.0.0.1 - - [03/Sep/2026 16:23:05] "GET /docs/data/cantones_indice.json HTTP/1.1" 200 -
[WebServer] ::ffff:127.0.0.1 - - [03/Sep/2026 16:23:05] "GET /docs/assets/img/loader-vias-principales.svg HTTP/1.1" 200 -
[WebServer] ::ffff:127.0.0.1 - - [03/Sep/2026 16:23:06] "GET /docs/ HTTP/1.1" 200 -
[WebServer] ::ffff:127.0.0.1 - - [03/Sep/2026 16:23:06] "GET /docs/assets/css/driver.css HTTP/1.1" 200 -
[WebServer] ::ffff:127.0.0.1 - - [03/Sep/2026 16:23:06] "GET /docs/assets/css/geoportal-core.css?v=0.10.49 HTTP/1.1" 200 -
[WebServer] ::ffff:127.0.0.1 - - [03/Sep/2026 16:23:06] "GET /docs/assets/css/geoportal-experience.css?v=0.10.49 HTTP/1.1" 200 -
[WebServer] ::ffff:127.0.0.1 - - [03/Sep/2026 16:23:06] "GET /docs/assets/css/geoportal-mobile.css?v=0.10.49 HTTP/1.1" 200 -
[WebServer] ::ffff:127.0.0.1 - - [03/Sep/2026 16:23:06] "GET /docs/assets/js/vendor/leaflet-heat.js HTTP/1.1" 200 -
[WebServer] ::ffff:127.0.0.1 - - [03/Sep/2026 16:23:06] "GET /docs/assets/js/vendor/simple-statistics.min.js HTTP/1.1" 200 -
[WebServer] ::ffff:127.0.0.1 - - [03/Sep/2026 16:23:06] "GET /docs/assets/js/vendor/driver.min.js HTTP/1.1" 200 -
[WebServer] ::ffff:127.0.0.1 - - [03/Sep/2026 16:23:06] "GET /docs/assets/js/vendor/html2canvas.min.js HTTP/1.1" 200 -
[WebServer] ::ffff:127.0.0.1 - - [03/Sep/2026 16:23:06] "GET /docs/assets/js/vendor/jspdf.umd.min.js HTTP/1.1" 200 -
[WebServer] ::ffff:127.0.0.1 - - [03/Sep/2026 16:23:06] "GET /docs/assets/js/geoportal-classification.js?v=0.10.49 HTTP/1.1" 200 -
[WebServer] ::ffff:127.0.0.1 - - [03/Sep/2026 16:23:06] "GET /docs/assets/js/geoportal-registry.js?v=0.10.49 HTTP/1.1" 200 -
[WebServer] ::ffff:127.0.0.1 - - [03/Sep/2026 16:23:07] "GET /docs/assets/js/geoportal-overlay-state.js?v=0.10.49 HTTP/1.1" 200 -
[WebServer] ::ffff:127.0.0.1 - - [03/Sep/2026 16:23:07] "GET /docs/assets/js/geoportal-ant-layer.js?v=0.10.49 HTTP/1.1" 200 -
[WebServer] ::ffff:127.0.0.1 - - [03/Sep/2026 16:23:07] "GET /docs/assets/js/geoportal-experience.js?v=0.10.49 HTTP/1.1" 200 -
[WebServer] ::ffff:127.0.0.1 - - [03/Sep/2026 16:23:07] "GET /docs/assets/js/geoportal-state.js?v=0.10.49 HTTP/1.1" 200 -
[WebServer] ::ffff:127.0.0.1 - - [03/Sep/2026 16:23:07] "GET /docs/assets/js/geoportal-territories.js?v=0.10.49 HTTP/1.1" 200 -
[WebServer] ::ffff:127.0.0.1 - - [03/Sep/2026 16:23:07] "GET /docs/assets/js/geoportal-panels.js?v=0.10.49 HTTP/1.1" 200 -
[WebServer] ::ffff:127.0.0.1 - - [03/Sep/2026 16:23:07] "GET /docs/assets/js/geoportal-institutional.js?v=0.10.49 HTTP/1.1" 200 -
[WebServer] ::ffff:127.0.0.1 - - [03/Sep/2026 16:23:07] "GET /docs/assets/js/geoportal-tour.js?v=0.10.49 HTTP/1.1" 200 -
[WebServer] ::ffff:127.0.0.1 - - [03/Sep/2026 16:23:07] "GET /docs/assets/js/geoportal-catalogo.js?v=0.10.49 HTTP/1.1" 200 -
[WebServer] ::ffff:127.0.0.1 - - [03/Sep/2026 16:23:07] "GET /docs/assets/js/geoportal-app.js?v=0.10.49 HTTP/1.1" 200 -
[WebServer] ::ffff:127.0.0.1 - - [03/Sep/2026 16:23:07] "GET /docs/assets/img/redsa-isotipo-oficial.png HTTP/1.1" 200 -
[WebServer] ::ffff:127.0.0.1 - - [03/Sep/2026 16:23:07] "GET /docs/assets/img/loader-ecuador-contorno.svg HTTP/1.1" 200 -
[WebServer] ::ffff:127.0.0.1 - - [03/Sep/2026 16:23:07] "GET /docs/assets/img/loader-vias-principales.svg HTTP/1.1" 200 -
[WebServer] ::ffff:127.0.0.1 - - [03/Sep/2026 16:23:07] "GET /docs/data/provincias_wgs84.geojson HTTP/1.1" 200 -
[WebServer] ::ffff:127.0.0.1 - - [03/Sep/2026 16:23:07] "GET /docs/data/cantones_indice.json HTTP/1.1" 200 -
[WebServer] ::ffff:127.0.0.1 - - [03/Sep/2026 16:23:08] "GET /docs/ HTTP/1.1" 200 -
[WebServer] ::ffff:127.0.0.1 - - [03/Sep/2026 16:23:08] "GET /docs/assets/css/driver.css HTTP/1.1" 200 -
[WebServer] ::ffff:127.0.0.1 - - [03/Sep/2026 16:23:08] "GET /docs/assets/css/geoportal-core.css?v=0.10.49 HTTP/1.1" 200 -
[WebServer] ::ffff:127.0.0.1 - - [03/Sep/2026 16:23:08] "GET /docs/assets/css/geoportal-experience.css?v=0.10.49 HTTP/1.1" 200 -
[WebServer] ::ffff:127.0.0.1 - - [03/Sep/2026 16:23:08] "GET /docs/assets/css/geoportal-mobile.css?v=0.10.49 HTTP/1.1" 200 -
[WebServer] ::ffff:127.0.0.1 - - [03/Sep/2026 16:23:08] "GET /docs/assets/js/vendor/leaflet-heat.js HTTP/1.1" 200 -
[WebServer] ::ffff:127.0.0.1 - - [03/Sep/2026 16:23:08] "GET /docs/assets/js/vendor/simple-statistics.min.js HTTP/1.1" 200 -
[WebServer] ::ffff:127.0.0.1 - - [03/Sep/2026 16:23:08] "GET /docs/assets/js/vendor/driver.min.js HTTP/1.1" 200 -
[WebServer] ::ffff:127.0.0.1 - - [03/Sep/2026 16:23:08] "GET /docs/assets/js/vendor/html2canvas.min.js HTTP/1.1" 200 -
[WebServer] ::ffff:127.0.0.1 - - [03/Sep/2026 16:23:08] "GET /docs/assets/js/vendor/jspdf.umd.min.js HTTP/1.1" 200 -
[WebServer] ::ffff:127.0.0.1 - - [03/Sep/2026 16:23:08] "GET /docs/assets/js/geoportal-classification.js?v=0.10.49 HTTP/1.1" 200 -
[WebServer] ::ffff:127.0.0.1 - - [03/Sep/2026 16:23:08] "GET /docs/assets/js/geoportal-registry.js?v=0.10.49 HTTP/1.1" 200 -
[WebServer] ::ffff:127.0.0.1 - - [03/Sep/2026 16:23:08] "GET /docs/assets/js/geoportal-overlay-state.js?v=0.10.49 HTTP/1.1" 200 -
[WebServer] ::ffff:127.0.0.1 - - [03/Sep/2026 16:23:08] "GET /docs/assets/js/geoportal-ant-layer.js?v=0.10.49 HTTP/1.1" 200 -
[WebServer] ::ffff:127.0.0.1 - - [03/Sep/2026 16:23:08] "GET /docs/assets/js/geoportal-experience.js?v=0.10.49 HTTP/1.1" 200 -
[WebServer] ::ffff:127.0.0.1 - - [03/Sep/2026 16:23:08] "GET /docs/assets/js/geoportal-state.js?v=0.10.49 HTTP/1.1" 200 -
[WebServer] ::ffff:127.0.0.1 - - [03/Sep/2026 16:23:08] "GET /docs/assets/js/geoportal-territories.js?v=0.10.49 HTTP/1.1" 200 -
[WebServer] ::ffff:127.0.0.1 - - [03/Sep/2026 16:23:08] "GET /docs/assets/js/geoportal-panels.js?v=0.10.49 HTTP/1.1" 200 -
[WebServer] ::ffff:127.0.0.1 - - [03/Sep/2026 16:23:08] "GET /docs/assets/js/geoportal-institutional.js?v=0.10.49 HTTP/1.1" 200 -
[WebServer] ::ffff:127.0.0.1 - - [03/Sep/2026 16:23:08] "GET /docs/assets/js/geoportal-tour.js?v=0.10.49 HTTP/1.1" 200 -
[WebServer] ::ffff:127.0.0.1 - - [03/Sep/2026 16:23:08] "GET /docs/assets/js/geoportal-catalogo.js?v=0.10.49 HTTP/1.1" 200 -
[WebServer] ::ffff:127.0.0.1 - - [03/Sep/2026 16:23:08] "GET /docs/assets/js/geoportal-app.js?v=0.10.49 HTTP/1.1" 200 -
[WebServer] ::ffff:127.0.0.1 - - [03/Sep/2026 16:23:08] "GET /docs/assets/img/loader-ecuador-contorno.svg HTTP/1.1" 200 -
[WebServer] ::ffff:127.0.0.1 - - [03/Sep/2026 16:23:08] "GET /docs/assets/img/redsa-isotipo-oficial.png HTTP/1.1" 200 -
[WebServer] ::ffff:127.0.0.1 - - [03/Sep/2026 16:23:08] "GET /docs/assets/img/loader-vias-principales.svg HTTP/1.1" 200 -
[WebServer] ::ffff:127.0.0.1 - - [03/Sep/2026 16:23:09] "GET /docs/data/provincias_wgs84.geojson HTTP/1.1" 200 -
[WebServer] ::ffff:127.0.0.1 - - [03/Sep/2026 16:23:09] "GET /docs/data/cantones_indice.json HTTP/1.1" 200 -
[WebServer] ::ffff:127.0.0.1 - - [03/Sep/2026 16:23:10] "GET /docs/ HTTP/1.1" 200 -
[WebServer] ::ffff:127.0.0.1 - - [03/Sep/2026 16:23:10] "GET /docs/assets/css/driver.css HTTP/1.1" 200 -
[WebServer] ::ffff:127.0.0.1 - - [03/Sep/2026 16:23:10] "GET /docs/assets/css/geoportal-core.css?v=0.10.49 HTTP/1.1" 200 -
[WebServer] ::ffff:127.0.0.1 - - [03/Sep/2026 16:23:10] "GET /docs/assets/css/geoportal-experience.css?v=0.10.49 HTTP/1.1" 200 -
[WebServer] ::ffff:127.0.0.1 - - [03/Sep/2026 16:23:10] "GET /docs/assets/css/geoportal-mobile.css?v=0.10.49 HTTP/1.1" 200 -
[WebServer] ::ffff:127.0.0.1 - - [03/Sep/2026 16:23:10] "GET /docs/assets/js/vendor/leaflet-heat.js HTTP/1.1" 200 -
[WebServer] ::ffff:127.0.0.1 - - [03/Sep/2026 16:23:10] "GET /docs/assets/js/vendor/simple-statistics.min.js HTTP/1.1" 200 -
[WebServer] ::ffff:127.0.0.1 - - [03/Sep/2026 16:23:10] "GET /docs/assets/js/vendor/driver.min.js HTTP/1.1" 200 -
[WebServer] ::ffff:127.0.0.1 - - [03/Sep/2026 16:23:11] "GET /docs/assets/js/vendor/html2canvas.min.js HTTP/1.1" 200 -
[WebServer] ::ffff:127.0.0.1 - - [03/Sep/2026 16:23:11] "GET /docs/assets/js/vendor/jspdf.umd.min.js HTTP/1.1" 200 -
[WebServer] ::ffff:127.0.0.1 - - [03/Sep/2026 16:23:11] "GET /docs/assets/js/geoportal-classification.js?v=0.10.49 HTTP/1.1" 200 -
[WebServer] ::ffff:127.0.0.1 - - [03/Sep/2026 16:23:11] "GET /docs/assets/js/geoportal-registry.js?v=0.10.49 HTTP/1.1" 200 -
[WebServer] ::ffff:127.0.0.1 - - [03/Sep/2026 16:23:11] "GET /docs/assets/js/geoportal-overlay-state.js?v=0.10.49 HTTP/1.1" 200 -
[WebServer] ::ffff:127.0.0.1 - - [03/Sep/2026 16:23:11] "GET /docs/assets/js/geoportal-ant-layer.js?v=0.10.49 HTTP/1.1" 200 -
[WebServer] ::ffff:127.0.0.1 - - [03/Sep/2026 16:23:11] "GET /docs/assets/js/geoportal-experience.js?v=0.10.49 HTTP/1.1" 200 -
[WebServer] ::ffff:127.0.0.1 - - [03/Sep/2026 16:23:11] "GET /docs/assets/js/geoportal-state.js?v=0.10.49 HTTP/1.1" 200 -
[WebServer] ::ffff:127.0.0.1 - - [03/Sep/2026 16:23:11] "GET /docs/assets/js/geoportal-territories.js?v=0.10.49 HTTP/1.1" 200 -
[WebServer] ::ffff:127.0.0.1 - - [03/Sep/2026 16:23:11] "GET /docs/assets/js/geoportal-panels.js?v=0.10.49 HTTP/1.1" 200 -
[WebServer] ::ffff:127.0.0.1 - - [03/Sep/2026 16:23:11] "GET /docs/assets/js/geoportal-institutional.js?v=0.10.49 HTTP/1.1" 200 -
[WebServer] ::ffff:127.0.0.1 - - [03/Sep/2026 16:23:11] "GET /docs/assets/js/geoportal-tour.js?v=0.10.49 HTTP/1.1" 200 -
[WebServer] ::ffff:127.0.0.1 - - [03/Sep/2026 16:23:11] "GET /docs/assets/js/geoportal-catalogo.js?v=0.10.49 HTTP/1.1" 200 -
[WebServer] ::ffff:127.0.0.1 - - [03/Sep/2026 16:23:11] "GET /docs/assets/js/geoportal-app.js?v=0.10.49 HTTP/1.1" 200 -
[WebServer] ::ffff:127.0.0.1 - - [03/Sep/2026 16:23:11] "GET /docs/assets/img/redsa-isotipo-oficial.png HTTP/1.1" 200 -
[WebServer] ::ffff:127.0.0.1 - - [03/Sep/2026 16:23:11] "GET /docs/assets/img/loader-ecuador-contorno.svg HTTP/1.1" 200 -
[WebServer] ::ffff:127.0.0.1 - - [03/Sep/2026 16:23:11] "GET /docs/assets/img/loader-vias-principales.svg HTTP/1.1" 200 -
[WebServer] ::ffff:127.0.0.1 - - [03/Sep/2026 16:23:11] "GET /docs/data/provincias_wgs84.geojson HTTP/1.1" 200 -
[WebServer] ::ffff:127.0.0.1 - - [03/Sep/2026 16:23:11] "GET /docs/data/cantones_indice.json HTTP/1.1" 200 -
[WebServer] ::ffff:127.0.0.1 - - [03/Sep/2026 16:23:12] "GET /docs/ HTTP/1.1" 200 -
[WebServer] ::ffff:127.0.0.1 - - [03/Sep/2026 16:23:12] "GET /docs/assets/css/driver.css HTTP/1.1" 200 -
[WebServer] ::ffff:127.0.0.1 - - [03/Sep/2026 16:23:12] "GET /docs/assets/css/geoportal-core.css?v=0.10.49 HTTP/1.1" 200 -
[WebServer] ::ffff:127.0.0.1 - - [03/Sep/2026 16:23:12] "GET /docs/assets/css/geoportal-experience.css?v=0.10.49 HTTP/1.1" 200 -
[WebServer] ::ffff:127.0.0.1 - - [03/Sep/2026 16:23:12] "GET /docs/assets/css/geoportal-mobile.css?v=0.10.49 HTTP/1.1" 200 -
[WebServer] ::ffff:127.0.0.1 - - [03/Sep/2026 16:23:12] "GET /docs/assets/js/vendor/leaflet-heat.js HTTP/1.1" 200 -
[WebServer] ::ffff:127.0.0.1 - - [03/Sep/2026 16:23:12] "GET /docs/assets/js/vendor/simple-statistics.min.js HTTP/1.1" 200 -
[WebServer] ::ffff:127.0.0.1 - - [03/Sep/2026 16:23:12] "GET /docs/assets/js/vendor/driver.min.js HTTP/1.1" 200 -
[WebServer] ::ffff:127.0.0.1 - - [03/Sep/2026 16:23:12] "GET /docs/assets/js/vendor/html2canvas.min.js HTTP/1.1" 200 -
[WebServer] ::ffff:127.0.0.1 - - [03/Sep/2026 16:23:12] "GET /docs/assets/js/vendor/jspdf.umd.min.js HTTP/1.1" 200 -
[WebServer] ::ffff:127.0.0.1 - - [03/Sep/2026 16:23:12] "GET /docs/assets/js/geoportal-classification.js?v=0.10.49 HTTP/1.1" 200 -
[WebServer] ::ffff:127.0.0.1 - - [03/Sep/2026 16:23:12] "GET /docs/assets/js/geoportal-registry.js?v=0.10.49 HTTP/1.1" 200 -
[WebServer] ::ffff:127.0.0.1 - - [03/Sep/2026 16:23:12] "GET /docs/assets/js/geoportal-overlay-state.js?v=0.10.49 HTTP/1.1" 200 -
[WebServer] ::ffff:127.0.0.1 - - [03/Sep/2026 16:23:12] "GET /docs/assets/js/geoportal-ant-layer.js?v=0.10.49 HTTP/1.1" 200 -
[WebServer] ::ffff:127.0.0.1 - - [03/Sep/2026 16:23:12] "GET /docs/assets/js/geoportal-experience.js?v=0.10.49 HTTP/1.1" 200 -
[WebServer] ::ffff:127.0.0.1 - - [03/Sep/2026 16:23:12] "GET /docs/assets/js/geoportal-state.js?v=0.10.49 HTTP/1.1" 200 -
[WebServer] ::ffff:127.0.0.1 - - [03/Sep/2026 16:23:12] "GET /docs/assets/js/geoportal-territories.js?v=0.10.49 HTTP/1.1" 200 -
[WebServer] ::ffff:127.0.0.1 - - [03/Sep/2026 16:23:12] "GET /docs/assets/js/geoportal-panels.js?v=0.10.49 HTTP/1.1" 200 -
[WebServer] ::ffff:127.0.0.1 - - [03/Sep/2026 16:23:12] "GET /docs/assets/js/geoportal-institutional.js?v=0.10.49 HTTP/1.1" 200 -
[WebServer] ::ffff:127.0.0.1 - - [03/Sep/2026 16:23:12] "GET /docs/assets/js/geoportal-tour.js?v=0.10.49 HTTP/1.1" 200 -
[WebServer] ::ffff:127.0.0.1 - - [03/Sep/2026 16:23:12] "GET /docs/assets/js/geoportal-catalogo.js?v=0.10.49 HTTP/1.1" 200 -
[WebServer] ::ffff:127.0.0.1 - - [03/Sep/2026 16:23:12] "GET /docs/assets/js/geoportal-app.js?v=0.10.49 HTTP/1.1" 200 -
[WebServer] ::ffff:127.0.0.1 - - [03/Sep/2026 16:23:12] "GET /docs/assets/img/loader-ecuador-contorno.svg HTTP/1.1" 200 -
[WebServer] ::ffff:127.0.0.1 - - [03/Sep/2026 16:23:12] "GET /docs/assets/img/redsa-isotipo-oficial.png HTTP/1.1" 200 -
[WebServer] ::ffff:127.0.0.1 - - [03/Sep/2026 16:23:12] "GET /docs/assets/img/loader-vias-principales.svg HTTP/1.1" 200 -
[WebServer] ::ffff:127.0.0.1 - - [03/Sep/2026 16:23:13] "GET /docs/data/provincias_wgs84.geojson HTTP/1.1" 200 -
[WebServer] ::ffff:127.0.0.1 - - [03/Sep/2026 16:23:13] "GET /docs/data/cantones_indice.json HTTP/1.1" 200 -
[WebServer] ::ffff:127.0.0.1 - - [03/Sep/2026 16:23:15] "GET /docs/ HTTP/1.1" 200 -
[WebServer] ::ffff:127.0.0.1 - - [03/Sep/2026 16:23:15] "GET /docs/assets/css/driver.css HTTP/1.1" 200 -
[WebServer] ::ffff:127.0.0.1 - - [03/Sep/2026 16:23:15] "GET /docs/assets/css/geoportal-core.css?v=0.10.49 HTTP/1.1" 200 -
[WebServer] ::ffff:127.0.0.1 - - [03/Sep/2026 16:23:15] "GET /docs/assets/css/geoportal-experience.css?v=0.10.49 HTTP/1.1" 200 -
[WebServer] ::ffff:127.0.0.1 - - [03/Sep/2026 16:23:15] "GET /docs/assets/css/geoportal-mobile.css?v=0.10.49 HTTP/1.1" 200 -
[WebServer] ::ffff:127.0.0.1 - - [03/Sep/2026 16:23:15] "GET /docs/assets/js/vendor/leaflet-heat.js HTTP/1.1" 200 -
[WebServer] ::ffff:127.0.0.1 - - [03/Sep/2026 16:23:15] "GET /docs/assets/js/vendor/simple-statistics.min.js HTTP/1.1" 200 -
[WebServer] ::ffff:127.0.0.1 - - [03/Sep/2026 16:23:15] "GET /docs/assets/js/vendor/driver.min.js HTTP/1.1" 200 -
[WebServer] ::ffff:127.0.0.1 - - [03/Sep/2026 16:23:15] "GET /docs/assets/js/vendor/html2canvas.min.js HTTP/1.1" 200 -
[WebServer] ::ffff:127.0.0.1 - - [03/Sep/2026 16:23:15] "GET /docs/assets/js/vendor/jspdf.umd.min.js HTTP/1.1" 200 -
[WebServer] ::ffff:127.0.0.1 - - [03/Sep/2026 16:23:15] "GET /docs/assets/js/geoportal-classification.js?v=0.10.49 HTTP/1.1" 200 -
[WebServer] ::ffff:127.0.0.1 - - [03/Sep/2026 16:23:15] "GET /docs/assets/js/geoportal-registry.js?v=0.10.49 HTTP/1.1" 200 -
[WebServer] ::ffff:127.0.0.1 - - [03/Sep/2026 16:23:15] "GET /docs/assets/js/geoportal-overlay-state.js?v=0.10.49 HTTP/1.1" 200 -
[WebServer] ::ffff:127.0.0.1 - - [03/Sep/2026 16:23:15] "GET /docs/assets/js/geoportal-ant-layer.js?v=0.10.49 HTTP/1.1" 200 -
[WebServer] ::ffff:127.0.0.1 - - [03/Sep/2026 16:23:15] "GET /docs/assets/js/geoportal-experience.js?v=0.10.49 HTTP/1.1" 200 -
[WebServer] ::ffff:127.0.0.1 - - [03/Sep/2026 16:23:15] "GET /docs/assets/js/geoportal-state.js?v=0.10.49 HTTP/1.1" 200 -
[WebServer] ::ffff:127.0.0.1 - - [03/Sep/2026 16:23:15] "GET /docs/assets/js/geoportal-territories.js?v=0.10.49 HTTP/1.1" 200 -
[WebServer] ::ffff:127.0.0.1 - - [03/Sep/2026 16:23:15] "GET /docs/assets/js/geoportal-panels.js?v=0.10.49 HTTP/1.1" 200 -
[WebServer] ::ffff:127.0.0.1 - - [03/Sep/2026 16:23:15] "GET /docs/assets/js/geoportal-institutional.js?v=0.10.49 HTTP/1.1" 200 -
[WebServer] ::ffff:127.0.0.1 - - [03/Sep/2026 16:23:15] "GET /docs/assets/js/geoportal-tour.js?v=0.10.49 HTTP/1.1" 200 -
[WebServer] ::ffff:127.0.0.1 - - [03/Sep/2026 16:23:15] "GET /docs/assets/js/geoportal-catalogo.js?v=0.10.49 HTTP/1.1" 200 -
[WebServer] ::ffff:127.0.0.1 - - [03/Sep/2026 16:23:15] "GET /docs/assets/js/geoportal-app.js?v=0.10.49 HTTP/1.1" 200 -
[WebServer] ::ffff:127.0.0.1 - - [03/Sep/2026 16:23:15] "GET /docs/assets/img/redsa-isotipo-oficial.png HTTP/1.1" 200 -
[WebServer] ::ffff:127.0.0.1 - - [03/Sep/2026 16:23:15] "GET /docs/assets/img/loader-ecuador-contorno.svg HTTP/1.1" 200 -
[WebServer] ::ffff:127.0.0.1 - - [03/Sep/2026 16:23:15] "GET /docs/assets/img/loader-vias-principales.svg HTTP/1.1" 200 -
[WebServer] ::ffff:127.0.0.1 - - [03/Sep/2026 16:23:15] "GET /docs/data/provincias_wgs84.geojson HTTP/1.1" 200 -
[WebServer] ::ffff:127.0.0.1 - - [03/Sep/2026 16:23:16] "GET /docs/data/cantones_indice.json HTTP/1.1" 200 -
[WebServer] ::ffff:127.0.0.1 - - [03/Sep/2026 16:23:17] "GET /docs/data/parroquias_wgs84.geojson HTTP/1.1" 200 -
[WebServer] ::ffff:127.0.0.1 - - [03/Sep/2026 16:23:18] "GET /docs/ HTTP/1.1" 200 -
[WebServer] ::ffff:127.0.0.1 - - [03/Sep/2026 16:23:18] "GET /docs/assets/css/driver.css HTTP/1.1" 200 -
[WebServer] ::ffff:127.0.0.1 - - [03/Sep/2026 16:23:18] "GET /docs/assets/css/geoportal-core.css?v=0.10.49 HTTP/1.1" 200 -
[WebServer] ::ffff:127.0.0.1 - - [03/Sep/2026 16:23:18] "GET /docs/assets/css/geoportal-mobile.css?v=0.10.49 HTTP/1.1" 200 -
[WebServer] ::ffff:127.0.0.1 - - [03/Sep/2026 16:23:18] "GET /docs/assets/js/vendor/leaflet-heat.js HTTP/1.1" 200 -
[WebServer] ::ffff:127.0.0.1 - - [03/Sep/2026 16:23:18] "GET /docs/assets/css/geoportal-experience.css?v=0.10.49 HTTP/1.1" 200 -
[WebServer] ::ffff:127.0.0.1 - - [03/Sep/2026 16:23:18] "GET /docs/assets/js/vendor/simple-statistics.min.js HTTP/1.1" 200 -
[WebServer] ::ffff:127.0.0.1 - - [03/Sep/2026 16:23:18] "GET /docs/assets/js/vendor/driver.min.js HTTP/1.1" 200 -
[WebServer] ::ffff:127.0.0.1 - - [03/Sep/2026 16:23:18] "GET /docs/assets/js/vendor/html2canvas.min.js HTTP/1.1" 200 -
[WebServer] ::ffff:127.0.0.1 - - [03/Sep/2026 16:23:18] "GET /docs/assets/js/vendor/jspdf.umd.min.js HTTP/1.1" 200 -
[WebServer] ::ffff:127.0.0.1 - - [03/Sep/2026 16:23:18] "GET /docs/assets/js/geoportal-classification.js?v=0.10.49 HTTP/1.1" 200 -
[WebServer] ::ffff:127.0.0.1 - - [03/Sep/2026 16:23:18] "GET /docs/assets/js/geoportal-registry.js?v=0.10.49 HTTP/1.1" 200 -
[WebServer] ::ffff:127.0.0.1 - - [03/Sep/2026 16:23:18] "GET /docs/assets/js/geoportal-overlay-state.js?v=0.10.49 HTTP/1.1" 200 -
[WebServer] ::ffff:127.0.0.1 - - [03/Sep/2026 16:23:18] "GET /docs/assets/js/geoportal-ant-layer.js?v=0.10.49 HTTP/1.1" 200 -
[WebServer] ::ffff:127.0.0.1 - - [03/Sep/2026 16:23:18] "GET /docs/assets/js/geoportal-experience.js?v=0.10.49 HTTP/1.1" 200 -
[WebServer] ::ffff:127.0.0.1 - - [03/Sep/2026 16:23:18] "GET /docs/assets/js/geoportal-state.js?v=0.10.49 HTTP/1.1" 200 -
[WebServer] ::ffff:127.0.0.1 - - [03/Sep/2026 16:23:18] "GET /docs/assets/js/geoportal-territories.js?v=0.10.49 HTTP/1.1" 200 -
[WebServer] ::ffff:127.0.0.1 - - [03/Sep/2026 16:23:18] "GET /docs/assets/js/geoportal-panels.js?v=0.10.49 HTTP/1.1" 200 -
[WebServer] ::ffff:127.0.0.1 - - [03/Sep/2026 16:23:18] "GET /docs/assets/js/geoportal-institutional.js?v=0.10.49 HTTP/1.1" 200 -
[WebServer] ::ffff:127.0.0.1 - - [03/Sep/2026 16:23:18] "GET /docs/assets/js/geoportal-tour.js?v=0.10.49 HTTP/1.1" 200 -
[WebServer] ::ffff:127.0.0.1 - - [03/Sep/2026 16:23:18] "GET /docs/assets/js/geoportal-catalogo.js?v=0.10.49 HTTP/1.1" 200 -
[WebServer] ::ffff:127.0.0.1 - - [03/Sep/2026 16:23:18] "GET /docs/assets/js/geoportal-app.js?v=0.10.49 HTTP/1.1" 200 -
[WebServer] ::ffff:127.0.0.1 - - [03/Sep/2026 16:23:18] "GET /docs/assets/img/redsa-isotipo-oficial.png HTTP/1.1" 200 -
[WebServer] ::ffff:127.0.0.1 - - [03/Sep/2026 16:23:18] "GET /docs/assets/img/loader-ecuador-contorno.svg HTTP/1.1" 200 -
[WebServer] ::ffff:127.0.0.1 - - [03/Sep/2026 16:23:19] "GET /docs/assets/img/loader-vias-principales.svg HTTP/1.1" 200 -
[WebServer] ::ffff:127.0.0.1 - - [03/Sep/2026 16:23:19] "GET /docs/data/provincias_wgs84.geojson HTTP/1.1" 200 -
[WebServer] ::ffff:127.0.0.1 - - [03/Sep/2026 16:23:19] "GET /docs/data/cantones_indice.json HTTP/1.1" 200 -
[WebServer] ::ffff:127.0.0.1 - - [03/Sep/2026 16:23:20] "GET /docs/ HTTP/1.1" 200 -
[WebServer] ::ffff:127.0.0.1 - - [03/Sep/2026 16:23:20] "GET /docs/assets/css/driver.css HTTP/1.1" 200 -
[WebServer] ::ffff:127.0.0.1 - - [03/Sep/2026 16:23:20] "GET /docs/assets/css/geoportal-core.css?v=0.10.49 HTTP/1.1" 200 -
[WebServer] ::ffff:127.0.0.1 - - [03/Sep/2026 16:23:20] "GET /docs/assets/css/geoportal-experience.css?v=0.10.49 HTTP/1.1" 200 -
[WebServer] ::ffff:127.0.0.1 - - [03/Sep/2026 16:23:20] "GET /docs/assets/css/geoportal-mobile.css?v=0.10.49 HTTP/1.1" 200 -
[WebServer] ::ffff:127.0.0.1 - - [03/Sep/2026 16:23:20] "GET /docs/assets/js/vendor/leaflet-heat.js HTTP/1.1" 200 -
[WebServer] ::ffff:127.0.0.1 - - [03/Sep/2026 16:23:20] "GET /docs/assets/js/vendor/simple-statistics.min.js HTTP/1.1" 200 -
[WebServer] ::ffff:127.0.0.1 - - [03/Sep/2026 16:23:20] "GET /docs/assets/js/vendor/driver.min.js HTTP/1.1" 200 -
[WebServer] ::ffff:127.0.0.1 - - [03/Sep/2026 16:23:20] "GET /docs/assets/js/vendor/html2canvas.min.js HTTP/1.1" 200 -
[WebServer] ::ffff:127.0.0.1 - - [03/Sep/2026 16:23:20] "GET /docs/assets/js/vendor/jspdf.umd.min.js HTTP/1.1" 200 -
[WebServer] ::ffff:127.0.0.1 - - [03/Sep/2026 16:23:20] "GET /docs/assets/js/geoportal-classification.js?v=0.10.49 HTTP/1.1" 200 -
[WebServer] ::ffff:127.0.0.1 - - [03/Sep/2026 16:23:20] "GET /docs/assets/js/geoportal-registry.js?v=0.10.49 HTTP/1.1" 200 -
[WebServer] ::ffff:127.0.0.1 - - [03/Sep/2026 16:23:20] "GET /docs/assets/js/geoportal-overlay-state.js?v=0.10.49 HTTP/1.1" 200 -
[WebServer] ::ffff:127.0.0.1 - - [03/Sep/2026 16:23:20] "GET /docs/assets/js/geoportal-ant-layer.js?v=0.10.49 HTTP/1.1" 200 -
[WebServer] ::ffff:127.0.0.1 - - [03/Sep/2026 16:23:20] "GET /docs/assets/js/geoportal-experience.js?v=0.10.49 HTTP/1.1" 200 -
[WebServer] ::ffff:127.0.0.1 - - [03/Sep/2026 16:23:20] "GET /docs/assets/js/geoportal-state.js?v=0.10.49 HTTP/1.1" 200 -
[WebServer] ::ffff:127.0.0.1 - - [03/Sep/2026 16:23:20] "GET /docs/assets/js/geoportal-territories.js?v=0.10.49 HTTP/1.1" 200 -
[WebServer] ::ffff:127.0.0.1 - - [03/Sep/2026 16:23:20] "GET /docs/assets/js/geoportal-panels.js?v=0.10.49 HTTP/1.1" 200 -
[WebServer] ::ffff:127.0.0.1 - - [03/Sep/2026 16:23:21] "GET /docs/assets/js/geoportal-institutional.js?v=0.10.49 HTTP/1.1" 200 -
[WebServer] ::ffff:127.0.0.1 - - [03/Sep/2026 16:23:21] "GET /docs/assets/js/geoportal-tour.js?v=0.10.49 HTTP/1.1" 200 -
[WebServer] ::ffff:127.0.0.1 - - [03/Sep/2026 16:23:21] "GET /docs/assets/js/geoportal-catalogo.js?v=0.10.49 HTTP/1.1" 200 -
[WebServer] ::ffff:127.0.0.1 - - [03/Sep/2026 16:23:21] "GET /docs/assets/js/geoportal-app.js?v=0.10.49 HTTP/1.1" 200 -
[WebServer] ::ffff:127.0.0.1 - - [03/Sep/2026 16:23:21] "GET /docs/assets/img/redsa-isotipo-oficial.png HTTP/1.1" 200 -
[WebServer] ::ffff:127.0.0.1 - - [03/Sep/2026 16:23:21] "GET /docs/assets/img/loader-ecuador-contorno.svg HTTP/1.1" 200 -
[WebServer] ::ffff:127.0.0.1 - - [03/Sep/2026 16:23:21] "GET /docs/assets/img/loader-vias-principales.svg HTTP/1.1" 200 -
[WebServer] ::ffff:127.0.0.1 - - [03/Sep/2026 16:23:21] "GET /docs/data/ciclovias_ecuador.geojson HTTP/1.1" 200 -
[WebServer] ::ffff:127.0.0.1 - - [03/Sep/2026 16:23:21] "GET /docs/data/cantones_wgs84.geojson HTTP/1.1" 200 -
[WebServer] ::ffff:127.0.0.1 - - [03/Sep/2026 16:23:21] "GET /docs/data/hotspots_cantonales.json HTTP/1.1" 200 -
[WebServer] ::ffff:127.0.0.1 - - [03/Sep/2026 16:23:21] "GET /docs/data/provincias_wgs84.geojson HTTP/1.1" 200 -
[WebServer] ::ffff:127.0.0.1 - - [03/Sep/2026 16:23:21] "GET /docs/data/cantones_indice.json HTTP/1.1" 200 -
[WebServer] ::ffff:127.0.0.1 - - [03/Sep/2026 16:23:24] "GET /docs/ HTTP/1.1" 200 -
[WebServer] ::ffff:127.0.0.1 - - [03/Sep/2026 16:23:24] "GET /docs/assets/css/driver.css HTTP/1.1" 200 -
[WebServer] ::ffff:127.0.0.1 - - [03/Sep/2026 16:23:24] "GET /docs/assets/css/geoportal-core.css?v=0.10.49 HTTP/1.1" 200 -
[WebServer] ::ffff:127.0.0.1 - - [03/Sep/2026 16:23:24] "GET /docs/assets/css/geoportal-experience.css?v=0.10.49 HTTP/1.1" 200 -
[WebServer] ::ffff:127.0.0.1 - - [03/Sep/2026 16:23:24] "GET /docs/assets/css/geoportal-mobile.css?v=0.10.49 HTTP/1.1" 200 -
[WebServer] ::ffff:127.0.0.1 - - [03/Sep/2026 16:23:24] "GET /docs/assets/js/vendor/leaflet-heat.js HTTP/1.1" 200 -
[WebServer] ::ffff:127.0.0.1 - - [03/Sep/2026 16:23:24] "GET /docs/assets/js/vendor/simple-statistics.min.js HTTP/1.1" 200 -
[WebServer] ::ffff:127.0.0.1 - - [03/Sep/2026 16:23:24] "GET /docs/assets/js/vendor/driver.min.js HTTP/1.1" 200 -
[WebServer] ::ffff:127.0.0.1 - - [03/Sep/2026 16:23:24] "GET /docs/assets/js/vendor/html2canvas.min.js HTTP/1.1" 200 -
[WebServer] ::ffff:127.0.0.1 - - [03/Sep/2026 16:23:24] "GET /docs/assets/js/vendor/jspdf.umd.min.js HTTP/1.1" 200 -
[WebServer] ::ffff:127.0.0.1 - - [03/Sep/2026 16:23:24] "GET /docs/assets/js/geoportal-classification.js?v=0.10.49 HTTP/1.1" 200 -
[WebServer] ::ffff:127.0.0.1 - - [03/Sep/2026 16:23:24] "GET /docs/assets/js/geoportal-registry.js?v=0.10.49 HTTP/1.1" 200 -
[WebServer] ::ffff:127.0.0.1 - - [03/Sep/2026 16:23:24] "GET /docs/assets/js/geoportal-overlay-state.js?v=0.10.49 HTTP/1.1" 200 -
[WebServer] ::ffff:127.0.0.1 - - [03/Sep/2026 16:23:24] "GET /docs/assets/js/geoportal-ant-layer.js?v=0.10.49 HTTP/1.1" 200 -
[WebServer] ::ffff:127.0.0.1 - - [03/Sep/2026 16:23:24] "GET /docs/assets/js/geoportal-experience.js?v=0.10.49 HTTP/1.1" 200 -
[WebServer] ::ffff:127.0.0.1 - - [03/Sep/2026 16:23:24] "GET /docs/assets/js/geoportal-state.js?v=0.10.49 HTTP/1.1" 200 -
[WebServer] ::ffff:127.0.0.1 - - [03/Sep/2026 16:23:24] "GET /docs/assets/js/geoportal-territories.js?v=0.10.49 HTTP/1.1" 200 -
[WebServer] ::ffff:127.0.0.1 - - [03/Sep/2026 16:23:24] "GET /docs/assets/js/geoportal-panels.js?v=0.10.49 HTTP/1.1" 200 -
[WebServer] ::ffff:127.0.0.1 - - [03/Sep/2026 16:23:24] "GET /docs/assets/js/geoportal-institutional.js?v=0.10.49 HTTP/1.1" 200 -
[WebServer] ::ffff:127.0.0.1 - - [03/Sep/2026 16:23:24] "GET /docs/assets/js/geoportal-tour.js?v=0.10.49 HTTP/1.1" 200 -
[WebServer] ::ffff:127.0.0.1 - - [03/Sep/2026 16:23:24] "GET /docs/assets/js/geoportal-catalogo.js?v=0.10.49 HTTP/1.1" 200 -
[WebServer] ::ffff:127.0.0.1 - - [03/Sep/2026 16:23:24] "GET /docs/assets/js/geoportal-app.js?v=0.10.49 HTTP/1.1" 200 -
[WebServer] ::ffff:127.0.0.1 - - [03/Sep/2026 16:23:24] "GET /docs/assets/img/redsa-isotipo-oficial.png HTTP/1.1" 200 -
[WebServer] ::ffff:127.0.0.1 - - [03/Sep/2026 16:23:24] "GET /docs/assets/img/loader-ecuador-contorno.svg HTTP/1.1" 200 -
[WebServer] ::ffff:127.0.0.1 - - [03/Sep/2026 16:23:24] "GET /docs/assets/img/loader-vias-principales.svg HTTP/1.1" 200 -
[WebServer] ::ffff:127.0.0.1 - - [03/Sep/2026 16:23:24] "GET /docs/ HTTP/1.1" 200 -
[WebServer] ::ffff:127.0.0.1 - - [03/Sep/2026 16:23:24] "GET /docs/assets/css/driver.css HTTP/1.1" 200 -
[WebServer] ::ffff:127.0.0.1 - - [03/Sep/2026 16:23:24] "GET /docs/assets/css/geoportal-mobile.css?v=0.10.49 HTTP/1.1" 200 -
[WebServer] ::ffff:127.0.0.1 - - [03/Sep/2026 16:23:24] "GET /docs/assets/css/geoportal-core.css?v=0.10.49 HTTP/1.1" 200 -
[WebServer] ::ffff:127.0.0.1 - - [03/Sep/2026 16:23:24] "GET /docs/assets/css/geoportal-experience.css?v=0.10.49 HTTP/1.1" 200 -
[WebServer] ::ffff:127.0.0.1 - - [03/Sep/2026 16:23:24] "GET /docs/assets/js/vendor/leaflet-heat.js HTTP/1.1" 200 -
[WebServer] ::ffff:127.0.0.1 - - [03/Sep/2026 16:23:24] "GET /docs/assets/js/vendor/simple-statistics.min.js HTTP/1.1" 200 -
[WebServer] ::ffff:127.0.0.1 - - [03/Sep/2026 16:23:24] "GET /docs/assets/js/vendor/driver.min.js HTTP/1.1" 200 -
[WebServer] ::ffff:127.0.0.1 - - [03/Sep/2026 16:23:24] "GET /docs/assets/js/vendor/html2canvas.min.js HTTP/1.1" 200 -
[WebServer] ::ffff:127.0.0.1 - - [03/Sep/2026 16:23:24] "GET /docs/assets/js/vendor/jspdf.umd.min.js HTTP/1.1" 200 -
[WebServer] ::ffff:127.0.0.1 - - [03/Sep/2026 16:23:24] "GET /docs/data/provincias_wgs84.geojson HTTP/1.1" 200 -
[WebServer] ::ffff:127.0.0.1 - - [03/Sep/2026 16:23:24] "GET /docs/data/cantones_indice.json HTTP/1.1" 200 -
[WebServer] ::ffff:127.0.0.1 - - [03/Sep/2026 16:23:24] "GET /docs/assets/js/geoportal-classification.js?v=0.10.49 HTTP/1.1" 200 -
[WebServer] ::ffff:127.0.0.1 - - [03/Sep/2026 16:23:24] "GET /docs/assets/js/geoportal-registry.js?v=0.10.49 HTTP/1.1" 200 -
[WebServer] ::ffff:127.0.0.1 - - [03/Sep/2026 16:23:24] "GET /docs/assets/js/geoportal-overlay-state.js?v=0.10.49 HTTP/1.1" 200 -
[WebServer] ::ffff:127.0.0.1 - - [03/Sep/2026 16:23:24] "GET /docs/assets/js/geoportal-ant-layer.js?v=0.10.49 HTTP/1.1" 200 -
[WebServer] ::ffff:127.0.0.1 - - [03/Sep/2026 16:23:25] "GET /docs/assets/js/geoportal-experience.js?v=0.10.49 HTTP/1.1" 200 -
[WebServer] ::ffff:127.0.0.1 - - [03/Sep/2026 16:23:25] "GET /docs/assets/js/geoportal-state.js?v=0.10.49 HTTP/1.1" 200 -
[WebServer] ::ffff:127.0.0.1 - - [03/Sep/2026 16:23:25] "GET /docs/assets/js/geoportal-territories.js?v=0.10.49 HTTP/1.1" 200 -
[WebServer] ::ffff:127.0.0.1 - - [03/Sep/2026 16:23:25] "GET /docs/assets/js/geoportal-panels.js?v=0.10.49 HTTP/1.1" 200 -
[WebServer] ::ffff:127.0.0.1 - - [03/Sep/2026 16:23:25] "GET /docs/assets/js/geoportal-institutional.js?v=0.10.49 HTTP/1.1" 200 -
[WebServer] ::ffff:127.0.0.1 - - [03/Sep/2026 16:23:25] "GET /docs/assets/js/geoportal-tour.js?v=0.10.49 HTTP/1.1" 200 -
[WebServer] ::ffff:127.0.0.1 - - [03/Sep/2026 16:23:25] "GET /docs/assets/js/geoportal-catalogo.js?v=0.10.49 HTTP/1.1" 200 -
[WebServer] ::ffff:127.0.0.1 - - [03/Sep/2026 16:23:25] "GET /docs/assets/js/geoportal-app.js?v=0.10.49 HTTP/1.1" 200 -
[WebServer] ::ffff:127.0.0.1 - - [03/Sep/2026 16:23:25] "GET /docs/assets/img/redsa-isotipo-oficial.png HTTP/1.1" 200 -
[WebServer] ::ffff:127.0.0.1 - - [03/Sep/2026 16:23:25] "GET /docs/assets/img/loader-ecuador-contorno.svg HTTP/1.1" 200 -
[WebServer] ::ffff:127.0.0.1 - - [03/Sep/2026 16:23:25] "GET /docs/assets/img/loader-vias-principales.svg HTTP/1.1" 200 -
[WebServer] ::ffff:127.0.0.1 - - [03/Sep/2026 16:23:25] "GET /docs/data/provincias_wgs84.geojson HTTP/1.1" 200 -
[WebServer] ::ffff:127.0.0.1 - - [03/Sep/2026 16:23:25] "GET /docs/data/cantones_indice.json HTTP/1.1" 200 -
[WebServer] ::ffff:127.0.0.1 - - [03/Sep/2026 16:23:27] "GET /docs/data/cantones_wgs84.geojson HTTP/1.1" 200 -
[WebServer] ::ffff:127.0.0.1 - - [03/Sep/2026 16:23:27] "GET /docs/data/hotspots_cantonales.json HTTP/1.1" 200 -
[WebServer] ::ffff:127.0.0.1 - - [03/Sep/2026 16:23:28] "GET /docs/ HTTP/1.1" 200 -
[WebServer] ::ffff:127.0.0.1 - - [03/Sep/2026 16:23:28] "GET /docs/assets/css/driver.css HTTP/1.1" 200 -
[WebServer] ::ffff:127.0.0.1 - - [03/Sep/2026 16:23:28] "GET /docs/assets/css/geoportal-core.css?v=0.10.49 HTTP/1.1" 200 -
[WebServer] ::ffff:127.0.0.1 - - [03/Sep/2026 16:23:28] "GET /docs/assets/css/geoportal-experience.css?v=0.10.49 HTTP/1.1" 200 -
[WebServer] ::ffff:127.0.0.1 - - [03/Sep/2026 16:23:28] "GET /docs/assets/css/geoportal-mobile.css?v=0.10.49 HTTP/1.1" 200 -
[WebServer] ::ffff:127.0.0.1 - - [03/Sep/2026 16:23:28] "GET /docs/assets/js/vendor/leaflet-heat.js HTTP/1.1" 200 -
[WebServer] ::ffff:127.0.0.1 - - [03/Sep/2026 16:23:28] "GET /docs/assets/js/vendor/simple-statistics.min.js HTTP/1.1" 200 -
[WebServer] ::ffff:127.0.0.1 - - [03/Sep/2026 16:23:28] "GET /docs/assets/js/vendor/driver.min.js HTTP/1.1" 200 -
[WebServer] ::ffff:127.0.0.1 - - [03/Sep/2026 16:23:28] "GET /docs/assets/js/vendor/html2canvas.min.js HTTP/1.1" 200 -
[WebServer] ::ffff:127.0.0.1 - - [03/Sep/2026 16:23:28] "GET /docs/assets/js/vendor/jspdf.umd.min.js HTTP/1.1" 200 -
[WebServer] ::ffff:127.0.0.1 - - [03/Sep/2026 16:23:28] "GET /docs/assets/js/geoportal-classification.js?v=0.10.49 HTTP/1.1" 200 -
[WebServer] ::ffff:127.0.0.1 - - [03/Sep/2026 16:23:28] "GET /docs/assets/js/geoportal-registry.js?v=0.10.49 HTTP/1.1" 200 -
[WebServer] ::ffff:127.0.0.1 - - [03/Sep/2026 16:23:28] "GET /docs/assets/js/geoportal-overlay-state.js?v=0.10.49 HTTP/1.1" 200 -
[WebServer] ::ffff:127.0.0.1 - - [03/Sep/2026 16:23:28] "GET /docs/assets/js/geoportal-ant-layer.js?v=0.10.49 HTTP/1.1" 200 -
[WebServer] ::ffff:127.0.0.1 - - [03/Sep/2026 16:23:28] "GET /docs/assets/js/geoportal-experience.js?v=0.10.49 HTTP/1.1" 200 -
[WebServer] ::ffff:127.0.0.1 - - [03/Sep/2026 16:23:28] "GET /docs/assets/js/geoportal-state.js?v=0.10.49 HTTP/1.1" 200 -
[WebServer] ::ffff:127.0.0.1 - - [03/Sep/2026 16:23:28] "GET /docs/assets/js/geoportal-territories.js?v=0.10.49 HTTP/1.1" 200 -
[WebServer] ::ffff:127.0.0.1 - - [03/Sep/2026 16:23:28] "GET /docs/assets/js/geoportal-panels.js?v=0.10.49 HTTP/1.1" 200 -
[WebServer] ::ffff:127.0.0.1 - - [03/Sep/2026 16:23:28] "GET /docs/assets/js/geoportal-institutional.js?v=0.10.49 HTTP/1.1" 200 -
[WebServer] ::ffff:127.0.0.1 - - [03/Sep/2026 16:23:28] "GET /docs/assets/js/geoportal-tour.js?v=0.10.49 HTTP/1.1" 200 -
[WebServer] ::ffff:127.0.0.1 - - [03/Sep/2026 16:23:28] "GET /docs/assets/js/geoportal-catalogo.js?v=0.10.49 HTTP/1.1" 200 -
[WebServer] ::ffff:127.0.0.1 - - [03/Sep/2026 16:23:28] "GET /docs/assets/js/geoportal-app.js?v=0.10.49 HTTP/1.1" 200 -
[WebServer] ::ffff:127.0.0.1 - - [03/Sep/2026 16:23:28] "GET /docs/assets/img/redsa-isotipo-oficial.png HTTP/1.1" 200 -
[WebServer] ::ffff:127.0.0.1 - - [03/Sep/2026 16:23:28] "GET /docs/assets/img/loader-ecuador-contorno.svg HTTP/1.1" 200 -
[WebServer] ::ffff:127.0.0.1 - - [03/Sep/2026 16:23:28] "GET /docs/assets/img/loader-vias-principales.svg HTTP/1.1" 200 -
[WebServer] ::ffff:127.0.0.1 - - [03/Sep/2026 16:23:28] "GET /docs/data/ciclovias_ecuador.geojson HTTP/1.1" 200 -
[WebServer] ::ffff:127.0.0.1 - - [03/Sep/2026 16:23:28] "GET /docs/data/provincias_wgs84.geojson HTTP/1.1" 200 -
[WebServer] ::ffff:127.0.0.1 - - [03/Sep/2026 16:23:28] "GET /docs/data/cantones_indice.json HTTP/1.1" 200 -
[WebServer] ::ffff:127.0.0.1 - - [03/Sep/2026 16:23:30] "GET /docs/data/hotspots_cantonales.json HTTP/1.1" 200 -
[WebServer] ::ffff:127.0.0.1 - - [03/Sep/2026 16:23:30] "GET /docs/data/cantones_wgs84.geojson HTTP/1.1" 200 -
[WebServer] ::ffff:127.0.0.1 - - [03/Sep/2026 16:23:31] "GET /docs/ HTTP/1.1" 200 -
[WebServer] ::ffff:127.0.0.1 - - [03/Sep/2026 16:23:31] "GET /docs/assets/css/driver.css HTTP/1.1" 200 -
[WebServer] ::ffff:127.0.0.1 - - [03/Sep/2026 16:23:31] "GET /docs/assets/css/geoportal-core.css?v=0.10.49 HTTP/1.1" 200 -
[WebServer] ::ffff:127.0.0.1 - - [03/Sep/2026 16:23:31] "GET /docs/assets/css/geoportal-experience.css?v=0.10.49 HTTP/1.1" 200 -
[WebServer] ::ffff:127.0.0.1 - - [03/Sep/2026 16:23:31] "GET /docs/assets/css/geoportal-mobile.css?v=0.10.49 HTTP/1.1" 200 -
[WebServer] ::ffff:127.0.0.1 - - [03/Sep/2026 16:23:31] "GET /docs/assets/js/vendor/leaflet-heat.js HTTP/1.1" 200 -
[WebServer] ::ffff:127.0.0.1 - - [03/Sep/2026 16:23:31] "GET /docs/assets/js/vendor/simple-statistics.min.js HTTP/1.1" 200 -
[WebServer] ::ffff:127.0.0.1 - - [03/Sep/2026 16:23:31] "GET /docs/assets/js/vendor/driver.min.js HTTP/1.1" 200 -
[WebServer] ::ffff:127.0.0.1 - - [03/Sep/2026 16:23:31] "GET /docs/assets/js/vendor/html2canvas.min.js HTTP/1.1" 200 -
[WebServer] ::ffff:127.0.0.1 - - [03/Sep/2026 16:23:31] "GET /docs/assets/js/vendor/jspdf.umd.min.js HTTP/1.1" 200 -
[WebServer] ::ffff:127.0.0.1 - - [03/Sep/2026 16:23:31] "GET /docs/assets/js/geoportal-classification.js?v=0.10.49 HTTP/1.1" 200 -
[WebServer] ::ffff:127.0.0.1 - - [03/Sep/2026 16:23:31] "GET /docs/assets/js/geoportal-registry.js?v=0.10.49 HTTP/1.1" 200 -
[WebServer] ::ffff:127.0.0.1 - - [03/Sep/2026 16:23:31] "GET /docs/assets/js/geoportal-ant-layer.js?v=0.10.49 HTTP/1.1" 200 -
[WebServer] ::ffff:127.0.0.1 - - [03/Sep/2026 16:23:31] "GET /docs/assets/js/geoportal-overlay-state.js?v=0.10.49 HTTP/1.1" 200 -
[WebServer] ::ffff:127.0.0.1 - - [03/Sep/2026 16:23:31] "GET /docs/assets/js/geoportal-experience.js?v=0.10.49 HTTP/1.1" 200 -
[WebServer] ::ffff:127.0.0.1 - - [03/Sep/2026 16:23:31] "GET /docs/assets/js/geoportal-state.js?v=0.10.49 HTTP/1.1" 200 -
[WebServer] ::ffff:127.0.0.1 - - [03/Sep/2026 16:23:31] "GET /docs/assets/js/geoportal-territories.js?v=0.10.49 HTTP/1.1" 200 -
[WebServer] ::ffff:127.0.0.1 - - [03/Sep/2026 16:23:31] "GET /docs/assets/js/geoportal-panels.js?v=0.10.49 HTTP/1.1" 200 -
[WebServer] ::ffff:127.0.0.1 - - [03/Sep/2026 16:23:31] "GET /docs/assets/js/geoportal-institutional.js?v=0.10.49 HTTP/1.1" 200 -
[WebServer] ::ffff:127.0.0.1 - - [03/Sep/2026 16:23:31] "GET /docs/assets/js/geoportal-tour.js?v=0.10.49 HTTP/1.1" 200 -
[WebServer] ::ffff:127.0.0.1 - - [03/Sep/2026 16:23:31] "GET /docs/assets/js/geoportal-catalogo.js?v=0.10.49 HTTP/1.1" 200 -
[WebServer] ::ffff:127.0.0.1 - - [03/Sep/2026 16:23:31] "GET /docs/assets/js/geoportal-app.js?v=0.10.49 HTTP/1.1" 200 -
[WebServer] ::ffff:127.0.0.1 - - [03/Sep/2026 16:23:31] "GET /docs/assets/img/redsa-isotipo-oficial.png HTTP/1.1" 200 -
[WebServer] ::ffff:127.0.0.1 - - [03/Sep/2026 16:23:31] "GET /docs/assets/img/loader-ecuador-contorno.svg HTTP/1.1" 200 -
[WebServer] ::ffff:127.0.0.1 - - [03/Sep/2026 16:23:31] "GET /docs/assets/img/loader-vias-principales.svg HTTP/1.1" 200 -
[WebServer] ::ffff:127.0.0.1 - - [03/Sep/2026 16:23:32] "GET /docs/data/provincias_wgs84.geojson HTTP/1.1" 200 -
[WebServer] ::ffff:127.0.0.1 - - [03/Sep/2026 16:23:32] "GET /docs/data/cantones_indice.json HTTP/1.1" 200 -
[WebServer] ::ffff:127.0.0.1 - - [03/Sep/2026 16:23:34] "GET /docs/ HTTP/1.1" 200 -
[WebServer] ::ffff:127.0.0.1 - - [03/Sep/2026 16:23:34] "GET /docs/assets/css/driver.css HTTP/1.1" 200 -
[WebServer] ::ffff:127.0.0.1 - - [03/Sep/2026 16:23:34] "GET /docs/assets/css/geoportal-core.css?v=0.10.49 HTTP/1.1" 200 -
[WebServer] ::ffff:127.0.0.1 - - [03/Sep/2026 16:23:34] "GET /docs/assets/css/geoportal-experience.css?v=0.10.49 HTTP/1.1" 200 -
[WebServer] ::ffff:127.0.0.1 - - [03/Sep/2026 16:23:34] "GET /docs/assets/css/geoportal-mobile.css?v=0.10.49 HTTP/1.1" 200 -
[WebServer] ::ffff:127.0.0.1 - - [03/Sep/2026 16:23:34] "GET /docs/assets/js/vendor/leaflet-heat.js HTTP/1.1" 200 -
[WebServer] ::ffff:127.0.0.1 - - [03/Sep/2026 16:23:34] "GET /docs/assets/js/vendor/simple-statistics.min.js HTTP/1.1" 200 -
[WebServer] ::ffff:127.0.0.1 - - [03/Sep/2026 16:23:34] "GET /docs/assets/js/vendor/driver.min.js HTTP/1.1" 200 -
[WebServer] ::ffff:127.0.0.1 - - [03/Sep/2026 16:23:34] "GET /docs/assets/js/vendor/html2canvas.min.js HTTP/1.1" 200 -
[WebServer] ::ffff:127.0.0.1 - - [03/Sep/2026 16:23:34] "GET /docs/assets/js/vendor/jspdf.umd.min.js HTTP/1.1" 200 -
[WebServer] ::ffff:127.0.0.1 - - [03/Sep/2026 16:23:34] "GET /docs/assets/js/geoportal-classification.js?v=0.10.49 HTTP/1.1" 200 -
[WebServer] ::ffff:127.0.0.1 - - [03/Sep/2026 16:23:34] "GET /docs/assets/js/geoportal-registry.js?v=0.10.49 HTTP/1.1" 200 -
[WebServer] ::ffff:127.0.0.1 - - [03/Sep/2026 16:23:34] "GET /docs/assets/js/geoportal-overlay-state.js?v=0.10.49 HTTP/1.1" 200 -
[WebServer] ::ffff:127.0.0.1 - - [03/Sep/2026 16:23:34] "GET /docs/assets/js/geoportal-ant-layer.js?v=0.10.49 HTTP/1.1" 200 -
[WebServer] ::ffff:127.0.0.1 - - [03/Sep/2026 16:23:34] "GET /docs/assets/js/geoportal-experience.js?v=0.10.49 HTTP/1.1" 200 -
[WebServer] ::ffff:127.0.0.1 - - [03/Sep/2026 16:23:34] "GET /docs/assets/js/geoportal-state.js?v=0.10.49 HTTP/1.1" 200 -
[WebServer] ::ffff:127.0.0.1 - - [03/Sep/2026 16:23:34] "GET /docs/assets/js/geoportal-territories.js?v=0.10.49 HTTP/1.1" 200 -
[WebServer] ::ffff:127.0.0.1 - - [03/Sep/2026 16:23:34] "GET /docs/assets/js/geoportal-panels.js?v=0.10.49 HTTP/1.1" 200 -
[WebServer] ::ffff:127.0.0.1 - - [03/Sep/2026 16:23:34] "GET /docs/assets/js/geoportal-institutional.js?v=0.10.49 HTTP/1.1" 200 -
[WebServer] ::ffff:127.0.0.1 - - [03/Sep/2026 16:23:34] "GET /docs/assets/js/geoportal-tour.js?v=0.10.49 HTTP/1.1" 200 -
[WebServer] ::ffff:127.0.0.1 - - [03/Sep/2026 16:23:34] "GET /docs/assets/js/geoportal-catalogo.js?v=0.10.49 HTTP/1.1" 200 -
[WebServer] ::ffff:127.0.0.1 - - [03/Sep/2026 16:23:34] "GET /docs/assets/js/geoportal-app.js?v=0.10.49 HTTP/1.1" 200 -
[WebServer] ::ffff:127.0.0.1 - - [03/Sep/2026 16:23:34] "GET /docs/assets/img/redsa-isotipo-oficial.png HTTP/1.1" 200 -
[WebServer] ::ffff:127.0.0.1 - - [03/Sep/2026 16:23:35] "GET /docs/assets/img/loader-ecuador-contorno.svg HTTP/1.1" 200 -
[WebServer] ::ffff:127.0.0.1 - - [03/Sep/2026 16:23:35] "GET /docs/assets/img/loader-vias-principales.svg HTTP/1.1" 200 -
[WebServer] ::ffff:127.0.0.1 - - [03/Sep/2026 16:23:35] "GET /docs/data/ciclovias_ecuador.geojson HTTP/1.1" 200 -
[WebServer] ::ffff:127.0.0.1 - - [03/Sep/2026 16:23:35] "GET /docs/data/cantones_wgs84.geojson HTTP/1.1" 200 -
[WebServer] ::ffff:127.0.0.1 - - [03/Sep/2026 16:23:35] "GET /docs/data/hotspots_cantonales.json HTTP/1.1" 200 -
[WebServer] ::ffff:127.0.0.1 - - [03/Sep/2026 16:23:35] "GET /docs/data/cantones_indice.json HTTP/1.1" 200 -
[WebServer] ::ffff:127.0.0.1 - - [03/Sep/2026 16:23:35] "GET /docs/data/provincias_wgs84.geojson HTTP/1.1" 200 -
[WebServer] ::ffff:127.0.0.1 - - [03/Sep/2026 16:23:36] "GET /docs/data/aceras_ecuador.geojson HTTP/1.1" 200 -
[WebServer] ::ffff:127.0.0.1 - - [03/Sep/2026 16:23:40] "GET /docs/ HTTP/1.1" 200 -
[WebServer] ::ffff:127.0.0.1 - - [03/Sep/2026 16:23:40] "GET /docs/assets/css/driver.css HTTP/1.1" 200 -
[WebServer] ::ffff:127.0.0.1 - - [03/Sep/2026 16:23:40] "GET /docs/assets/css/geoportal-mobile.css?v=0.10.49 HTTP/1.1" 200 -
[WebServer] ::ffff:127.0.0.1 - - [03/Sep/2026 16:23:40] "GET /docs/assets/css/geoportal-experience.css?v=0.10.49 HTTP/1.1" 200 -
[WebServer] ::ffff:127.0.0.1 - - [03/Sep/2026 16:23:40] "GET /docs/assets/css/geoportal-core.css?v=0.10.49 HTTP/1.1" 200 -
[WebServer] ::ffff:127.0.0.1 - - [03/Sep/2026 16:23:40] "GET /docs/assets/js/vendor/leaflet-heat.js HTTP/1.1" 200 -
[WebServer] ::ffff:127.0.0.1 - - [03/Sep/2026 16:23:40] "GET /docs/assets/js/vendor/simple-statistics.min.js HTTP/1.1" 200 -
[WebServer] ::ffff:127.0.0.1 - - [03/Sep/2026 16:23:40] "GET /docs/assets/js/vendor/driver.min.js HTTP/1.1" 200 -
[WebServer] ::ffff:127.0.0.1 - - [03/Sep/2026 16:23:40] "GET /docs/assets/js/vendor/html2canvas.min.js HTTP/1.1" 200 -
[WebServer] ::ffff:127.0.0.1 - - [03/Sep/2026 16:23:40] "GET /docs/assets/js/vendor/jspdf.umd.min.js HTTP/1.1" 200 -
[WebServer] ::ffff:127.0.0.1 - - [03/Sep/2026 16:23:40] "GET /docs/assets/js/geoportal-classification.js?v=0.10.49 HTTP/1.1" 200 -
[WebServer] ::ffff:127.0.0.1 - - [03/Sep/2026 16:23:40] "GET /docs/assets/js/geoportal-registry.js?v=0.10.49 HTTP/1.1" 200 -
[WebServer] ::ffff:127.0.0.1 - - [03/Sep/2026 16:23:40] "GET /docs/assets/js/geoportal-overlay-state.js?v=0.10.49 HTTP/1.1" 200 -
[WebServer] ::ffff:127.0.0.1 - - [03/Sep/2026 16:23:40] "GET /docs/assets/js/geoportal-ant-layer.js?v=0.10.49 HTTP/1.1" 200 -
[WebServer] ::ffff:127.0.0.1 - - [03/Sep/2026 16:23:40] "GET /docs/assets/js/geoportal-experience.js?v=0.10.49 HTTP/1.1" 200 -
[WebServer] ::ffff:127.0.0.1 - - [03/Sep/2026 16:23:40] "GET /docs/assets/js/geoportal-state.js?v=0.10.49 HTTP/1.1" 200 -
[WebServer] ::ffff:127.0.0.1 - - [03/Sep/2026 16:23:40] "GET /docs/assets/js/geoportal-territories.js?v=0.10.49 HTTP/1.1" 200 -
[WebServer] ::ffff:127.0.0.1 - - [03/Sep/2026 16:23:40] "GET /docs/assets/js/geoportal-panels.js?v=0.10.49 HTTP/1.1" 200 -
[WebServer] ::ffff:127.0.0.1 - - [03/Sep/2026 16:23:40] "GET /docs/assets/js/geoportal-institutional.js?v=0.10.49 HTTP/1.1" 200 -
[WebServer] ::ffff:127.0.0.1 - - [03/Sep/2026 16:23:40] "GET /docs/assets/js/geoportal-tour.js?v=0.10.49 HTTP/1.1" 200 -
[WebServer] ::ffff:127.0.0.1 - - [03/Sep/2026 16:23:40] "GET /docs/assets/js/geoportal-catalogo.js?v=0.10.49 HTTP/1.1" 200 -
[WebServer] ::ffff:127.0.0.1 - - [03/Sep/2026 16:23:40] "GET /docs/assets/js/geoportal-app.js?v=0.10.49 HTTP/1.1" 200 -
[WebServer] ::ffff:127.0.0.1 - - [03/Sep/2026 16:23:40] "GET /docs/assets/img/redsa-isotipo-oficial.png HTTP/1.1" 200 -
[WebServer] ::ffff:127.0.0.1 - - [03/Sep/2026 16:23:40] "GET /docs/assets/img/loader-ecuador-contorno.svg HTTP/1.1" 200 -
[WebServer] ::ffff:127.0.0.1 - - [03/Sep/2026 16:23:40] "GET /docs/assets/img/loader-vias-principales.svg HTTP/1.1" 200 -
[WebServer] ::ffff:127.0.0.1 - - [03/Sep/2026 16:23:41] "GET /docs/data/provincias_wgs84.geojson HTTP/1.1" 200 -
[WebServer] ::ffff:127.0.0.1 - - [03/Sep/2026 16:23:41] "GET /docs/data/cantones_indice.json HTTP/1.1" 200 -
[WebServer] ::ffff:127.0.0.1 - - [03/Sep/2026 16:23:41] "GET /docs/ HTTP/1.1" 200 -
[WebServer] ::ffff:127.0.0.1 - - [03/Sep/2026 16:23:41] "GET /docs/assets/css/driver.css HTTP/1.1" 200 -
[WebServer] ::ffff:127.0.0.1 - - [03/Sep/2026 16:23:41] "GET /docs/assets/css/geoportal-core.css?v=0.10.49 HTTP/1.1" 200 -
[WebServer] ::ffff:127.0.0.1 - - [03/Sep/2026 16:23:41] "GET /docs/assets/css/geoportal-experience.css?v=0.10.49 HTTP/1.1" 200 -
[WebServer] ::ffff:127.0.0.1 - - [03/Sep/2026 16:23:41] "GET /docs/assets/css/geoportal-mobile.css?v=0.10.49 HTTP/1.1" 200 -
[WebServer] ::ffff:127.0.0.1 - - [03/Sep/2026 16:23:41] "GET /docs/assets/js/vendor/leaflet-heat.js HTTP/1.1" 200 -
[WebServer] ::ffff:127.0.0.1 - - [03/Sep/2026 16:23:41] "GET /docs/assets/js/vendor/simple-statistics.min.js HTTP/1.1" 200 -
[WebServer] ::ffff:127.0.0.1 - - [03/Sep/2026 16:23:41] "GET /docs/assets/js/vendor/driver.min.js HTTP/1.1" 200 -
[WebServer] ::ffff:127.0.0.1 - - [03/Sep/2026 16:23:41] "GET /docs/assets/js/vendor/html2canvas.min.js HTTP/1.1" 200 -
[WebServer] ::ffff:127.0.0.1 - - [03/Sep/2026 16:23:41] "GET /docs/assets/js/vendor/jspdf.umd.min.js HTTP/1.1" 200 -
[WebServer] ::ffff:127.0.0.1 - - [03/Sep/2026 16:23:41] "GET /docs/assets/js/geoportal-classification.js?v=0.10.49 HTTP/1.1" 200 -
[WebServer] ::ffff:127.0.0.1 - - [03/Sep/2026 16:23:41] "GET /docs/assets/js/geoportal-registry.js?v=0.10.49 HTTP/1.1" 200 -
[WebServer] ::ffff:127.0.0.1 - - [03/Sep/2026 16:23:41] "GET /docs/assets/js/geoportal-overlay-state.js?v=0.10.49 HTTP/1.1" 200 -
[WebServer] ::ffff:127.0.0.1 - - [03/Sep/2026 16:23:41] "GET /docs/assets/js/geoportal-ant-layer.js?v=0.10.49 HTTP/1.1" 200 -
[WebServer] ::ffff:127.0.0.1 - - [03/Sep/2026 16:23:41] "GET /docs/assets/js/geoportal-experience.js?v=0.10.49 HTTP/1.1" 200 -
[WebServer] ::ffff:127.0.0.1 - - [03/Sep/2026 16:23:41] "GET /docs/assets/js/geoportal-state.js?v=0.10.49 HTTP/1.1" 200 -
[WebServer] ::ffff:127.0.0.1 - - [03/Sep/2026 16:23:41] "GET /docs/assets/js/geoportal-territories.js?v=0.10.49 HTTP/1.1" 200 -
[WebServer] ::ffff:127.0.0.1 - - [03/Sep/2026 16:23:41] "GET /docs/assets/js/geoportal-panels.js?v=0.10.49 HTTP/1.1" 200 -
[WebServer] ::ffff:127.0.0.1 - - [03/Sep/2026 16:23:41] "GET /docs/assets/js/geoportal-institutional.js?v=0.10.49 HTTP/1.1" 200 -
[WebServer] ::ffff:127.0.0.1 - - [03/Sep/2026 16:23:41] "GET /docs/assets/js/geoportal-tour.js?v=0.10.49 HTTP/1.1" 200 -
[WebServer] ::ffff:127.0.0.1 - - [03/Sep/2026 16:23:42] "GET /docs/assets/js/geoportal-catalogo.js?v=0.10.49 HTTP/1.1" 200 -
[WebServer] ::ffff:127.0.0.1 - - [03/Sep/2026 16:23:42] "GET /docs/assets/js/geoportal-app.js?v=0.10.49 HTTP/1.1" 200 -
[WebServer] ::ffff:127.0.0.1 - - [03/Sep/2026 16:23:42] "GET /docs/assets/img/redsa-isotipo-oficial.png HTTP/1.1" 200 -
[WebServer] ::ffff:127.0.0.1 - - [03/Sep/2026 16:23:42] "GET /docs/assets/img/loader-vias-principales.svg HTTP/1.1" 200 -
[WebServer] ::ffff:127.0.0.1 - - [03/Sep/2026 16:23:42] "GET /docs/assets/img/loader-ecuador-contorno.svg HTTP/1.1" 200 -
[WebServer] ::ffff:127.0.0.1 - - [03/Sep/2026 16:23:42] "GET /docs/data/provincias_wgs84.geojson HTTP/1.1" 200 -
[WebServer] ::ffff:127.0.0.1 - - [03/Sep/2026 16:23:42] "GET /docs/data/cantones_indice.json HTTP/1.1" 200 -
[WebServer] ::ffff:127.0.0.1 - - [03/Sep/2026 16:23:42] "GET /docs/data/parroquias_wgs84.geojson HTTP/1.1" 200 -
[WebServer] ::ffff:127.0.0.1 - - [03/Sep/2026 16:23:43] "GET /docs/data/cantones_wgs84.geojson HTTP/1.1" 200 -
[WebServer] ::ffff:127.0.0.1 - - [03/Sep/2026 16:23:43] "GET /docs/data/hotspots_cantonales.json HTTP/1.1" 200 -
[WebServer] ::ffff:127.0.0.1 - - [03/Sep/2026 16:23:46] "GET /docs/ HTTP/1.1" 200 -
[WebServer] ::ffff:127.0.0.1 - - [03/Sep/2026 16:23:46] "GET /docs/assets/css/driver.css HTTP/1.1" 200 -
[WebServer] ::ffff:127.0.0.1 - - [03/Sep/2026 16:23:46] "GET /docs/assets/css/geoportal-core.css?v=0.10.49 HTTP/1.1" 200 -
[WebServer] ::ffff:127.0.0.1 - - [03/Sep/2026 16:23:46] "GET /docs/assets/css/geoportal-experience.css?v=0.10.49 HTTP/1.1" 200 -
[WebServer] ::ffff:127.0.0.1 - - [03/Sep/2026 16:23:46] "GET /docs/assets/css/geoportal-mobile.css?v=0.10.49 HTTP/1.1" 200 -
[WebServer] ::ffff:127.0.0.1 - - [03/Sep/2026 16:23:46] "GET /docs/assets/js/vendor/leaflet-heat.js HTTP/1.1" 200 -
[WebServer] ::ffff:127.0.0.1 - - [03/Sep/2026 16:23:46] "GET /docs/assets/js/vendor/simple-statistics.min.js HTTP/1.1" 200 -
[WebServer] ::ffff:127.0.0.1 - - [03/Sep/2026 16:23:46] "GET /docs/assets/js/vendor/driver.min.js HTTP/1.1" 200 -
[WebServer] ::ffff:127.0.0.1 - - [03/Sep/2026 16:23:46] "GET /docs/assets/js/vendor/html2canvas.min.js HTTP/1.1" 200 -
[WebServer] ::ffff:127.0.0.1 - - [03/Sep/2026 16:23:46] "GET /docs/assets/js/vendor/jspdf.umd.min.js HTTP/1.1" 200 -
[WebServer] ::ffff:127.0.0.1 - - [03/Sep/2026 16:23:46] "GET /docs/assets/js/geoportal-classification.js?v=0.10.49 HTTP/1.1" 200 -
[WebServer] ::ffff:127.0.0.1 - - [03/Sep/2026 16:23:46] "GET /docs/assets/js/geoportal-registry.js?v=0.10.49 HTTP/1.1" 200 -
[WebServer] ::ffff:127.0.0.1 - - [03/Sep/2026 16:23:46] "GET /docs/assets/js/geoportal-overlay-state.js?v=0.10.49 HTTP/1.1" 200 -
[WebServer] ::ffff:127.0.0.1 - - [03/Sep/2026 16:23:46] "GET /docs/assets/js/geoportal-ant-layer.js?v=0.10.49 HTTP/1.1" 200 -
[WebServer] ::ffff:127.0.0.1 - - [03/Sep/2026 16:23:46] "GET /docs/assets/js/geoportal-experience.js?v=0.10.49 HTTP/1.1" 200 -
[WebServer] ::ffff:127.0.0.1 - - [03/Sep/2026 16:23:46] "GET /docs/assets/js/geoportal-state.js?v=0.10.49 HTTP/1.1" 200 -
[WebServer] ::ffff:127.0.0.1 - - [03/Sep/2026 16:23:46] "GET /docs/assets/js/geoportal-territories.js?v=0.10.49 HTTP/1.1" 200 -
[WebServer] ::ffff:127.0.0.1 - - [03/Sep/2026 16:23:46] "GET /docs/assets/js/geoportal-panels.js?v=0.10.49 HTTP/1.1" 200 -
[WebServer] ::ffff:127.0.0.1 - - [03/Sep/2026 16:23:46] "GET /docs/assets/js/geoportal-institutional.js?v=0.10.49 HTTP/1.1" 200 -
[WebServer] ::ffff:127.0.0.1 - - [03/Sep/2026 16:23:46] "GET /docs/assets/js/geoportal-tour.js?v=0.10.49 HTTP/1.1" 200 -
[WebServer] ::ffff:127.0.0.1 - - [03/Sep/2026 16:23:46] "GET /docs/assets/js/geoportal-catalogo.js?v=0.10.49 HTTP/1.1" 200 -
[WebServer] ::ffff:127.0.0.1 - - [03/Sep/2026 16:23:46] "GET /docs/assets/js/geoportal-app.js?v=0.10.49 HTTP/1.1" 200 -
[WebServer] ::ffff:127.0.0.1 - - [03/Sep/2026 16:23:46] "GET /docs/assets/img/redsa-isotipo-oficial.png HTTP/1.1" 200 -
[WebServer] ::ffff:127.0.0.1 - - [03/Sep/2026 16:23:46] "GET /docs/assets/img/loader-ecuador-contorno.svg HTTP/1.1" 200 -
[WebServer] ::ffff:127.0.0.1 - - [03/Sep/2026 16:23:46] "GET /docs/assets/img/loader-vias-principales.svg HTTP/1.1" 200 -
[WebServer] ::ffff:127.0.0.1 - - [03/Sep/2026 16:23:46] "GET /docs/data/provincias_wgs84.geojson HTTP/1.1" 200 -
[WebServer] ::ffff:127.0.0.1 - - [03/Sep/2026 16:23:46] "GET /docs/data/cantones_indice.json HTTP/1.1" 200 -
[WebServer] ::ffff:127.0.0.1 - - [03/Sep/2026 16:23:48] "GET /docs/ HTTP/1.1" 200 -
[WebServer] ::ffff:127.0.0.1 - - [03/Sep/2026 16:23:48] "GET /docs/assets/css/driver.css HTTP/1.1" 200 -
[WebServer] ::ffff:127.0.0.1 - - [03/Sep/2026 16:23:48] "GET /docs/assets/css/geoportal-core.css?v=0.10.49 HTTP/1.1" 200 -
[WebServer] ::ffff:127.0.0.1 - - [03/Sep/2026 16:23:48] "GET /docs/assets/css/geoportal-experience.css?v=0.10.49 HTTP/1.1" 200 -
[WebServer] ::ffff:127.0.0.1 - - [03/Sep/2026 16:23:48] "GET /docs/assets/css/geoportal-mobile.css?v=0.10.49 HTTP/1.1" 200 -
[WebServer] ::ffff:127.0.0.1 - - [03/Sep/2026 16:23:48] "GET /docs/assets/js/vendor/leaflet-heat.js HTTP/1.1" 200 -
[WebServer] ::ffff:127.0.0.1 - - [03/Sep/2026 16:23:48] "GET /docs/data/cantones_wgs84.geojson HTTP/1.1" 200 -
[WebServer] ::ffff:127.0.0.1 - - [03/Sep/2026 16:23:48] "GET /docs/data/hotspots_cantonales.json HTTP/1.1" 200 -
[WebServer] ::ffff:127.0.0.1 - - [03/Sep/2026 16:23:48] "GET /docs/assets/js/vendor/simple-statistics.min.js HTTP/1.1" 200 -
[WebServer] ::ffff:127.0.0.1 - - [03/Sep/2026 16:23:48] "GET /docs/assets/js/vendor/driver.min.js HTTP/1.1" 200 -
[WebServer] ::ffff:127.0.0.1 - - [03/Sep/2026 16:23:48] "GET /docs/assets/js/vendor/html2canvas.min.js HTTP/1.1" 200 -
[WebServer] ::ffff:127.0.0.1 - - [03/Sep/2026 16:23:48] "GET /docs/assets/js/vendor/jspdf.umd.min.js HTTP/1.1" 200 -
[WebServer] ::ffff:127.0.0.1 - - [03/Sep/2026 16:23:48] "GET /docs/assets/js/geoportal-classification.js?v=0.10.49 HTTP/1.1" 200 -
[WebServer] ::ffff:127.0.0.1 - - [03/Sep/2026 16:23:48] "GET /docs/assets/js/geoportal-registry.js?v=0.10.49 HTTP/1.1" 200 -
[WebServer] ::ffff:127.0.0.1 - - [03/Sep/2026 16:23:48] "GET /docs/assets/js/geoportal-overlay-state.js?v=0.10.49 HTTP/1.1" 200 -
[WebServer] ::ffff:127.0.0.1 - - [03/Sep/2026 16:23:48] "GET /docs/assets/js/geoportal-ant-layer.js?v=0.10.49 HTTP/1.1" 200 -
[WebServer] ::ffff:127.0.0.1 - - [03/Sep/2026 16:23:48] "GET /docs/assets/js/geoportal-experience.js?v=0.10.49 HTTP/1.1" 200 -
[WebServer] ::ffff:127.0.0.1 - - [03/Sep/2026 16:23:48] "GET /docs/assets/js/geoportal-state.js?v=0.10.49 HTTP/1.1" 200 -
[WebServer] ::ffff:127.0.0.1 - - [03/Sep/2026 16:23:48] "GET /docs/assets/js/geoportal-territories.js?v=0.10.49 HTTP/1.1" 200 -
[WebServer] ::ffff:127.0.0.1 - - [03/Sep/2026 16:23:48] "GET /docs/assets/js/geoportal-panels.js?v=0.10.49 HTTP/1.1" 200 -
[WebServer] ::ffff:127.0.0.1 - - [03/Sep/2026 16:23:48] "GET /docs/assets/js/geoportal-institutional.js?v=0.10.49 HTTP/1.1" 200 -
[WebServer] ::ffff:127.0.0.1 - - [03/Sep/2026 16:23:48] "GET /docs/assets/js/geoportal-tour.js?v=0.10.49 HTTP/1.1" 200 -
[WebServer] ::ffff:127.0.0.1 - - [03/Sep/2026 16:23:48] "GET /docs/assets/js/geoportal-catalogo.js?v=0.10.49 HTTP/1.1" 200 -
[WebServer] ::ffff:127.0.0.1 - - [03/Sep/2026 16:23:48] "GET /docs/assets/js/geoportal-app.js?v=0.10.49 HTTP/1.1" 200 -
[WebServer] ::ffff:127.0.0.1 - - [03/Sep/2026 16:23:48] "GET /docs/assets/img/redsa-isotipo-oficial.png HTTP/1.1" 200 -
[WebServer] ::ffff:127.0.0.1 - - [03/Sep/2026 16:23:48] "GET /docs/assets/img/loader-ecuador-contorno.svg HTTP/1.1" 200 -
[WebServer] ::ffff:127.0.0.1 - - [03/Sep/2026 16:23:48] "GET /docs/assets/img/loader-vias-principales.svg HTTP/1.1" 200 -
[WebServer] ::ffff:127.0.0.1 - - [03/Sep/2026 16:23:48] "GET /docs/data/provincias_wgs84.geojson HTTP/1.1" 200 -
[WebServer] ::ffff:127.0.0.1 - - [03/Sep/2026 16:23:48] "GET /docs/data/cantones_indice.json HTTP/1.1" 200 -
[WebServer] ::ffff:127.0.0.1 - - [03/Sep/2026 16:23:49] "GET /docs/data/parroquias_wgs84.geojson HTTP/1.1" 200 -
[WebServer] ::ffff:127.0.0.1 - - [03/Sep/2026 16:23:52] "GET /docs/ HTTP/1.1" 200 -
[WebServer] ::ffff:127.0.0.1 - - [03/Sep/2026 16:23:52] "GET /docs/assets/css/driver.css HTTP/1.1" 200 -
[WebServer] ::ffff:127.0.0.1 - - [03/Sep/2026 16:23:52] "GET /docs/assets/css/geoportal-core.css?v=0.10.49 HTTP/1.1" 200 -
[WebServer] ::ffff:127.0.0.1 - - [03/Sep/2026 16:23:52] "GET /docs/assets/css/geoportal-experience.css?v=0.10.49 HTTP/1.1" 200 -
[WebServer] ::ffff:127.0.0.1 - - [03/Sep/2026 16:23:52] "GET /docs/assets/css/geoportal-mobile.css?v=0.10.49 HTTP/1.1" 200 -
[WebServer] ::ffff:127.0.0.1 - - [03/Sep/2026 16:23:52] "GET /docs/assets/js/vendor/leaflet-heat.js HTTP/1.1" 200 -
[WebServer] ::ffff:127.0.0.1 - - [03/Sep/2026 16:23:52] "GET /docs/assets/js/vendor/simple-statistics.min.js HTTP/1.1" 200 -
[WebServer] ::ffff:127.0.0.1 - - [03/Sep/2026 16:23:52] "GET /docs/assets/js/vendor/driver.min.js HTTP/1.1" 200 -
[WebServer] ::ffff:127.0.0.1 - - [03/Sep/2026 16:23:52] "GET /docs/assets/js/vendor/html2canvas.min.js HTTP/1.1" 200 -
[WebServer] ::ffff:127.0.0.1 - - [03/Sep/2026 16:23:52] "GET /docs/assets/js/vendor/jspdf.umd.min.js HTTP/1.1" 200 -
[WebServer] ::ffff:127.0.0.1 - - [03/Sep/2026 16:23:52] "GET /docs/assets/js/geoportal-classification.js?v=0.10.49 HTTP/1.1" 200 -
[WebServer] ::ffff:127.0.0.1 - - [03/Sep/2026 16:23:52] "GET /docs/assets/js/geoportal-registry.js?v=0.10.49 HTTP/1.1" 200 -
[WebServer] ::ffff:127.0.0.1 - - [03/Sep/2026 16:23:52] "GET /docs/assets/js/geoportal-overlay-state.js?v=0.10.49 HTTP/1.1" 200 -
[WebServer] ::ffff:127.0.0.1 - - [03/Sep/2026 16:23:52] "GET /docs/assets/js/geoportal-ant-layer.js?v=0.10.49 HTTP/1.1" 200 -
[WebServer] ::ffff:127.0.0.1 - - [03/Sep/2026 16:23:52] "GET /docs/assets/js/geoportal-experience.js?v=0.10.49 HTTP/1.1" 200 -
[WebServer] ::ffff:127.0.0.1 - - [03/Sep/2026 16:23:52] "GET /docs/assets/js/geoportal-state.js?v=0.10.49 HTTP/1.1" 200 -
[WebServer] ::ffff:127.0.0.1 - - [03/Sep/2026 16:23:52] "GET /docs/assets/js/geoportal-territories.js?v=0.10.49 HTTP/1.1" 200 -
[WebServer] ::ffff:127.0.0.1 - - [03/Sep/2026 16:23:52] "GET /docs/assets/js/geoportal-panels.js?v=0.10.49 HTTP/1.1" 200 -
[WebServer] ::ffff:127.0.0.1 - - [03/Sep/2026 16:23:52] "GET /docs/assets/js/geoportal-institutional.js?v=0.10.49 HTTP/1.1" 200 -
[WebServer] ::ffff:127.0.0.1 - - [03/Sep/2026 16:23:52] "GET /docs/assets/js/geoportal-tour.js?v=0.10.49 HTTP/1.1" 200 -
[WebServer] ::ffff:127.0.0.1 - - [03/Sep/2026 16:23:52] "GET /docs/assets/js/geoportal-catalogo.js?v=0.10.49 HTTP/1.1" 200 -
[WebServer] ::ffff:127.0.0.1 - - [03/Sep/2026 16:23:52] "GET /docs/assets/js/geoportal-app.js?v=0.10.49 HTTP/1.1" 200 -
[WebServer] ::ffff:127.0.0.1 - - [03/Sep/2026 16:23:52] "GET /docs/assets/img/redsa-isotipo-oficial.png HTTP/1.1" 200 -
[WebServer] ::ffff:127.0.0.1 - - [03/Sep/2026 16:23:52] "GET /docs/assets/img/loader-ecuador-contorno.svg HTTP/1.1" 200 -
[WebServer] ::ffff:127.0.0.1 - - [03/Sep/2026 16:23:52] "GET /docs/assets/img/loader-vias-principales.svg HTTP/1.1" 200 -
[WebServer] ::ffff:127.0.0.1 - - [03/Sep/2026 16:23:52] "GET /docs/ HTTP/1.1" 200 -
[WebServer] ::ffff:127.0.0.1 - - [03/Sep/2026 16:23:52] "GET /docs/assets/css/driver.css HTTP/1.1" 200 -
[WebServer] ::ffff:127.0.0.1 - - [03/Sep/2026 16:23:52] "GET /docs/assets/css/geoportal-core.css?v=0.10.49 HTTP/1.1" 200 -
[WebServer] ::ffff:127.0.0.1 - - [03/Sep/2026 16:23:52] "GET /docs/assets/css/geoportal-experience.css?v=0.10.49 HTTP/1.1" 200 -
[WebServer] ::ffff:127.0.0.1 - - [03/Sep/2026 16:23:52] "GET /docs/assets/css/geoportal-mobile.css?v=0.10.49 HTTP/1.1" 200 -
[WebServer] ::ffff:127.0.0.1 - - [03/Sep/2026 16:23:52] "GET /docs/assets/js/vendor/leaflet-heat.js HTTP/1.1" 200 -
[WebServer] ::ffff:127.0.0.1 - - [03/Sep/2026 16:23:52] "GET /docs/assets/js/vendor/simple-statistics.min.js HTTP/1.1" 200 -
[WebServer] ::ffff:127.0.0.1 - - [03/Sep/2026 16:23:52] "GET /docs/assets/js/vendor/driver.min.js HTTP/1.1" 200 -
[WebServer] ::ffff:127.0.0.1 - - [03/Sep/2026 16:23:52] "GET /docs/assets/js/vendor/html2canvas.min.js HTTP/1.1" 200 -
[WebServer] ::ffff:127.0.0.1 - - [03/Sep/2026 16:23:52] "GET /docs/assets/js/vendor/jspdf.umd.min.js HTTP/1.1" 200 -
[WebServer] ::ffff:127.0.0.1 - - [03/Sep/2026 16:23:53] "GET /docs/assets/js/geoportal-classification.js?v=0.10.49 HTTP/1.1" 200 -
[WebServer] ::ffff:127.0.0.1 - - [03/Sep/2026 16:23:53] "GET /docs/assets/js/geoportal-registry.js?v=0.10.49 HTTP/1.1" 200 -
[WebServer] ::ffff:127.0.0.1 - - [03/Sep/2026 16:23:53] "GET /docs/data/provincias_wgs84.geojson HTTP/1.1" 200 -
[WebServer] ::ffff:127.0.0.1 - - [03/Sep/2026 16:23:53] "GET /docs/data/cantones_indice.json HTTP/1.1" 200 -
[WebServer] ::ffff:127.0.0.1 - - [03/Sep/2026 16:23:53] "GET /docs/assets/js/geoportal-overlay-state.js?v=0.10.49 HTTP/1.1" 200 -
[WebServer] ::ffff:127.0.0.1 - - [03/Sep/2026 16:23:53] "GET /docs/assets/js/geoportal-ant-layer.js?v=0.10.49 HTTP/1.1" 200 -
[WebServer] ::ffff:127.0.0.1 - - [03/Sep/2026 16:23:53] "GET /docs/assets/js/geoportal-experience.js?v=0.10.49 HTTP/1.1" 200 -
[WebServer] ::ffff:127.0.0.1 - - [03/Sep/2026 16:23:53] "GET /docs/assets/js/geoportal-state.js?v=0.10.49 HTTP/1.1" 200 -
[WebServer] ::ffff:127.0.0.1 - - [03/Sep/2026 16:23:53] "GET /docs/assets/img/redsa-isotipo-oficial.png HTTP/1.1" 200 -
[WebServer] ::ffff:127.0.0.1 - - [03/Sep/2026 16:23:53] "GET /docs/assets/js/geoportal-territories.js?v=0.10.49 HTTP/1.1" 200 -
[WebServer] ::ffff:127.0.0.1 - - [03/Sep/2026 16:23:53] "GET /docs/assets/js/geoportal-panels.js?v=0.10.49 HTTP/1.1" 200 -
[WebServer] ::ffff:127.0.0.1 - - [03/Sep/2026 16:23:53] "GET /docs/assets/js/geoportal-institutional.js?v=0.10.49 HTTP/1.1" 200 -
[WebServer] ::ffff:127.0.0.1 - - [03/Sep/2026 16:23:53] "GET /docs/assets/js/geoportal-tour.js?v=0.10.49 HTTP/1.1" 200 -
[WebServer] ::ffff:127.0.0.1 - - [03/Sep/2026 16:23:53] "GET /docs/assets/js/geoportal-catalogo.js?v=0.10.49 HTTP/1.1" 200 -
[WebServer] ::ffff:127.0.0.1 - - [03/Sep/2026 16:23:53] "GET /docs/assets/js/geoportal-app.js?v=0.10.49 HTTP/1.1" 200 -
[WebServer] ::ffff:127.0.0.1 - - [03/Sep/2026 16:23:53] "GET /docs/assets/img/loader-ecuador-contorno.svg HTTP/1.1" 200 -
[WebServer] ::ffff:127.0.0.1 - - [03/Sep/2026 16:23:53] "GET /docs/assets/img/loader-vias-principales.svg HTTP/1.1" 200 -
[WebServer] ::ffff:127.0.0.1 - - [03/Sep/2026 16:23:54] "GET /docs/data/provincias_wgs84.geojson HTTP/1.1" 200 -
[WebServer] ::ffff:127.0.0.1 - - [03/Sep/2026 16:23:54] "GET /docs/data/cantones_indice.json HTTP/1.1" 200 -
[WebServer] ::ffff:127.0.0.1 - - [03/Sep/2026 16:23:54] "GET /docs/data/cantones_wgs84.geojson HTTP/1.1" 200 -
[WebServer] ::ffff:127.0.0.1 - - [03/Sep/2026 16:23:54] "GET /docs/data/hotspots_cantonales.json HTTP/1.1" 200 -
[WebServer] ::ffff:127.0.0.1 - - [03/Sep/2026 16:23:55] "GET /docs/data/ciclovias_ecuador.geojson HTTP/1.1" 200 -
[WebServer] ::ffff:127.0.0.1 - - [03/Sep/2026 16:23:55] "GET /docs/data/cantones_wgs84.geojson HTTP/1.1" 200 -
[WebServer] ::ffff:127.0.0.1 - - [03/Sep/2026 16:23:55] "GET /docs/data/hotspots_cantonales.json HTTP/1.1" 200 -
[WebServer] ::ffff:127.0.0.1 - - [03/Sep/2026 16:23:58] "GET /docs/ HTTP/1.1" 200 -
[WebServer] ::ffff:127.0.0.1 - - [03/Sep/2026 16:23:58] "GET /docs/assets/css/driver.css HTTP/1.1" 200 -
[WebServer] ::ffff:127.0.0.1 - - [03/Sep/2026 16:23:58] "GET /docs/assets/css/geoportal-core.css?v=0.10.49 HTTP/1.1" 200 -
[WebServer] ::ffff:127.0.0.1 - - [03/Sep/2026 16:23:58] "GET /docs/assets/css/geoportal-experience.css?v=0.10.49 HTTP/1.1" 200 -
[WebServer] ::ffff:127.0.0.1 - - [03/Sep/2026 16:23:58] "GET /docs/assets/css/geoportal-mobile.css?v=0.10.49 HTTP/1.1" 200 -
[WebServer] ::ffff:127.0.0.1 - - [03/Sep/2026 16:23:58] "GET /docs/assets/js/vendor/leaflet-heat.js HTTP/1.1" 200 -
[WebServer] ::ffff:127.0.0.1 - - [03/Sep/2026 16:23:58] "GET /docs/assets/js/vendor/simple-statistics.min.js HTTP/1.1" 200 -
[WebServer] ::ffff:127.0.0.1 - - [03/Sep/2026 16:23:58] "GET /docs/assets/js/vendor/driver.min.js HTTP/1.1" 200 -
[WebServer] ::ffff:127.0.0.1 - - [03/Sep/2026 16:23:58] "GET /docs/assets/js/vendor/html2canvas.min.js HTTP/1.1" 200 -
[WebServer] ::ffff:127.0.0.1 - - [03/Sep/2026 16:23:58] "GET /docs/assets/js/vendor/jspdf.umd.min.js HTTP/1.1" 200 -
[WebServer] ::ffff:127.0.0.1 - - [03/Sep/2026 16:23:58] "GET /docs/assets/js/geoportal-classification.js?v=0.10.49 HTTP/1.1" 200 -
[WebServer] ::ffff:127.0.0.1 - - [03/Sep/2026 16:23:59] "GET /docs/assets/js/geoportal-registry.js?v=0.10.49 HTTP/1.1" 200 -
[WebServer] ::ffff:127.0.0.1 - - [03/Sep/2026 16:23:59] "GET /docs/assets/js/geoportal-overlay-state.js?v=0.10.49 HTTP/1.1" 200 -
[WebServer] ::ffff:127.0.0.1 - - [03/Sep/2026 16:23:59] "GET /docs/assets/js/geoportal-ant-layer.js?v=0.10.49 HTTP/1.1" 200 -
[WebServer] ::ffff:127.0.0.1 - - [03/Sep/2026 16:23:59] "GET /docs/assets/js/geoportal-experience.js?v=0.10.49 HTTP/1.1" 200 -
[WebServer] ::ffff:127.0.0.1 - - [03/Sep/2026 16:23:59] "GET /docs/assets/js/geoportal-state.js?v=0.10.49 HTTP/1.1" 200 -
[WebServer] ::ffff:127.0.0.1 - - [03/Sep/2026 16:23:59] "GET /docs/assets/js/geoportal-territories.js?v=0.10.49 HTTP/1.1" 200 -
[WebServer] ::ffff:127.0.0.1 - - [03/Sep/2026 16:23:59] "GET /docs/assets/js/geoportal-panels.js?v=0.10.49 HTTP/1.1" 200 -
[WebServer] ::ffff:127.0.0.1 - - [03/Sep/2026 16:23:59] "GET /docs/assets/js/geoportal-institutional.js?v=0.10.49 HTTP/1.1" 200 -
[WebServer] ::ffff:127.0.0.1 - - [03/Sep/2026 16:23:59] "GET /docs/assets/js/geoportal-tour.js?v=0.10.49 HTTP/1.1" 200 -
[WebServer] ::ffff:127.0.0.1 - - [03/Sep/2026 16:23:59] "GET /docs/assets/js/geoportal-catalogo.js?v=0.10.49 HTTP/1.1" 200 -
[WebServer] ::ffff:127.0.0.1 - - [03/Sep/2026 16:23:59] "GET /docs/assets/js/geoportal-app.js?v=0.10.49 HTTP/1.1" 200 -
[WebServer] ::ffff:127.0.0.1 - - [03/Sep/2026 16:23:59] "GET /docs/assets/img/redsa-isotipo-oficial.png HTTP/1.1" 200 -
[WebServer] ::ffff:127.0.0.1 - - [03/Sep/2026 16:23:59] "GET /docs/assets/img/loader-ecuador-contorno.svg HTTP/1.1" 200 -
[WebServer] ::ffff:127.0.0.1 - - [03/Sep/2026 16:23:59] "GET /docs/assets/img/loader-vias-principales.svg HTTP/1.1" 200 -
[WebServer] ::ffff:127.0.0.1 - - [03/Sep/2026 16:23:59] "GET /docs/data/cantones_indice.json HTTP/1.1" 200 -
[WebServer] ::ffff:127.0.0.1 - - [03/Sep/2026 16:23:59] "GET /docs/data/provincias_wgs84.geojson HTTP/1.1" 200 -
[WebServer] ::ffff:127.0.0.1 - - [03/Sep/2026 16:24:00] "GET /docs/ HTTP/1.1" 200 -
[WebServer] ::ffff:127.0.0.1 - - [03/Sep/2026 16:24:00] "GET /docs/assets/css/driver.css HTTP/1.1" 200 -
[WebServer] ::ffff:127.0.0.1 - - [03/Sep/2026 16:24:00] "GET /docs/assets/css/geoportal-core.css?v=0.10.49 HTTP/1.1" 200 -
[WebServer] ::ffff:127.0.0.1 - - [03/Sep/2026 16:24:00] "GET /docs/assets/css/geoportal-experience.css?v=0.10.49 HTTP/1.1" 200 -
[WebServer] ::ffff:127.0.0.1 - - [03/Sep/2026 16:24:00] "GET /docs/assets/css/geoportal-mobile.css?v=0.10.49 HTTP/1.1" 200 -
[WebServer] ::ffff:127.0.0.1 - - [03/Sep/2026 16:24:00] "GET /docs/assets/js/vendor/leaflet-heat.js HTTP/1.1" 200 -
[WebServer] ::ffff:127.0.0.1 - - [03/Sep/2026 16:24:00] "GET /docs/assets/js/vendor/simple-statistics.min.js HTTP/1.1" 200 -
[WebServer] ::ffff:127.0.0.1 - - [03/Sep/2026 16:24:00] "GET /docs/assets/js/vendor/driver.min.js HTTP/1.1" 200 -
[WebServer] ::ffff:127.0.0.1 - - [03/Sep/2026 16:24:00] "GET /docs/assets/js/vendor/html2canvas.min.js HTTP/1.1" 200 -
[WebServer] ::ffff:127.0.0.1 - - [03/Sep/2026 16:24:00] "GET /docs/assets/js/vendor/jspdf.umd.min.js HTTP/1.1" 200 -
[WebServer] ::ffff:127.0.0.1 - - [03/Sep/2026 16:24:00] "GET /docs/assets/js/geoportal-classification.js?v=0.10.49 HTTP/1.1" 200 -
[WebServer] ::ffff:127.0.0.1 - - [03/Sep/2026 16:24:00] "GET /docs/assets/js/geoportal-registry.js?v=0.10.49 HTTP/1.1" 200 -
[WebServer] ::ffff:127.0.0.1 - - [03/Sep/2026 16:24:00] "GET /docs/assets/js/geoportal-overlay-state.js?v=0.10.49 HTTP/1.1" 200 -
[WebServer] ::ffff:127.0.0.1 - - [03/Sep/2026 16:24:00] "GET /docs/assets/js/geoportal-ant-layer.js?v=0.10.49 HTTP/1.1" 200 -
[WebServer] ::ffff:127.0.0.1 - - [03/Sep/2026 16:24:00] "GET /docs/assets/js/geoportal-experience.js?v=0.10.49 HTTP/1.1" 200 -
[WebServer] ::ffff:127.0.0.1 - - [03/Sep/2026 16:24:00] "GET /docs/assets/js/geoportal-state.js?v=0.10.49 HTTP/1.1" 200 -
[WebServer] ::ffff:127.0.0.1 - - [03/Sep/2026 16:24:00] "GET /docs/assets/js/geoportal-territories.js?v=0.10.49 HTTP/1.1" 200 -
[WebServer] ::ffff:127.0.0.1 - - [03/Sep/2026 16:24:00] "GET /docs/assets/js/geoportal-panels.js?v=0.10.49 HTTP/1.1" 200 -
[WebServer] ::ffff:127.0.0.1 - - [03/Sep/2026 16:24:00] "GET /docs/assets/js/geoportal-institutional.js?v=0.10.49 HTTP/1.1" 200 -
[WebServer] ::ffff:127.0.0.1 - - [03/Sep/2026 16:24:00] "GET /docs/assets/js/geoportal-tour.js?v=0.10.49 HTTP/1.1" 200 -
[WebServer] ::ffff:127.0.0.1 - - [03/Sep/2026 16:24:00] "GET /docs/assets/js/geoportal-catalogo.js?v=0.10.49 HTTP/1.1" 200 -
[WebServer] ::ffff:127.0.0.1 - - [03/Sep/2026 16:24:00] "GET /docs/assets/js/geoportal-app.js?v=0.10.49 HTTP/1.1" 200 -
[WebServer] ::ffff:127.0.0.1 - - [03/Sep/2026 16:24:00] "GET /docs/assets/img/redsa-isotipo-oficial.png HTTP/1.1" 200 -
[WebServer] ::ffff:127.0.0.1 - - [03/Sep/2026 16:24:00] "GET /docs/assets/img/loader-ecuador-contorno.svg HTTP/1.1" 200 -
[WebServer] ::ffff:127.0.0.1 - - [03/Sep/2026 16:24:00] "GET /docs/assets/img/loader-vias-principales.svg HTTP/1.1" 200 -
[WebServer] ::ffff:127.0.0.1 - - [03/Sep/2026 16:24:01] "GET /docs/data/cantones_wgs84.geojson HTTP/1.1" 200 -
[WebServer] ::ffff:127.0.0.1 - - [03/Sep/2026 16:24:01] "GET /docs/data/hotspots_cantonales.json HTTP/1.1" 200 -
[WebServer] ::ffff:127.0.0.1 - - [03/Sep/2026 16:24:01] "GET /docs/data/provincias_wgs84.geojson HTTP/1.1" 200 -
[WebServer] ::ffff:127.0.0.1 - - [03/Sep/2026 16:24:01] "GET /docs/data/cantones_indice.json HTTP/1.1" 200 -
[WebServer] ::ffff:127.0.0.1 - - [03/Sep/2026 16:24:04] "GET /docs/ HTTP/1.1" 200 -
[WebServer] ::ffff:127.0.0.1 - - [03/Sep/2026 16:24:04] "GET /docs/assets/css/driver.css HTTP/1.1" 200 -
[WebServer] ::ffff:127.0.0.1 - - [03/Sep/2026 16:24:04] "GET /docs/assets/css/geoportal-core.css?v=0.10.49 HTTP/1.1" 200 -
[WebServer] ::ffff:127.0.0.1 - - [03/Sep/2026 16:24:04] "GET /docs/assets/css/geoportal-experience.css?v=0.10.49 HTTP/1.1" 200 -
[WebServer] ::ffff:127.0.0.1 - - [03/Sep/2026 16:24:04] "GET /docs/assets/css/geoportal-mobile.css?v=0.10.49 HTTP/1.1" 200 -
[WebServer] ::ffff:127.0.0.1 - - [03/Sep/2026 16:24:04] "GET /docs/assets/js/vendor/leaflet-heat.js HTTP/1.1" 200 -
[WebServer] ::ffff:127.0.0.1 - - [03/Sep/2026 16:24:04] "GET /docs/assets/js/vendor/simple-statistics.min.js HTTP/1.1" 200 -
[WebServer] ::ffff:127.0.0.1 - - [03/Sep/2026 16:24:04] "GET /docs/assets/js/vendor/driver.min.js HTTP/1.1" 200 -
[WebServer] ::ffff:127.0.0.1 - - [03/Sep/2026 16:24:04] "GET /docs/assets/js/vendor/html2canvas.min.js HTTP/1.1" 200 -
[WebServer] ::ffff:127.0.0.1 - - [03/Sep/2026 16:24:04] "GET /docs/assets/js/vendor/jspdf.umd.min.js HTTP/1.1" 200 -
[WebServer] ::ffff:127.0.0.1 - - [03/Sep/2026 16:24:04] "GET /docs/assets/js/geoportal-classification.js?v=0.10.49 HTTP/1.1" 200 -
[WebServer] ::ffff:127.0.0.1 - - [03/Sep/2026 16:24:04] "GET /docs/assets/js/geoportal-registry.js?v=0.10.49 HTTP/1.1" 200 -
[WebServer] ::ffff:127.0.0.1 - - [03/Sep/2026 16:24:04] "GET /docs/assets/js/geoportal-overlay-state.js?v=0.10.49 HTTP/1.1" 200 -
[WebServer] ::ffff:127.0.0.1 - - [03/Sep/2026 16:24:04] "GET /docs/assets/js/geoportal-ant-layer.js?v=0.10.49 HTTP/1.1" 200 -
[WebServer] ::ffff:127.0.0.1 - - [03/Sep/2026 16:24:04] "GET /docs/assets/js/geoportal-experience.js?v=0.10.49 HTTP/1.1" 200 -
[WebServer] ::ffff:127.0.0.1 - - [03/Sep/2026 16:24:04] "GET /docs/assets/js/geoportal-state.js?v=0.10.49 HTTP/1.1" 200 -
[WebServer] ::ffff:127.0.0.1 - - [03/Sep/2026 16:24:05] "GET /docs/assets/js/geoportal-territories.js?v=0.10.49 HTTP/1.1" 200 -
[WebServer] ::ffff:127.0.0.1 - - [03/Sep/2026 16:24:05] "GET /docs/assets/js/geoportal-panels.js?v=0.10.49 HTTP/1.1" 200 -
[WebServer] ::ffff:127.0.0.1 - - [03/Sep/2026 16:24:05] "GET /docs/assets/js/geoportal-institutional.js?v=0.10.49 HTTP/1.1" 200 -
[WebServer] ::ffff:127.0.0.1 - - [03/Sep/2026 16:24:05] "GET /docs/assets/img/redsa-isotipo-oficial.png HTTP/1.1" 200 -
[WebServer] ::ffff:127.0.0.1 - - [03/Sep/2026 16:24:05] "GET /docs/assets/js/geoportal-tour.js?v=0.10.49 HTTP/1.1" 200 -
[WebServer] ::ffff:127.0.0.1 - - [03/Sep/2026 16:24:05] "GET /docs/assets/js/geoportal-catalogo.js?v=0.10.49 HTTP/1.1" 200 -
[WebServer] ::ffff:127.0.0.1 - - [03/Sep/2026 16:24:05] "GET /docs/assets/js/geoportal-app.js?v=0.10.49 HTTP/1.1" 200 -
[WebServer] ::ffff:127.0.0.1 - - [03/Sep/2026 16:24:05] "GET /docs/assets/img/loader-ecuador-contorno.svg HTTP/1.1" 200 -
[WebServer] ::ffff:127.0.0.1 - - [03/Sep/2026 16:24:05] "GET /docs/assets/img/loader-vias-principales.svg HTTP/1.1" 200 -
[WebServer] ::ffff:127.0.0.1 - - [03/Sep/2026 16:24:05] "GET /docs/data/provincias_wgs84.geojson HTTP/1.1" 200 -
[WebServer] ::ffff:127.0.0.1 - - [03/Sep/2026 16:24:05] "GET /docs/data/cantones_indice.json HTTP/1.1" 200 -
[WebServer] ::ffff:127.0.0.1 - - [03/Sep/2026 16:24:05] "GET /docs/ HTTP/1.1" 200 -
[WebServer] ::ffff:127.0.0.1 - - [03/Sep/2026 16:24:05] "GET /docs/assets/css/driver.css HTTP/1.1" 200 -
[WebServer] ::ffff:127.0.0.1 - - [03/Sep/2026 16:24:05] "GET /docs/assets/css/geoportal-core.css?v=0.10.49 HTTP/1.1" 200 -
[WebServer] ::ffff:127.0.0.1 - - [03/Sep/2026 16:24:05] "GET /docs/assets/css/geoportal-experience.css?v=0.10.49 HTTP/1.1" 200 -
[WebServer] ::ffff:127.0.0.1 - - [03/Sep/2026 16:24:05] "GET /docs/assets/css/geoportal-mobile.css?v=0.10.49 HTTP/1.1" 200 -
[WebServer] ::ffff:127.0.0.1 - - [03/Sep/2026 16:24:05] "GET /docs/assets/js/vendor/leaflet-heat.js HTTP/1.1" 200 -
[WebServer] ::ffff:127.0.0.1 - - [03/Sep/2026 16:24:05] "GET /docs/assets/js/vendor/simple-statistics.min.js HTTP/1.1" 200 -
[WebServer] ::ffff:127.0.0.1 - - [03/Sep/2026 16:24:05] "GET /docs/assets/js/vendor/driver.min.js HTTP/1.1" 200 -
[WebServer] ::ffff:127.0.0.1 - - [03/Sep/2026 16:24:05] "GET /docs/assets/js/vendor/html2canvas.min.js HTTP/1.1" 200 -
[WebServer] ::ffff:127.0.0.1 - - [03/Sep/2026 16:24:05] "GET /docs/assets/js/vendor/jspdf.umd.min.js HTTP/1.1" 200 -
[WebServer] ::ffff:127.0.0.1 - - [03/Sep/2026 16:24:06] "GET /docs/assets/js/geoportal-classification.js?v=0.10.49 HTTP/1.1" 200 -
[WebServer] ::ffff:127.0.0.1 - - [03/Sep/2026 16:24:06] "GET /docs/assets/js/geoportal-registry.js?v=0.10.49 HTTP/1.1" 200 -
[WebServer] ::ffff:127.0.0.1 - - [03/Sep/2026 16:24:06] "GET /docs/assets/js/geoportal-ant-layer.js?v=0.10.49 HTTP/1.1" 200 -
[WebServer] ::ffff:127.0.0.1 - - [03/Sep/2026 16:24:06] "GET /docs/assets/js/geoportal-overlay-state.js?v=0.10.49 HTTP/1.1" 200 -
[WebServer] ::ffff:127.0.0.1 - - [03/Sep/2026 16:24:06] "GET /docs/assets/js/geoportal-experience.js?v=0.10.49 HTTP/1.1" 200 -
[WebServer] ::ffff:127.0.0.1 - - [03/Sep/2026 16:24:06] "GET /docs/assets/js/geoportal-state.js?v=0.10.49 HTTP/1.1" 200 -
[WebServer] ::ffff:127.0.0.1 - - [03/Sep/2026 16:24:06] "GET /docs/assets/js/geoportal-territories.js?v=0.10.49 HTTP/1.1" 200 -
[WebServer] ::ffff:127.0.0.1 - - [03/Sep/2026 16:24:06] "GET /docs/assets/js/geoportal-panels.js?v=0.10.49 HTTP/1.1" 200 -
[WebServer] ::ffff:127.0.0.1 - - [03/Sep/2026 16:24:06] "GET /docs/assets/js/geoportal-institutional.js?v=0.10.49 HTTP/1.1" 200 -
[WebServer] ::ffff:127.0.0.1 - - [03/Sep/2026 16:24:06] "GET /docs/assets/img/redsa-isotipo-oficial.png HTTP/1.1" 200 -
[WebServer] ::ffff:127.0.0.1 - - [03/Sep/2026 16:24:06] "GET /docs/assets/js/geoportal-tour.js?v=0.10.49 HTTP/1.1" 200 -
[WebServer] ::ffff:127.0.0.1 - - [03/Sep/2026 16:24:06] "GET /docs/assets/js/geoportal-catalogo.js?v=0.10.49 HTTP/1.1" 200 -
[WebServer] ::ffff:127.0.0.1 - - [03/Sep/2026 16:24:06] "GET /docs/assets/js/geoportal-app.js?v=0.10.49 HTTP/1.1" 200 -
[WebServer] ::ffff:127.0.0.1 - - [03/Sep/2026 16:24:06] "GET /docs/assets/img/loader-ecuador-contorno.svg HTTP/1.1" 200 -
[WebServer] ::ffff:127.0.0.1 - - [03/Sep/2026 16:24:07] "GET /docs/assets/img/loader-vias-principales.svg HTTP/1.1" 200 -
[WebServer] ::ffff:127.0.0.1 - - [03/Sep/2026 16:24:07] "GET /docs/data/cantones_indice.json HTTP/1.1" 200 -
[WebServer] ::ffff:127.0.0.1 - - [03/Sep/2026 16:24:07] "GET /docs/data/provincias_wgs84.geojson HTTP/1.1" 200 -
[WebServer] ::ffff:127.0.0.1 - - [03/Sep/2026 16:24:08] "GET /docs/data/cantones_wgs84.geojson HTTP/1.1" 200 -
[WebServer] ::ffff:127.0.0.1 - - [03/Sep/2026 16:24:08] "GET /docs/data/hotspots_cantonales.json HTTP/1.1" 200 -
[WebServer] ::ffff:127.0.0.1 - - [03/Sep/2026 16:24:08] "GET /docs/ HTTP/1.1" 200 -
[WebServer] ::ffff:127.0.0.1 - - [03/Sep/2026 16:24:08] "GET /docs/assets/css/driver.css HTTP/1.1" 200 -
[WebServer] ::ffff:127.0.0.1 - - [03/Sep/2026 16:24:08] "GET /docs/assets/css/geoportal-core.css?v=0.10.49 HTTP/1.1" 200 -
[WebServer] ::ffff:127.0.0.1 - - [03/Sep/2026 16:24:08] "GET /docs/assets/css/geoportal-experience.css?v=0.10.49 HTTP/1.1" 200 -
[WebServer] ::ffff:127.0.0.1 - - [03/Sep/2026 16:24:08] "GET /docs/assets/css/geoportal-mobile.css?v=0.10.49 HTTP/1.1" 200 -
[WebServer] ::ffff:127.0.0.1 - - [03/Sep/2026 16:24:08] "GET /docs/assets/js/vendor/leaflet-heat.js HTTP/1.1" 200 -
[WebServer] ::ffff:127.0.0.1 - - [03/Sep/2026 16:24:08] "GET /docs/assets/js/vendor/simple-statistics.min.js HTTP/1.1" 200 -
[WebServer] ::ffff:127.0.0.1 - - [03/Sep/2026 16:24:08] "GET /docs/assets/js/vendor/driver.min.js HTTP/1.1" 200 -
[WebServer] ::ffff:127.0.0.1 - - [03/Sep/2026 16:24:08] "GET /docs/assets/js/vendor/html2canvas.min.js HTTP/1.1" 200 -
[WebServer] ::ffff:127.0.0.1 - - [03/Sep/2026 16:24:09] "GET /docs/assets/js/vendor/jspdf.umd.min.js HTTP/1.1" 200 -
[WebServer] ::ffff:127.0.0.1 - - [03/Sep/2026 16:24:09] "GET /docs/assets/js/geoportal-classification.js?v=0.10.49 HTTP/1.1" 200 -
[WebServer] ::ffff:127.0.0.1 - - [03/Sep/2026 16:24:09] "GET /docs/assets/js/geoportal-registry.js?v=0.10.49 HTTP/1.1" 200 -
[WebServer] ::ffff:127.0.0.1 - - [03/Sep/2026 16:24:09] "GET /docs/assets/js/geoportal-overlay-state.js?v=0.10.49 HTTP/1.1" 200 -
[WebServer] ::ffff:127.0.0.1 - - [03/Sep/2026 16:24:09] "GET /docs/assets/js/geoportal-ant-layer.js?v=0.10.49 HTTP/1.1" 200 -
[WebServer] ::ffff:127.0.0.1 - - [03/Sep/2026 16:24:09] "GET /docs/assets/js/geoportal-experience.js?v=0.10.49 HTTP/1.1" 200 -
[WebServer] ::ffff:127.0.0.1 - - [03/Sep/2026 16:24:09] "GET /docs/assets/js/geoportal-state.js?v=0.10.49 HTTP/1.1" 200 -
[WebServer] ::ffff:127.0.0.1 - - [03/Sep/2026 16:24:09] "GET /docs/assets/js/geoportal-territories.js?v=0.10.49 HTTP/1.1" 200 -
[WebServer] ::ffff:127.0.0.1 - - [03/Sep/2026 16:24:09] "GET /docs/assets/js/geoportal-panels.js?v=0.10.49 HTTP/1.1" 200 -
[WebServer] ::ffff:127.0.0.1 - - [03/Sep/2026 16:24:09] "GET /docs/assets/js/geoportal-institutional.js?v=0.10.49 HTTP/1.1" 200 -
[WebServer] ::ffff:127.0.0.1 - - [03/Sep/2026 16:24:09] "GET /docs/assets/js/geoportal-tour.js?v=0.10.49 HTTP/1.1" 200 -
[WebServer] ::ffff:127.0.0.1 - - [03/Sep/2026 16:24:09] "GET /docs/assets/js/geoportal-catalogo.js?v=0.10.49 HTTP/1.1" 200 -
[WebServer] ::ffff:127.0.0.1 - - [03/Sep/2026 16:24:09] "GET /docs/assets/js/geoportal-app.js?v=0.10.49 HTTP/1.1" 200 -
[WebServer] ::ffff:127.0.0.1 - - [03/Sep/2026 16:24:09] "GET /docs/assets/img/redsa-isotipo-oficial.png HTTP/1.1" 200 -
[WebServer] ::ffff:127.0.0.1 - - [03/Sep/2026 16:24:09] "GET /docs/assets/img/loader-ecuador-contorno.svg HTTP/1.1" 200 -
[WebServer] ::ffff:127.0.0.1 - - [03/Sep/2026 16:24:09] "GET /docs/assets/img/loader-vias-principales.svg HTTP/1.1" 200 -
[WebServer] ::ffff:127.0.0.1 - - [03/Sep/2026 16:24:09] "GET /docs/data/provincias_wgs84.geojson HTTP/1.1" 200 -
[WebServer] ::ffff:127.0.0.1 - - [03/Sep/2026 16:24:09] "GET /docs/data/cantones_indice.json HTTP/1.1" 200 -
[WebServer] ::ffff:127.0.0.1 - - [03/Sep/2026 16:24:11] "GET /docs/ HTTP/1.1" 200 -
[WebServer] ::ffff:127.0.0.1 - - [03/Sep/2026 16:24:11] "GET /docs/data/ciclovias_ecuador.geojson HTTP/1.1" 200 -
[WebServer] ::ffff:127.0.0.1 - - [03/Sep/2026 16:24:11] "GET /docs/data/cantones_wgs84.geojson HTTP/1.1" 200 -
[WebServer] ::ffff:127.0.0.1 - - [03/Sep/2026 16:24:11] "GET /docs/data/hotspots_cantonales.json HTTP/1.1" 200 -
[WebServer] ::ffff:127.0.0.1 - - [03/Sep/2026 16:24:11] "GET /docs/assets/css/driver.css HTTP/1.1" 200 -
[WebServer] ::ffff:127.0.0.1 - - [03/Sep/2026 16:24:11] "GET /docs/assets/css/geoportal-core.css?v=0.10.49 HTTP/1.1" 200 -
[WebServer] ::ffff:127.0.0.1 - - [03/Sep/2026 16:24:11] "GET /docs/assets/css/geoportal-experience.css?v=0.10.49 HTTP/1.1" 200 -
[WebServer] ::ffff:127.0.0.1 - - [03/Sep/2026 16:24:11] "GET /docs/assets/css/geoportal-mobile.css?v=0.10.49 HTTP/1.1" 200 -
[WebServer] ::ffff:127.0.0.1 - - [03/Sep/2026 16:24:11] "GET /docs/assets/js/vendor/leaflet-heat.js HTTP/1.1" 200 -
[WebServer] ::ffff:127.0.0.1 - - [03/Sep/2026 16:24:11] "GET /docs/assets/js/vendor/simple-statistics.min.js HTTP/1.1" 200 -
[WebServer] ::ffff:127.0.0.1 - - [03/Sep/2026 16:24:12] "GET /docs/assets/js/vendor/driver.min.js HTTP/1.1" 200 -
[WebServer] ::ffff:127.0.0.1 - - [03/Sep/2026 16:24:12] "GET /docs/assets/js/vendor/html2canvas.min.js HTTP/1.1" 200 -
[WebServer] ::ffff:127.0.0.1 - - [03/Sep/2026 16:24:12] "GET /docs/assets/js/vendor/jspdf.umd.min.js HTTP/1.1" 200 -
[WebServer] ::ffff:127.0.0.1 - - [03/Sep/2026 16:24:12] "GET /docs/assets/js/geoportal-classification.js?v=0.10.49 HTTP/1.1" 200 -
[WebServer] ::ffff:127.0.0.1 - - [03/Sep/2026 16:24:12] "GET /docs/assets/js/geoportal-registry.js?v=0.10.49 HTTP/1.1" 200 -
[WebServer] ::ffff:127.0.0.1 - - [03/Sep/2026 16:24:12] "GET /docs/assets/js/geoportal-overlay-state.js?v=0.10.49 HTTP/1.1" 200 -
[WebServer] ::ffff:127.0.0.1 - - [03/Sep/2026 16:24:12] "GET /docs/assets/js/geoportal-ant-layer.js?v=0.10.49 HTTP/1.1" 200 -
[WebServer] ::ffff:127.0.0.1 - - [03/Sep/2026 16:24:12] "GET /docs/assets/js/geoportal-experience.js?v=0.10.49 HTTP/1.1" 200 -
[WebServer] ::ffff:127.0.0.1 - - [03/Sep/2026 16:24:12] "GET /docs/assets/js/geoportal-state.js?v=0.10.49 HTTP/1.1" 200 -
[WebServer] ::ffff:127.0.0.1 - - [03/Sep/2026 16:24:12] "GET /docs/assets/js/geoportal-territories.js?v=0.10.49 HTTP/1.1" 200 -
[WebServer] ::ffff:127.0.0.1 - - [03/Sep/2026 16:24:12] "GET /docs/assets/img/redsa-isotipo-oficial.png HTTP/1.1" 200 -
[WebServer] ::ffff:127.0.0.1 - - [03/Sep/2026 16:24:12] "GET /docs/assets/js/geoportal-panels.js?v=0.10.49 HTTP/1.1" 200 -
[WebServer] ::ffff:127.0.0.1 - - [03/Sep/2026 16:24:12] "GET /docs/assets/js/geoportal-institutional.js?v=0.10.49 HTTP/1.1" 200 -
[WebServer] ::ffff:127.0.0.1 - - [03/Sep/2026 16:24:12] "GET /docs/assets/js/geoportal-tour.js?v=0.10.49 HTTP/1.1" 200 -
[WebServer] ::ffff:127.0.0.1 - - [03/Sep/2026 16:24:12] "GET /docs/assets/js/geoportal-catalogo.js?v=0.10.49 HTTP/1.1" 200 -
[WebServer] ::ffff:127.0.0.1 - - [03/Sep/2026 16:24:12] "GET /docs/assets/js/geoportal-app.js?v=0.10.49 HTTP/1.1" 200 -
[WebServer] ::ffff:127.0.0.1 - - [03/Sep/2026 16:24:12] "GET /docs/assets/img/loader-ecuador-contorno.svg HTTP/1.1" 200 -
[WebServer] ::ffff:127.0.0.1 - - [03/Sep/2026 16:24:12] "GET /docs/data/provincias_wgs84.geojson HTTP/1.1" 200 -
[WebServer] ::ffff:127.0.0.1 - - [03/Sep/2026 16:24:12] "GET /docs/data/cantones_indice.json HTTP/1.1" 200 -
[WebServer] ::ffff:127.0.0.1 - - [03/Sep/2026 16:24:12] "GET /docs/assets/img/loader-vias-principales.svg HTTP/1.1" 200 -
[WebServer] ::ffff:127.0.0.1 - - [03/Sep/2026 16:24:13] "GET /docs/data/cantones_wgs84.geojson HTTP/1.1" 200 -
[WebServer] ::ffff:127.0.0.1 - - [03/Sep/2026 16:24:13] "GET /docs/data/hotspots_cantonales.json HTTP/1.1" 200 -
[WebServer] ::ffff:127.0.0.1 - - [03/Sep/2026 16:24:15] "GET /docs/data/parroquias_wgs84.geojson HTTP/1.1" 200 -
[WebServer] ::ffff:127.0.0.1 - - [03/Sep/2026 16:24:18] "GET /docs/ HTTP/1.1" 200 -
[WebServer] ::ffff:127.0.0.1 - - [03/Sep/2026 16:24:18] "GET /docs/assets/css/driver.css HTTP/1.1" 200 -
[WebServer] ::ffff:127.0.0.1 - - [03/Sep/2026 16:24:18] "GET /docs/assets/css/geoportal-core.css?v=0.10.49 HTTP/1.1" 200 -
[WebServer] ::ffff:127.0.0.1 - - [03/Sep/2026 16:24:18] "GET /docs/assets/css/geoportal-experience.css?v=0.10.49 HTTP/1.1" 200 -
[WebServer] ::ffff:127.0.0.1 - - [03/Sep/2026 16:24:18] "GET /docs/assets/css/geoportal-mobile.css?v=0.10.49 HTTP/1.1" 200 -
[WebServer] ::ffff:127.0.0.1 - - [03/Sep/2026 16:24:18] "GET /docs/assets/js/vendor/leaflet-heat.js HTTP/1.1" 200 -
[WebServer] ::ffff:127.0.0.1 - - [03/Sep/2026 16:24:18] "GET /docs/assets/js/vendor/simple-statistics.min.js HTTP/1.1" 200 -
[WebServer] ::ffff:127.0.0.1 - - [03/Sep/2026 16:24:18] "GET /docs/assets/js/vendor/driver.min.js HTTP/1.1" 200 -
[WebServer] ::ffff:127.0.0.1 - - [03/Sep/2026 16:24:18] "GET /docs/assets/js/vendor/html2canvas.min.js HTTP/1.1" 200 -
[WebServer] ::ffff:127.0.0.1 - - [03/Sep/2026 16:24:18] "GET /docs/ HTTP/1.1" 200 -
[WebServer] ::ffff:127.0.0.1 - - [03/Sep/2026 16:24:18] "GET /docs/assets/js/vendor/jspdf.umd.min.js HTTP/1.1" 200 -
[WebServer] ::ffff:127.0.0.1 - - [03/Sep/2026 16:24:18] "GET /docs/assets/css/driver.css HTTP/1.1" 200 -
[WebServer] ::ffff:127.0.0.1 - - [03/Sep/2026 16:24:18] "GET /docs/assets/css/geoportal-core.css?v=0.10.49 HTTP/1.1" 200 -
[WebServer] ::ffff:127.0.0.1 - - [03/Sep/2026 16:24:18] "GET /docs/assets/css/geoportal-experience.css?v=0.10.49 HTTP/1.1" 200 -
[WebServer] ::ffff:127.0.0.1 - - [03/Sep/2026 16:24:18] "GET /docs/assets/css/geoportal-mobile.css?v=0.10.49 HTTP/1.1" 200 -
[WebServer] ::ffff:127.0.0.1 - - [03/Sep/2026 16:24:18] "GET /docs/assets/js/vendor/leaflet-heat.js HTTP/1.1" 200 -
[WebServer] ::ffff:127.0.0.1 - - [03/Sep/2026 16:24:18] "GET /docs/assets/js/geoportal-classification.js?v=0.10.49 HTTP/1.1" 200 -
[WebServer] ::ffff:127.0.0.1 - - [03/Sep/2026 16:24:18] "GET /docs/assets/js/geoportal-registry.js?v=0.10.49 HTTP/1.1" 200 -
[WebServer] ::ffff:127.0.0.1 - - [03/Sep/2026 16:24:18] "GET /docs/assets/js/geoportal-overlay-state.js?v=0.10.49 HTTP/1.1" 200 -
[WebServer] ::ffff:127.0.0.1 - - [03/Sep/2026 16:24:18] "GET /docs/assets/js/geoportal-ant-layer.js?v=0.10.49 HTTP/1.1" 200 -
[WebServer] ::ffff:127.0.0.1 - - [03/Sep/2026 16:24:18] "GET /docs/assets/js/geoportal-experience.js?v=0.10.49 HTTP/1.1" 200 -
[WebServer] ::ffff:127.0.0.1 - - [03/Sep/2026 16:24:18] "GET /docs/assets/js/geoportal-state.js?v=0.10.49 HTTP/1.1" 200 -
[WebServer] ::ffff:127.0.0.1 - - [03/Sep/2026 16:24:18] "GET /docs/assets/js/vendor/simple-statistics.min.js HTTP/1.1" 200 -
[WebServer] ::ffff:127.0.0.1 - - [03/Sep/2026 16:24:18] "GET /docs/assets/js/geoportal-territories.js?v=0.10.49 HTTP/1.1" 200 -
[WebServer] ::ffff:127.0.0.1 - - [03/Sep/2026 16:24:18] "GET /docs/assets/js/geoportal-panels.js?v=0.10.49 HTTP/1.1" 200 -
[WebServer] ::ffff:127.0.0.1 - - [03/Sep/2026 16:24:18] "GET /docs/assets/js/geoportal-institutional.js?v=0.10.49 HTTP/1.1" 200 -
[WebServer] ::ffff:127.0.0.1 - - [03/Sep/2026 16:24:18] "GET /docs/assets/js/geoportal-tour.js?v=0.10.49 HTTP/1.1" 200 -
[WebServer] ::ffff:127.0.0.1 - - [03/Sep/2026 16:24:18] "GET /docs/assets/js/geoportal-catalogo.js?v=0.10.49 HTTP/1.1" 200 -
[WebServer] ::ffff:127.0.0.1 - - [03/Sep/2026 16:24:18] "GET /docs/assets/js/vendor/driver.min.js HTTP/1.1" 200 -
[WebServer] ::ffff:127.0.0.1 - - [03/Sep/2026 16:24:18] "GET /docs/assets/js/geoportal-app.js?v=0.10.49 HTTP/1.1" 200 -
[WebServer] ::ffff:127.0.0.1 - - [03/Sep/2026 16:24:18] "GET /docs/assets/js/vendor/html2canvas.min.js HTTP/1.1" 200 -
[WebServer] ::ffff:127.0.0.1 - - [03/Sep/2026 16:24:18] "GET /docs/assets/img/redsa-isotipo-oficial.png HTTP/1.1" 200 -
[WebServer] ::ffff:127.0.0.1 - - [03/Sep/2026 16:24:18] "GET /docs/assets/img/loader-ecuador-contorno.svg HTTP/1.1" 200 -
[WebServer] ::ffff:127.0.0.1 - - [03/Sep/2026 16:24:18] "GET /docs/assets/js/vendor/jspdf.umd.min.js HTTP/1.1" 200 -
[WebServer] ::ffff:127.0.0.1 - - [03/Sep/2026 16:24:18] "GET /docs/assets/js/geoportal-classification.js?v=0.10.49 HTTP/1.1" 200 -
[WebServer] ::ffff:127.0.0.1 - - [03/Sep/2026 16:24:18] "GET /docs/assets/js/geoportal-registry.js?v=0.10.49 HTTP/1.1" 200 -
[WebServer] ::ffff:127.0.0.1 - - [03/Sep/2026 16:24:18] "GET /docs/assets/js/geoportal-overlay-state.js?v=0.10.49 HTTP/1.1" 200 -
[WebServer] ::ffff:127.0.0.1 - - [03/Sep/2026 16:24:18] "GET /docs/assets/js/geoportal-ant-layer.js?v=0.10.49 HTTP/1.1" 200 -
[WebServer] ::ffff:127.0.0.1 - - [03/Sep/2026 16:24:18] "GET /docs/assets/js/geoportal-experience.js?v=0.10.49 HTTP/1.1" 200 -
[WebServer] ::ffff:127.0.0.1 - - [03/Sep/2026 16:24:18] "GET /docs/assets/js/geoportal-state.js?v=0.10.49 HTTP/1.1" 200 -
[WebServer] ::ffff:127.0.0.1 - - [03/Sep/2026 16:24:18] "GET /docs/assets/js/geoportal-territories.js?v=0.10.49 HTTP/1.1" 200 -
[WebServer] ::ffff:127.0.0.1 - - [03/Sep/2026 16:24:18] "GET /docs/assets/js/geoportal-panels.js?v=0.10.49 HTTP/1.1" 200 -
[WebServer] ::ffff:127.0.0.1 - - [03/Sep/2026 16:24:18] "GET /docs/assets/js/geoportal-institutional.js?v=0.10.49 HTTP/1.1" 200 -
[WebServer] ::ffff:127.0.0.1 - - [03/Sep/2026 16:24:18] "GET /docs/assets/js/geoportal-tour.js?v=0.10.49 HTTP/1.1" 200 -
[WebServer] ::ffff:127.0.0.1 - - [03/Sep/2026 16:24:18] "GET /docs/assets/js/geoportal-catalogo.js?v=0.10.49 HTTP/1.1" 200 -
[WebServer] ::ffff:127.0.0.1 - - [03/Sep/2026 16:24:18] "GET /docs/assets/img/redsa-isotipo-oficial.png HTTP/1.1" 200 -
[WebServer] ::ffff:127.0.0.1 - - [03/Sep/2026 16:24:18] "GET /docs/assets/js/geoportal-app.js?v=0.10.49 HTTP/1.1" 200 -
[WebServer] ::ffff:127.0.0.1 - - [03/Sep/2026 16:24:19] "GET /docs/assets/img/loader-ecuador-contorno.svg HTTP/1.1" 200 -
[WebServer] ::ffff:127.0.0.1 - - [03/Sep/2026 16:24:19] "GET /docs/data/provincias_wgs84.geojson HTTP/1.1" 200 -
[WebServer] ::ffff:127.0.0.1 - - [03/Sep/2026 16:24:19] "GET /docs/data/cantones_indice.json HTTP/1.1" 200 -
[WebServer] ::ffff:127.0.0.1 - - [03/Sep/2026 16:24:19] "GET /docs/assets/img/loader-vias-principales.svg HTTP/1.1" 200 -
[WebServer] ::ffff:127.0.0.1 - - [03/Sep/2026 16:24:19] "GET /docs/assets/img/loader-vias-principales.svg HTTP/1.1" 200 -
[WebServer] ::ffff:127.0.0.1 - - [03/Sep/2026 16:24:19] "GET /docs/data/provincias_wgs84.geojson HTTP/1.1" 200 -
[WebServer] ::ffff:127.0.0.1 - - [03/Sep/2026 16:24:19] "GET /docs/data/cantones_indice.json HTTP/1.1" 200 -
[WebServer] ::ffff:127.0.0.1 - - [03/Sep/2026 16:24:21] "GET /docs/data/cantones_wgs84.geojson HTTP/1.1" 200 -
[WebServer] ::ffff:127.0.0.1 - - [03/Sep/2026 16:24:21] "GET /docs/data/hotspots_cantonales.json HTTP/1.1" 200 -
[WebServer] ::ffff:127.0.0.1 - - [03/Sep/2026 16:24:21] "GET /docs/ HTTP/1.1" 200 -
[WebServer] ::ffff:127.0.0.1 - - [03/Sep/2026 16:24:21] "GET /docs/assets/css/driver.css HTTP/1.1" 200 -
[WebServer] ::ffff:127.0.0.1 - - [03/Sep/2026 16:24:21] "GET /docs/assets/css/geoportal-core.css?v=0.10.49 HTTP/1.1" 200 -
[WebServer] ::ffff:127.0.0.1 - - [03/Sep/2026 16:24:21] "GET /docs/assets/css/geoportal-mobile.css?v=0.10.49 HTTP/1.1" 200 -
[WebServer] ::ffff:127.0.0.1 - - [03/Sep/2026 16:24:21] "GET /docs/assets/css/geoportal-experience.css?v=0.10.49 HTTP/1.1" 200 -
[WebServer] ::ffff:127.0.0.1 - - [03/Sep/2026 16:24:21] "GET /docs/assets/js/vendor/leaflet-heat.js HTTP/1.1" 200 -
[WebServer] ::ffff:127.0.0.1 - - [03/Sep/2026 16:24:21] "GET /docs/assets/js/vendor/simple-statistics.min.js HTTP/1.1" 200 -
[WebServer] ::ffff:127.0.0.1 - - [03/Sep/2026 16:24:21] "GET /docs/assets/js/vendor/driver.min.js HTTP/1.1" 200 -
[WebServer] ::ffff:127.0.0.1 - - [03/Sep/2026 16:24:21] "GET /docs/assets/js/vendor/html2canvas.min.js HTTP/1.1" 200 -
[WebServer] ::ffff:127.0.0.1 - - [03/Sep/2026 16:24:21] "GET /docs/assets/js/vendor/jspdf.umd.min.js HTTP/1.1" 200 -
[WebServer] ::ffff:127.0.0.1 - - [03/Sep/2026 16:24:21] "GET /docs/assets/js/geoportal-classification.js?v=0.10.49 HTTP/1.1" 200 -
[WebServer] ::ffff:127.0.0.1 - - [03/Sep/2026 16:24:21] "GET /docs/assets/js/geoportal-registry.js?v=0.10.49 HTTP/1.1" 200 -
[WebServer] ::ffff:127.0.0.1 - - [03/Sep/2026 16:24:21] "GET /docs/assets/js/geoportal-overlay-state.js?v=0.10.49 HTTP/1.1" 200 -
[WebServer] ::ffff:127.0.0.1 - - [03/Sep/2026 16:24:21] "GET /docs/assets/js/geoportal-ant-layer.js?v=0.10.49 HTTP/1.1" 200 -
[WebServer] ::ffff:127.0.0.1 - - [03/Sep/2026 16:24:21] "GET /docs/assets/js/geoportal-experience.js?v=0.10.49 HTTP/1.1" 200 -
[WebServer] ::ffff:127.0.0.1 - - [03/Sep/2026 16:24:22] "GET /docs/assets/js/geoportal-state.js?v=0.10.49 HTTP/1.1" 200 -
[WebServer] ::ffff:127.0.0.1 - - [03/Sep/2026 16:24:22] "GET /docs/assets/js/geoportal-territories.js?v=0.10.49 HTTP/1.1" 200 -
[WebServer] ::ffff:127.0.0.1 - - [03/Sep/2026 16:24:22] "GET /docs/assets/js/geoportal-panels.js?v=0.10.49 HTTP/1.1" 200 -
[WebServer] ::ffff:127.0.0.1 - - [03/Sep/2026 16:24:22] "GET /docs/assets/js/geoportal-institutional.js?v=0.10.49 HTTP/1.1" 200 -
[WebServer] ::ffff:127.0.0.1 - - [03/Sep/2026 16:24:22] "GET /docs/assets/js/geoportal-tour.js?v=0.10.49 HTTP/1.1" 200 -
[WebServer] ::ffff:127.0.0.1 - - [03/Sep/2026 16:24:22] "GET /docs/assets/js/geoportal-catalogo.js?v=0.10.49 HTTP/1.1" 200 -
[WebServer] ::ffff:127.0.0.1 - - [03/Sep/2026 16:24:22] "GET /docs/assets/js/geoportal-app.js?v=0.10.49 HTTP/1.1" 200 -
[WebServer] ::ffff:127.0.0.1 - - [03/Sep/2026 16:24:22] "GET /docs/assets/img/redsa-isotipo-oficial.png HTTP/1.1" 200 -
[WebServer] ::ffff:127.0.0.1 - - [03/Sep/2026 16:24:22] "GET /docs/assets/img/loader-ecuador-contorno.svg HTTP/1.1" 200 -
[WebServer] ::ffff:127.0.0.1 - - [03/Sep/2026 16:24:22] "GET /docs/assets/img/loader-vias-principales.svg HTTP/1.1" 200 -
[WebServer] ::ffff:127.0.0.1 - - [03/Sep/2026 16:24:22] "GET /docs/data/parroquias_wgs84.geojson HTTP/1.1" 200 -
[WebServer] ::ffff:127.0.0.1 - - [03/Sep/2026 16:24:22] "GET /docs/data/provincias_wgs84.geojson HTTP/1.1" 200 -
[WebServer] ::ffff:127.0.0.1 - - [03/Sep/2026 16:24:22] "GET /docs/data/cantones_indice.json HTTP/1.1" 200 -
[WebServer] ::ffff:127.0.0.1 - - [03/Sep/2026 16:24:25] "GET /docs/ HTTP/1.1" 200 -
[WebServer] ::ffff:127.0.0.1 - - [03/Sep/2026 16:24:25] "GET /docs/assets/css/driver.css HTTP/1.1" 200 -
[WebServer] ::ffff:127.0.0.1 - - [03/Sep/2026 16:24:25] "GET /docs/assets/css/geoportal-core.css?v=0.10.49 HTTP/1.1" 200 -
[WebServer] ::ffff:127.0.0.1 - - [03/Sep/2026 16:24:25] "GET /docs/assets/css/geoportal-experience.css?v=0.10.49 HTTP/1.1" 200 -
[WebServer] ::ffff:127.0.0.1 - - [03/Sep/2026 16:24:25] "GET /docs/assets/css/geoportal-mobile.css?v=0.10.49 HTTP/1.1" 200 -
[WebServer] ::ffff:127.0.0.1 - - [03/Sep/2026 16:24:25] "GET /docs/assets/js/vendor/leaflet-heat.js HTTP/1.1" 200 -
[WebServer] ::ffff:127.0.0.1 - - [03/Sep/2026 16:24:25] "GET /docs/assets/js/vendor/simple-statistics.min.js HTTP/1.1" 200 -
[WebServer] ::ffff:127.0.0.1 - - [03/Sep/2026 16:24:25] "GET /docs/assets/js/vendor/driver.min.js HTTP/1.1" 200 -
[WebServer] ::ffff:127.0.0.1 - - [03/Sep/2026 16:24:25] "GET /docs/assets/js/vendor/html2canvas.min.js HTTP/1.1" 200 -
[WebServer] ::ffff:127.0.0.1 - - [03/Sep/2026 16:24:25] "GET /docs/assets/js/vendor/jspdf.umd.min.js HTTP/1.1" 200 -
[WebServer] ::ffff:127.0.0.1 - - [03/Sep/2026 16:24:25] "GET /docs/assets/js/geoportal-classification.js?v=0.10.49 HTTP/1.1" 200 -
[WebServer] ::ffff:127.0.0.1 - - [03/Sep/2026 16:24:25] "GET /docs/assets/js/geoportal-registry.js?v=0.10.49 HTTP/1.1" 200 -
[WebServer] ::ffff:127.0.0.1 - - [03/Sep/2026 16:24:25] "GET /docs/assets/js/geoportal-overlay-state.js?v=0.10.49 HTTP/1.1" 200 -
[WebServer] ::ffff:127.0.0.1 - - [03/Sep/2026 16:24:25] "GET /docs/assets/js/geoportal-ant-layer.js?v=0.10.49 HTTP/1.1" 200 -
[WebServer] ::ffff:127.0.0.1 - - [03/Sep/2026 16:24:25] "GET /docs/assets/js/geoportal-experience.js?v=0.10.49 HTTP/1.1" 200 -
[WebServer] ::ffff:127.0.0.1 - - [03/Sep/2026 16:24:25] "GET /docs/assets/js/geoportal-state.js?v=0.10.49 HTTP/1.1" 200 -
[WebServer] ::ffff:127.0.0.1 - - [03/Sep/2026 16:24:25] "GET /docs/assets/js/geoportal-territories.js?v=0.10.49 HTTP/1.1" 200 -
[WebServer] ::ffff:127.0.0.1 - - [03/Sep/2026 16:24:25] "GET /docs/assets/js/geoportal-panels.js?v=0.10.49 HTTP/1.1" 200 -
[WebServer] ::ffff:127.0.0.1 - - [03/Sep/2026 16:24:25] "GET /docs/assets/js/geoportal-institutional.js?v=0.10.49 HTTP/1.1" 200 -
[WebServer] ::ffff:127.0.0.1 - - [03/Sep/2026 16:24:25] "GET /docs/assets/js/geoportal-tour.js?v=0.10.49 HTTP/1.1" 200 -
[WebServer] ::ffff:127.0.0.1 - - [03/Sep/2026 16:24:25] "GET /docs/assets/js/geoportal-catalogo.js?v=0.10.49 HTTP/1.1" 200 -
[WebServer] ::ffff:127.0.0.1 - - [03/Sep/2026 16:24:25] "GET /docs/assets/js/geoportal-app.js?v=0.10.49 HTTP/1.1" 200 -
[WebServer] ::ffff:127.0.0.1 - - [03/Sep/2026 16:24:25] "GET /docs/assets/img/redsa-isotipo-oficial.png HTTP/1.1" 200 -
[WebServer] ::ffff:127.0.0.1 - - [03/Sep/2026 16:24:25] "GET /docs/assets/img/loader-vias-principales.svg HTTP/1.1" 200 -
[WebServer] ::ffff:127.0.0.1 - - [03/Sep/2026 16:24:25] "GET /docs/assets/img/loader-ecuador-contorno.svg HTTP/1.1" 200 -
[WebServer] ::ffff:127.0.0.1 - - [03/Sep/2026 16:24:26] "GET /docs/data/cantones_indice.json HTTP/1.1" 200 -
[WebServer] ::ffff:127.0.0.1 - - [03/Sep/2026 16:24:26] "GET /docs/data/provincias_wgs84.geojson HTTP/1.1" 200 -
[WebServer] ::ffff:127.0.0.1 - - [03/Sep/2026 16:24:27] "GET /docs/ HTTP/1.1" 200 -
[WebServer] ::ffff:127.0.0.1 - - [03/Sep/2026 16:24:27] "GET /docs/assets/css/driver.css HTTP/1.1" 200 -
[WebServer] ::ffff:127.0.0.1 - - [03/Sep/2026 16:24:27] "GET /docs/assets/css/geoportal-core.css?v=0.10.49 HTTP/1.1" 200 -
[WebServer] ::ffff:127.0.0.1 - - [03/Sep/2026 16:24:27] "GET /docs/assets/css/geoportal-experience.css?v=0.10.49 HTTP/1.1" 200 -
[WebServer] ::ffff:127.0.0.1 - - [03/Sep/2026 16:24:27] "GET /docs/assets/css/geoportal-mobile.css?v=0.10.49 HTTP/1.1" 200 -
[WebServer] ::ffff:127.0.0.1 - - [03/Sep/2026 16:24:27] "GET /docs/assets/js/vendor/leaflet-heat.js HTTP/1.1" 200 -
[WebServer] ::ffff:127.0.0.1 - - [03/Sep/2026 16:24:27] "GET /docs/assets/js/vendor/simple-statistics.min.js HTTP/1.1" 200 -
[WebServer] ::ffff:127.0.0.1 - - [03/Sep/2026 16:24:27] "GET /docs/assets/js/vendor/driver.min.js HTTP/1.1" 200 -
[WebServer] ::ffff:127.0.0.1 - - [03/Sep/2026 16:24:27] "GET /docs/assets/js/vendor/html2canvas.min.js HTTP/1.1" 200 -
[WebServer] ::ffff:127.0.0.1 - - [03/Sep/2026 16:24:27] "GET /docs/assets/js/vendor/jspdf.umd.min.js HTTP/1.1" 200 -
[WebServer] ::ffff:127.0.0.1 - - [03/Sep/2026 16:24:27] "GET /docs/assets/js/geoportal-classification.js?v=0.10.49 HTTP/1.1" 200 -
[WebServer] ::ffff:127.0.0.1 - - [03/Sep/2026 16:24:27] "GET /docs/assets/js/geoportal-registry.js?v=0.10.49 HTTP/1.1" 200 -
[WebServer] ::ffff:127.0.0.1 - - [03/Sep/2026 16:24:27] "GET /docs/assets/js/geoportal-overlay-state.js?v=0.10.49 HTTP/1.1" 200 -
[WebServer] ::ffff:127.0.0.1 - - [03/Sep/2026 16:24:27] "GET /docs/assets/js/geoportal-ant-layer.js?v=0.10.49 HTTP/1.1" 200 -
[WebServer] ::ffff:127.0.0.1 - - [03/Sep/2026 16:24:27] "GET /docs/assets/js/geoportal-experience.js?v=0.10.49 HTTP/1.1" 200 -
[WebServer] ::ffff:127.0.0.1 - - [03/Sep/2026 16:24:27] "GET /docs/assets/js/geoportal-state.js?v=0.10.49 HTTP/1.1" 200 -
[WebServer] ::ffff:127.0.0.1 - - [03/Sep/2026 16:24:27] "GET /docs/assets/js/geoportal-territories.js?v=0.10.49 HTTP/1.1" 200 -
[WebServer] ::ffff:127.0.0.1 - - [03/Sep/2026 16:24:27] "GET /docs/data/cantones_wgs84.geojson HTTP/1.1" 200 -
[WebServer] ::ffff:127.0.0.1 - - [03/Sep/2026 16:24:27] "GET /docs/data/hotspots_cantonales.json HTTP/1.1" 200 -
[WebServer] ::ffff:127.0.0.1 - - [03/Sep/2026 16:24:27] "GET /docs/assets/js/geoportal-panels.js?v=0.10.49 HTTP/1.1" 200 -
[WebServer] ::ffff:127.0.0.1 - - [03/Sep/2026 16:24:27] "GET /docs/assets/js/geoportal-institutional.js?v=0.10.49 HTTP/1.1" 200 -
[WebServer] ::ffff:127.0.0.1 - - [03/Sep/2026 16:24:27] "GET /docs/assets/js/geoportal-tour.js?v=0.10.49 HTTP/1.1" 200 -
[WebServer] ::ffff:127.0.0.1 - - [03/Sep/2026 16:24:27] "GET /docs/assets/js/geoportal-catalogo.js?v=0.10.49 HTTP/1.1" 200 -
[WebServer] ::ffff:127.0.0.1 - - [03/Sep/2026 16:24:27] "GET /docs/assets/js/geoportal-app.js?v=0.10.49 HTTP/1.1" 200 -
[WebServer] ::ffff:127.0.0.1 - - [03/Sep/2026 16:24:27] "GET /docs/assets/img/redsa-isotipo-oficial.png HTTP/1.1" 200 -
[WebServer] ::ffff:127.0.0.1 - - [03/Sep/2026 16:24:27] "GET /docs/assets/img/loader-ecuador-contorno.svg HTTP/1.1" 200 -
[WebServer] ::ffff:127.0.0.1 - - [03/Sep/2026 16:24:27] "GET /docs/assets/img/loader-vias-principales.svg HTTP/1.1" 200 -
[WebServer] ::ffff:127.0.0.1 - - [03/Sep/2026 16:24:27] "GET /docs/data/provincias_wgs84.geojson HTTP/1.1" 200 -
[WebServer] ::ffff:127.0.0.1 - - [03/Sep/2026 16:24:27] "GET /docs/data/cantones_indice.json HTTP/1.1" 200 -
[WebServer] ::ffff:127.0.0.1 - - [03/Sep/2026 16:24:30] "GET /docs/data/cantones_wgs84.geojson HTTP/1.1" 200 -
[WebServer] ::ffff:127.0.0.1 - - [03/Sep/2026 16:24:30] "GET /docs/data/hotspots_cantonales.json HTTP/1.1" 200 -
[WebServer] ::ffff:127.0.0.1 - - [03/Sep/2026 16:24:31] "GET /docs/ HTTP/1.1" 200 -
[WebServer] ::ffff:127.0.0.1 - - [03/Sep/2026 16:24:31] "GET /docs/assets/css/driver.css HTTP/1.1" 200 -
[WebServer] ::ffff:127.0.0.1 - - [03/Sep/2026 16:24:31] "GET /docs/assets/css/geoportal-core.css?v=0.10.49 HTTP/1.1" 200 -
[WebServer] ::ffff:127.0.0.1 - - [03/Sep/2026 16:24:31] "GET /docs/assets/css/geoportal-experience.css?v=0.10.49 HTTP/1.1" 200 -
[WebServer] ::ffff:127.0.0.1 - - [03/Sep/2026 16:24:31] "GET /docs/assets/css/geoportal-mobile.css?v=0.10.49 HTTP/1.1" 200 -
[WebServer] ::ffff:127.0.0.1 - - [03/Sep/2026 16:24:31] "GET /docs/assets/js/vendor/leaflet-heat.js HTTP/1.1" 200 -
[WebServer] ::ffff:127.0.0.1 - - [03/Sep/2026 16:24:31] "GET /docs/assets/js/vendor/simple-statistics.min.js HTTP/1.1" 200 -
[WebServer] ::ffff:127.0.0.1 - - [03/Sep/2026 16:24:31] "GET /docs/assets/js/vendor/driver.min.js HTTP/1.1" 200 -
[WebServer] ::ffff:127.0.0.1 - - [03/Sep/2026 16:24:31] "GET /docs/assets/js/vendor/html2canvas.min.js HTTP/1.1" 200 -
[WebServer] ::ffff:127.0.0.1 - - [03/Sep/2026 16:24:31] "GET /docs/assets/js/vendor/jspdf.umd.min.js HTTP/1.1" 200 -
[WebServer] ::ffff:127.0.0.1 - - [03/Sep/2026 16:24:31] "GET /docs/assets/js/geoportal-classification.js?v=0.10.49 HTTP/1.1" 200 -
[WebServer] ::ffff:127.0.0.1 - - [03/Sep/2026 16:24:31] "GET /docs/assets/js/geoportal-registry.js?v=0.10.49 HTTP/1.1" 200 -
[WebServer] ::ffff:127.0.0.1 - - [03/Sep/2026 16:24:32] "GET /docs/assets/js/geoportal-overlay-state.js?v=0.10.49 HTTP/1.1" 200 -
[WebServer] ::ffff:127.0.0.1 - - [03/Sep/2026 16:24:32] "GET /docs/assets/js/geoportal-ant-layer.js?v=0.10.49 HTTP/1.1" 200 -
[WebServer] ::ffff:127.0.0.1 - - [03/Sep/2026 16:24:32] "GET /docs/assets/js/geoportal-experience.js?v=0.10.49 HTTP/1.1" 200 -
[WebServer] ::ffff:127.0.0.1 - - [03/Sep/2026 16:24:32] "GET /docs/assets/js/geoportal-state.js?v=0.10.49 HTTP/1.1" 200 -
[WebServer] ::ffff:127.0.0.1 - - [03/Sep/2026 16:24:32] "GET /docs/assets/js/geoportal-territories.js?v=0.10.49 HTTP/1.1" 200 -
[WebServer] ::ffff:127.0.0.1 - - [03/Sep/2026 16:24:32] "GET /docs/assets/js/geoportal-panels.js?v=0.10.49 HTTP/1.1" 200 -
[WebServer] ::ffff:127.0.0.1 - - [03/Sep/2026 16:24:32] "GET /docs/assets/js/geoportal-institutional.js?v=0.10.49 HTTP/1.1" 200 -
[WebServer] ::ffff:127.0.0.1 - - [03/Sep/2026 16:24:32] "GET /docs/assets/js/geoportal-tour.js?v=0.10.49 HTTP/1.1" 200 -
[WebServer] ::ffff:127.0.0.1 - - [03/Sep/2026 16:24:32] "GET /docs/assets/js/geoportal-catalogo.js?v=0.10.49 HTTP/1.1" 200 -
[WebServer] ::ffff:127.0.0.1 - - [03/Sep/2026 16:24:32] "GET /docs/assets/js/geoportal-app.js?v=0.10.49 HTTP/1.1" 200 -
[WebServer] ::ffff:127.0.0.1 - - [03/Sep/2026 16:24:32] "GET /docs/assets/img/redsa-isotipo-oficial.png HTTP/1.1" 200 -
[WebServer] ::ffff:127.0.0.1 - - [03/Sep/2026 16:24:32] "GET /docs/assets/img/loader-ecuador-contorno.svg HTTP/1.1" 200 -
[WebServer] ::ffff:127.0.0.1 - - [03/Sep/2026 16:24:32] "GET /docs/assets/img/loader-vias-principales.svg HTTP/1.1" 200 -
[WebServer] ::ffff:127.0.0.1 - - [03/Sep/2026 16:24:32] "GET /docs/data/provincias_wgs84.geojson HTTP/1.1" 200 -
[WebServer] ::ffff:127.0.0.1 - - [03/Sep/2026 16:24:32] "GET /docs/data/cantones_indice.json HTTP/1.1" 200 -
[WebServer] ::ffff:127.0.0.1 - - [03/Sep/2026 16:24:34] "GET /docs/ HTTP/1.1" 200 -
[WebServer] ::ffff:127.0.0.1 - - [03/Sep/2026 16:24:34] "GET /docs/assets/css/driver.css HTTP/1.1" 200 -
[WebServer] ::ffff:127.0.0.1 - - [03/Sep/2026 16:24:34] "GET /docs/assets/css/geoportal-core.css?v=0.10.49 HTTP/1.1" 200 -
[WebServer] ::ffff:127.0.0.1 - - [03/Sep/2026 16:24:34] "GET /docs/assets/css/geoportal-experience.css?v=0.10.49 HTTP/1.1" 200 -
[WebServer] ::ffff:127.0.0.1 - - [03/Sep/2026 16:24:34] "GET /docs/assets/css/geoportal-mobile.css?v=0.10.49 HTTP/1.1" 200 -
[WebServer] ::ffff:127.0.0.1 - - [03/Sep/2026 16:24:34] "GET /docs/assets/js/vendor/leaflet-heat.js HTTP/1.1" 200 -
[WebServer] ::ffff:127.0.0.1 - - [03/Sep/2026 16:24:34] "GET /docs/assets/js/vendor/simple-statistics.min.js HTTP/1.1" 200 -
[WebServer] ::ffff:127.0.0.1 - - [03/Sep/2026 16:24:34] "GET /docs/assets/js/vendor/driver.min.js HTTP/1.1" 200 -
[WebServer] ::ffff:127.0.0.1 - - [03/Sep/2026 16:24:34] "GET /docs/assets/js/vendor/html2canvas.min.js HTTP/1.1" 200 -
[WebServer] ::ffff:127.0.0.1 - - [03/Sep/2026 16:24:34] "GET /docs/assets/js/vendor/jspdf.umd.min.js HTTP/1.1" 200 -
[WebServer] ::ffff:127.0.0.1 - - [03/Sep/2026 16:24:34] "GET /docs/assets/js/geoportal-classification.js?v=0.10.49 HTTP/1.1" 200 -
[WebServer] ::ffff:127.0.0.1 - - [03/Sep/2026 16:24:34] "GET /docs/assets/js/geoportal-registry.js?v=0.10.49 HTTP/1.1" 200 -
[WebServer] ::ffff:127.0.0.1 - - [03/Sep/2026 16:24:34] "GET /docs/assets/js/geoportal-overlay-state.js?v=0.10.49 HTTP/1.1" 200 -
[WebServer] ::ffff:127.0.0.1 - - [03/Sep/2026 16:24:34] "GET /docs/assets/js/geoportal-ant-layer.js?v=0.10.49 HTTP/1.1" 200 -
[WebServer] ::ffff:127.0.0.1 - - [03/Sep/2026 16:24:34] "GET /docs/assets/js/geoportal-experience.js?v=0.10.49 HTTP/1.1" 200 -
[WebServer] ::ffff:127.0.0.1 - - [03/Sep/2026 16:24:34] "GET /docs/assets/js/geoportal-state.js?v=0.10.49 HTTP/1.1" 200 -
[WebServer] ::ffff:127.0.0.1 - - [03/Sep/2026 16:24:34] "GET /docs/assets/js/geoportal-territories.js?v=0.10.49 HTTP/1.1" 200 -
[WebServer] ::ffff:127.0.0.1 - - [03/Sep/2026 16:24:34] "GET /docs/assets/js/geoportal-panels.js?v=0.10.49 HTTP/1.1" 200 -
[WebServer] ::ffff:127.0.0.1 - - [03/Sep/2026 16:24:34] "GET /docs/assets/js/geoportal-institutional.js?v=0.10.49 HTTP/1.1" 200 -
[WebServer] ::ffff:127.0.0.1 - - [03/Sep/2026 16:24:34] "GET /docs/assets/js/geoportal-tour.js?v=0.10.49 HTTP/1.1" 200 -
[WebServer] ::ffff:127.0.0.1 - - [03/Sep/2026 16:24:34] "GET /docs/assets/js/geoportal-catalogo.js?v=0.10.49 HTTP/1.1" 200 -
[WebServer] ::ffff:127.0.0.1 - - [03/Sep/2026 16:24:34] "GET /docs/assets/js/geoportal-app.js?v=0.10.49 HTTP/1.1" 200 -
[WebServer] ::ffff:127.0.0.1 - - [03/Sep/2026 16:24:34] "GET /docs/assets/img/redsa-isotipo-oficial.png HTTP/1.1" 200 -
[WebServer] ::ffff:127.0.0.1 - - [03/Sep/2026 16:24:34] "GET /docs/assets/img/loader-ecuador-contorno.svg HTTP/1.1" 200 -
[WebServer] ::ffff:127.0.0.1 - - [03/Sep/2026 16:24:34] "GET /docs/assets/img/loader-vias-principales.svg HTTP/1.1" 200 -
[WebServer] ::ffff:127.0.0.1 - - [03/Sep/2026 16:24:35] "GET /docs/ HTTP/1.1" 200 -
[WebServer] ::ffff:127.0.0.1 - - [03/Sep/2026 16:24:35] "GET /docs/assets/css/driver.css HTTP/1.1" 200 -
[WebServer] ::ffff:127.0.0.1 - - [03/Sep/2026 16:24:35] "GET /docs/assets/css/geoportal-core.css?v=0.10.49 HTTP/1.1" 200 -
[WebServer] ::ffff:127.0.0.1 - - [03/Sep/2026 16:24:35] "GET /docs/assets/css/geoportal-experience.css?v=0.10.49 HTTP/1.1" 200 -
[WebServer] ::ffff:127.0.0.1 - - [03/Sep/2026 16:24:35] "GET /docs/assets/css/geoportal-mobile.css?v=0.10.49 HTTP/1.1" 200 -
[WebServer] ::ffff:127.0.0.1 - - [03/Sep/2026 16:24:35] "GET /docs/assets/js/vendor/leaflet-heat.js HTTP/1.1" 200 -
[WebServer] ::ffff:127.0.0.1 - - [03/Sep/2026 16:24:35] "GET /docs/data/provincias_wgs84.geojson HTTP/1.1" 200 -
[WebServer] ::ffff:127.0.0.1 - - [03/Sep/2026 16:24:35] "GET /docs/data/cantones_indice.json HTTP/1.1" 200 -
[WebServer] ::ffff:127.0.0.1 - - [03/Sep/2026 16:24:35] "GET /docs/assets/js/vendor/simple-statistics.min.js HTTP/1.1" 200 -
[WebServer] ::ffff:127.0.0.1 - - [03/Sep/2026 16:24:35] "GET /docs/assets/js/vendor/driver.min.js HTTP/1.1" 200 -
[WebServer] ::ffff:127.0.0.1 - - [03/Sep/2026 16:24:35] "GET /docs/assets/js/vendor/html2canvas.min.js HTTP/1.1" 200 -
[WebServer] ::ffff:127.0.0.1 - - [03/Sep/2026 16:24:35] "GET /docs/assets/js/vendor/jspdf.umd.min.js HTTP/1.1" 200 -
[WebServer] ::ffff:127.0.0.1 - - [03/Sep/2026 16:24:35] "GET /docs/assets/js/geoportal-classification.js?v=0.10.49 HTTP/1.1" 200 -
[WebServer] ::ffff:127.0.0.1 - - [03/Sep/2026 16:24:35] "GET /docs/assets/js/geoportal-registry.js?v=0.10.49 HTTP/1.1" 200 -
[WebServer] ::ffff:127.0.0.1 - - [03/Sep/2026 16:24:35] "GET /docs/assets/js/geoportal-overlay-state.js?v=0.10.49 HTTP/1.1" 200 -
[WebServer] ::ffff:127.0.0.1 - - [03/Sep/2026 16:24:35] "GET /docs/assets/js/geoportal-ant-layer.js?v=0.10.49 HTTP/1.1" 200 -
[WebServer] ::ffff:127.0.0.1 - - [03/Sep/2026 16:24:35] "GET /docs/assets/js/geoportal-experience.js?v=0.10.49 HTTP/1.1" 200 -
[WebServer] ::ffff:127.0.0.1 - - [03/Sep/2026 16:24:35] "GET /docs/assets/js/geoportal-state.js?v=0.10.49 HTTP/1.1" 200 -
[WebServer] ::ffff:127.0.0.1 - - [03/Sep/2026 16:24:35] "GET /docs/assets/js/geoportal-territories.js?v=0.10.49 HTTP/1.1" 200 -
[WebServer] ::ffff:127.0.0.1 - - [03/Sep/2026 16:24:35] "GET /docs/assets/js/geoportal-institutional.js?v=0.10.49 HTTP/1.1" 200 -
[WebServer] ::ffff:127.0.0.1 - - [03/Sep/2026 16:24:35] "GET /docs/assets/js/geoportal-panels.js?v=0.10.49 HTTP/1.1" 200 -
[WebServer] ::ffff:127.0.0.1 - - [03/Sep/2026 16:24:35] "GET /docs/assets/js/geoportal-tour.js?v=0.10.49 HTTP/1.1" 200 -
[WebServer] ::ffff:127.0.0.1 - - [03/Sep/2026 16:24:35] "GET /docs/assets/js/geoportal-catalogo.js?v=0.10.49 HTTP/1.1" 200 -
[WebServer] ::ffff:127.0.0.1 - - [03/Sep/2026 16:24:35] "GET /docs/assets/img/redsa-isotipo-oficial.png HTTP/1.1" 200 -
[WebServer] ::ffff:127.0.0.1 - - [03/Sep/2026 16:24:35] "GET /docs/assets/js/geoportal-app.js?v=0.10.49 HTTP/1.1" 200 -
[WebServer] ::ffff:127.0.0.1 - - [03/Sep/2026 16:24:35] "GET /docs/assets/img/loader-ecuador-contorno.svg HTTP/1.1" 200 -
[WebServer] ::ffff:127.0.0.1 - - [03/Sep/2026 16:24:35] "GET /docs/assets/img/loader-vias-principales.svg HTTP/1.1" 200 -
[WebServer] ::ffff:127.0.0.1 - - [03/Sep/2026 16:24:36] "GET /docs/data/provincias_wgs84.geojson HTTP/1.1" 200 -
[WebServer] ::ffff:127.0.0.1 - - [03/Sep/2026 16:24:36] "GET /docs/data/cantones_indice.json HTTP/1.1" 200 -
[WebServer] ::ffff:127.0.0.1 - - [03/Sep/2026 16:24:36] "GET /docs/data/catalogo_metadatos.json HTTP/1.1" 200 -
[WebServer] ::ffff:127.0.0.1 - - [03/Sep/2026 16:24:38] "GET /docs/ HTTP/1.1" 200 -
[WebServer] ::ffff:127.0.0.1 - - [03/Sep/2026 16:24:38] "GET /docs/assets/css/driver.css HTTP/1.1" 200 -
[WebServer] ::ffff:127.0.0.1 - - [03/Sep/2026 16:24:38] "GET /docs/assets/css/geoportal-core.css?v=0.10.49 HTTP/1.1" 200 -
[WebServer] ::ffff:127.0.0.1 - - [03/Sep/2026 16:24:38] "GET /docs/assets/css/geoportal-mobile.css?v=0.10.49 HTTP/1.1" 200 -
[WebServer] ::ffff:127.0.0.1 - - [03/Sep/2026 16:24:38] "GET /docs/assets/js/vendor/leaflet-heat.js HTTP/1.1" 200 -
[WebServer] ::ffff:127.0.0.1 - - [03/Sep/2026 16:24:38] "GET /docs/assets/css/geoportal-experience.css?v=0.10.49 HTTP/1.1" 200 -
[WebServer] ::ffff:127.0.0.1 - - [03/Sep/2026 16:24:38] "GET /docs/assets/js/vendor/simple-statistics.min.js HTTP/1.1" 200 -
[WebServer] ::ffff:127.0.0.1 - - [03/Sep/2026 16:24:38] "GET /docs/assets/js/vendor/driver.min.js HTTP/1.1" 200 -
[WebServer] ::ffff:127.0.0.1 - - [03/Sep/2026 16:24:38] "GET /docs/assets/js/vendor/html2canvas.min.js HTTP/1.1" 200 -
[WebServer] ::ffff:127.0.0.1 - - [03/Sep/2026 16:24:38] "GET /docs/assets/js/vendor/jspdf.umd.min.js HTTP/1.1" 200 -
[WebServer] ::ffff:127.0.0.1 - - [03/Sep/2026 16:24:38] "GET /docs/assets/js/geoportal-classification.js?v=0.10.49 HTTP/1.1" 200 -
[WebServer] ::ffff:127.0.0.1 - - [03/Sep/2026 16:24:38] "GET /docs/assets/js/geoportal-registry.js?v=0.10.49 HTTP/1.1" 200 -
[WebServer] ::ffff:127.0.0.1 - - [03/Sep/2026 16:24:38] "GET /docs/assets/js/geoportal-overlay-state.js?v=0.10.49 HTTP/1.1" 200 -
[WebServer] ::ffff:127.0.0.1 - - [03/Sep/2026 16:24:38] "GET /docs/assets/js/geoportal-ant-layer.js?v=0.10.49 HTTP/1.1" 200 -
[WebServer] ::ffff:127.0.0.1 - - [03/Sep/2026 16:24:38] "GET /docs/assets/js/geoportal-experience.js?v=0.10.49 HTTP/1.1" 200 -
[WebServer] ::ffff:127.0.0.1 - - [03/Sep/2026 16:24:38] "GET /docs/assets/js/geoportal-state.js?v=0.10.49 HTTP/1.1" 200 -
[WebServer] ::ffff:127.0.0.1 - - [03/Sep/2026 16:24:38] "GET /docs/assets/js/geoportal-territories.js?v=0.10.49 HTTP/1.1" 200 -
[WebServer] ::ffff:127.0.0.1 - - [03/Sep/2026 16:24:38] "GET /docs/assets/js/geoportal-panels.js?v=0.10.49 HTTP/1.1" 200 -
[WebServer] ::ffff:127.0.0.1 - - [03/Sep/2026 16:24:38] "GET /docs/assets/js/geoportal-institutional.js?v=0.10.49 HTTP/1.1" 200 -
[WebServer] ::ffff:127.0.0.1 - - [03/Sep/2026 16:24:38] "GET /docs/assets/js/geoportal-tour.js?v=0.10.49 HTTP/1.1" 200 -
[WebServer] ::ffff:127.0.0.1 - - [03/Sep/2026 16:24:38] "GET /docs/assets/js/geoportal-catalogo.js?v=0.10.49 HTTP/1.1" 200 -
[WebServer] ::ffff:127.0.0.1 - - [03/Sep/2026 16:24:38] "GET /docs/assets/js/geoportal-app.js?v=0.10.49 HTTP/1.1" 200 -
[WebServer] ::ffff:127.0.0.1 - - [03/Sep/2026 16:24:38] "GET /docs/assets/img/redsa-isotipo-oficial.png HTTP/1.1" 200 -
[WebServer] ::ffff:127.0.0.1 - - [03/Sep/2026 16:24:38] "GET /docs/assets/img/loader-ecuador-contorno.svg HTTP/1.1" 200 -
[WebServer] ::ffff:127.0.0.1 - - [03/Sep/2026 16:24:38] "GET /docs/assets/img/loader-vias-principales.svg HTTP/1.1" 200 -
[WebServer] ::ffff:127.0.0.1 - - [03/Sep/2026 16:24:39] "GET /docs/data/provincias_wgs84.geojson HTTP/1.1" 200 -
[WebServer] ::ffff:127.0.0.1 - - [03/Sep/2026 16:24:39] "GET /docs/data/cantones_indice.json HTTP/1.1" 200 -
[WebServer] ::ffff:127.0.0.1 - - [03/Sep/2026 16:24:39] "GET /docs/ HTTP/1.1" 200 -
[WebServer] ::ffff:127.0.0.1 - - [03/Sep/2026 16:24:40] "GET /docs/assets/css/driver.css HTTP/1.1" 200 -
[WebServer] ::ffff:127.0.0.1 - - [03/Sep/2026 16:24:40] "GET /docs/assets/css/geoportal-core.css?v=0.10.49 HTTP/1.1" 200 -
[WebServer] ::ffff:127.0.0.1 - - [03/Sep/2026 16:24:40] "GET /docs/assets/css/geoportal-experience.css?v=0.10.49 HTTP/1.1" 200 -
[WebServer] ::ffff:127.0.0.1 - - [03/Sep/2026 16:24:40] "GET /docs/assets/css/geoportal-mobile.css?v=0.10.49 HTTP/1.1" 200 -
[WebServer] ::ffff:127.0.0.1 - - [03/Sep/2026 16:24:40] "GET /docs/assets/js/vendor/leaflet-heat.js HTTP/1.1" 200 -
[WebServer] ::ffff:127.0.0.1 - - [03/Sep/2026 16:24:40] "GET /docs/assets/js/vendor/simple-statistics.min.js HTTP/1.1" 200 -
[WebServer] ::ffff:127.0.0.1 - - [03/Sep/2026 16:24:40] "GET /docs/assets/js/vendor/driver.min.js HTTP/1.1" 200 -
[WebServer] ::ffff:127.0.0.1 - - [03/Sep/2026 16:24:40] "GET /docs/assets/js/vendor/html2canvas.min.js HTTP/1.1" 200 -
[WebServer] ::ffff:127.0.0.1 - - [03/Sep/2026 16:24:40] "GET /docs/assets/js/vendor/jspdf.umd.min.js HTTP/1.1" 200 -
[WebServer] ::ffff:127.0.0.1 - - [03/Sep/2026 16:24:40] "GET /docs/assets/js/geoportal-classification.js?v=0.10.49 HTTP/1.1" 200 -
[WebServer] ::ffff:127.0.0.1 - - [03/Sep/2026 16:24:40] "GET /docs/assets/js/geoportal-registry.js?v=0.10.49 HTTP/1.1" 200 -
[WebServer] ::ffff:127.0.0.1 - - [03/Sep/2026 16:24:40] "GET /docs/assets/js/geoportal-overlay-state.js?v=0.10.49 HTTP/1.1" 200 -
[WebServer] ::ffff:127.0.0.1 - - [03/Sep/2026 16:24:40] "GET /docs/assets/js/geoportal-ant-layer.js?v=0.10.49 HTTP/1.1" 200 -
[WebServer] ::ffff:127.0.0.1 - - [03/Sep/2026 16:24:40] "GET /docs/assets/js/geoportal-experience.js?v=0.10.49 HTTP/1.1" 200 -
[WebServer] ::ffff:127.0.0.1 - - [03/Sep/2026 16:24:40] "GET /docs/assets/js/geoportal-state.js?v=0.10.49 HTTP/1.1" 200 -
[WebServer] ::ffff:127.0.0.1 - - [03/Sep/2026 16:24:40] "GET /docs/assets/js/geoportal-territories.js?v=0.10.49 HTTP/1.1" 200 -
[WebServer] ::ffff:127.0.0.1 - - [03/Sep/2026 16:24:40] "GET /docs/assets/js/geoportal-panels.js?v=0.10.49 HTTP/1.1" 200 -
[WebServer] ::ffff:127.0.0.1 - - [03/Sep/2026 16:24:40] "GET /docs/assets/js/geoportal-institutional.js?v=0.10.49 HTTP/1.1" 200 -
[WebServer] ::ffff:127.0.0.1 - - [03/Sep/2026 16:24:40] "GET /docs/assets/js/geoportal-tour.js?v=0.10.49 HTTP/1.1" 200 -
[WebServer] ::ffff:127.0.0.1 - - [03/Sep/2026 16:24:40] "GET /docs/assets/js/geoportal-catalogo.js?v=0.10.49 HTTP/1.1" 200 -
[WebServer] ::ffff:127.0.0.1 - - [03/Sep/2026 16:24:40] "GET /docs/assets/js/geoportal-app.js?v=0.10.49 HTTP/1.1" 200 -
[WebServer] ::ffff:127.0.0.1 - - [03/Sep/2026 16:24:40] "GET /docs/assets/img/redsa-isotipo-oficial.png HTTP/1.1" 200 -
[WebServer] ::ffff:127.0.0.1 - - [03/Sep/2026 16:24:40] "GET /docs/assets/img/loader-ecuador-contorno.svg HTTP/1.1" 200 -
[WebServer] ::ffff:127.0.0.1 - - [03/Sep/2026 16:24:40] "GET /docs/assets/img/loader-vias-principales.svg HTTP/1.1" 200 -
[WebServer] ::ffff:127.0.0.1 - - [03/Sep/2026 16:24:40] "GET /docs/data/provincias_wgs84.geojson HTTP/1.1" 200 -
[WebServer] ::ffff:127.0.0.1 - - [03/Sep/2026 16:24:40] "GET /docs/data/cantones_indice.json HTTP/1.1" 200 -
[WebServer] ::ffff:127.0.0.1 - - [03/Sep/2026 16:24:42] "GET /docs/data/cantones_wgs84.geojson HTTP/1.1" 200 -
[WebServer] ::ffff:127.0.0.1 - - [03/Sep/2026 16:24:42] "GET /docs/data/hotspots_cantonales.json HTTP/1.1" 200 -
[WebServer] ::ffff:127.0.0.1 - - [03/Sep/2026 16:24:47] "GET /docs/ HTTP/1.1" 200 -
[WebServer] ::ffff:127.0.0.1 - - [03/Sep/2026 16:24:47] "GET /docs/assets/css/driver.css HTTP/1.1" 200 -
[WebServer] ::ffff:127.0.0.1 - - [03/Sep/2026 16:24:47] "GET /docs/assets/css/geoportal-core.css?v=0.10.49 HTTP/1.1" 200 -
[WebServer] ::ffff:127.0.0.1 - - [03/Sep/2026 16:24:47] "GET /docs/assets/css/geoportal-mobile.css?v=0.10.49 HTTP/1.1" 200 -
[WebServer] ::ffff:127.0.0.1 - - [03/Sep/2026 16:24:47] "GET /docs/assets/css/geoportal-experience.css?v=0.10.49 HTTP/1.1" 200 -
[WebServer] ::ffff:127.0.0.1 - - [03/Sep/2026 16:24:47] "GET /docs/assets/js/vendor/leaflet-heat.js HTTP/1.1" 200 -
[WebServer] ::ffff:127.0.0.1 - - [03/Sep/2026 16:24:47] "GET /docs/assets/js/vendor/simple-statistics.min.js HTTP/1.1" 200 -
[WebServer] ::ffff:127.0.0.1 - - [03/Sep/2026 16:24:47] "GET /docs/assets/js/vendor/driver.min.js HTTP/1.1" 200 -
[WebServer] ::ffff:127.0.0.1 - - [03/Sep/2026 16:24:47] "GET /docs/assets/js/vendor/html2canvas.min.js HTTP/1.1" 200 -
[WebServer] ::ffff:127.0.0.1 - - [03/Sep/2026 16:24:47] "GET /docs/assets/js/vendor/jspdf.umd.min.js HTTP/1.1" 200 -
[WebServer] ::ffff:127.0.0.1 - - [03/Sep/2026 16:24:47] "GET /docs/assets/js/geoportal-classification.js?v=0.10.49 HTTP/1.1" 200 -
[WebServer] ::ffff:127.0.0.1 - - [03/Sep/2026 16:24:47] "GET /docs/assets/js/geoportal-registry.js?v=0.10.49 HTTP/1.1" 200 -
[WebServer] ::ffff:127.0.0.1 - - [03/Sep/2026 16:24:47] "GET /docs/assets/js/geoportal-overlay-state.js?v=0.10.49 HTTP/1.1" 200 -
[WebServer] ::ffff:127.0.0.1 - - [03/Sep/2026 16:24:47] "GET /docs/assets/js/geoportal-ant-layer.js?v=0.10.49 HTTP/1.1" 200 -
[WebServer] ::ffff:127.0.0.1 - - [03/Sep/2026 16:24:47] "GET /docs/assets/js/geoportal-experience.js?v=0.10.49 HTTP/1.1" 200 -
[WebServer] ::ffff:127.0.0.1 - - [03/Sep/2026 16:24:47] "GET /docs/assets/js/geoportal-state.js?v=0.10.49 HTTP/1.1" 200 -
[WebServer] ::ffff:127.0.0.1 - - [03/Sep/2026 16:24:47] "GET /docs/assets/js/geoportal-territories.js?v=0.10.49 HTTP/1.1" 200 -
[WebServer] ::ffff:127.0.0.1 - - [03/Sep/2026 16:24:47] "GET /docs/assets/js/geoportal-panels.js?v=0.10.49 HTTP/1.1" 200 -
[WebServer] ::ffff:127.0.0.1 - - [03/Sep/2026 16:24:47] "GET /docs/assets/js/geoportal-institutional.js?v=0.10.49 HTTP/1.1" 200 -
[WebServer] ::ffff:127.0.0.1 - - [03/Sep/2026 16:24:47] "GET /docs/assets/js/geoportal-tour.js?v=0.10.49 HTTP/1.1" 200 -
[WebServer] ::ffff:127.0.0.1 - - [03/Sep/2026 16:24:47] "GET /docs/assets/js/geoportal-catalogo.js?v=0.10.49 HTTP/1.1" 200 -
[WebServer] ::ffff:127.0.0.1 - - [03/Sep/2026 16:24:47] "GET /docs/assets/js/geoportal-app.js?v=0.10.49 HTTP/1.1" 200 -
[WebServer] ::ffff:127.0.0.1 - - [03/Sep/2026 16:24:48] "GET /docs/assets/img/redsa-isotipo-oficial.png HTTP/1.1" 200 -
[WebServer] ::ffff:127.0.0.1 - - [03/Sep/2026 16:24:48] "GET /docs/assets/img/loader-ecuador-contorno.svg HTTP/1.1" 200 -
[WebServer] ::ffff:127.0.0.1 - - [03/Sep/2026 16:24:48] "GET /docs/assets/img/loader-vias-principales.svg HTTP/1.1" 200 -
[WebServer] ::ffff:127.0.0.1 - - [03/Sep/2026 16:24:48] "GET /docs/data/provincias_wgs84.geojson HTTP/1.1" 200 -
[WebServer] ::ffff:127.0.0.1 - - [03/Sep/2026 16:24:48] "GET /docs/data/cantones_indice.json HTTP/1.1" 200 -
[WebServer] ::ffff:127.0.0.1 - - [03/Sep/2026 16:24:49] "GET /docs/data/cantones_wgs84.geojson HTTP/1.1" 200 -
[WebServer] ::ffff:127.0.0.1 - - [03/Sep/2026 16:24:49] "GET /docs/data/hotspots_cantonales.json HTTP/1.1" 200 -
[WebServer] ::ffff:127.0.0.1 - - [03/Sep/2026 16:24:51] "GET /docs/ HTTP/1.1" 200 -
[WebServer] ::ffff:127.0.0.1 - - [03/Sep/2026 16:24:51] "GET /docs/assets/css/driver.css HTTP/1.1" 200 -
[WebServer] ::ffff:127.0.0.1 - - [03/Sep/2026 16:24:51] "GET /docs/assets/css/geoportal-experience.css?v=0.10.49 HTTP/1.1" 200 -
[WebServer] ::ffff:127.0.0.1 - - [03/Sep/2026 16:24:51] "GET /docs/assets/css/geoportal-core.css?v=0.10.49 HTTP/1.1" 200 -
[WebServer] ::ffff:127.0.0.1 - - [03/Sep/2026 16:24:51] "GET /docs/assets/js/vendor/leaflet-heat.js HTTP/1.1" 200 -
[WebServer] ::ffff:127.0.0.1 - - [03/Sep/2026 16:24:51] "GET /docs/assets/css/geoportal-mobile.css?v=0.10.49 HTTP/1.1" 200 -
[WebServer] ::ffff:127.0.0.1 - - [03/Sep/2026 16:24:51] "GET /docs/assets/js/vendor/simple-statistics.min.js HTTP/1.1" 200 -
[WebServer] ::ffff:127.0.0.1 - - [03/Sep/2026 16:24:51] "GET /docs/assets/js/vendor/driver.min.js HTTP/1.1" 200 -
[WebServer] ::ffff:127.0.0.1 - - [03/Sep/2026 16:24:51] "GET /docs/assets/js/vendor/html2canvas.min.js HTTP/1.1" 200 -
[WebServer] ::ffff:127.0.0.1 - - [03/Sep/2026 16:24:51] "GET /docs/assets/js/vendor/jspdf.umd.min.js HTTP/1.1" 200 -
[WebServer] ::ffff:127.0.0.1 - - [03/Sep/2026 16:24:51] "GET /docs/assets/js/geoportal-classification.js?v=0.10.49 HTTP/1.1" 200 -
[WebServer] ::ffff:127.0.0.1 - - [03/Sep/2026 16:24:51] "GET /docs/assets/js/geoportal-registry.js?v=0.10.49 HTTP/1.1" 200 -
[WebServer] ::ffff:127.0.0.1 - - [03/Sep/2026 16:24:51] "GET /docs/assets/js/geoportal-overlay-state.js?v=0.10.49 HTTP/1.1" 200 -
[WebServer] ::ffff:127.0.0.1 - - [03/Sep/2026 16:24:51] "GET /docs/assets/js/geoportal-ant-layer.js?v=0.10.49 HTTP/1.1" 200 -
[WebServer] ::ffff:127.0.0.1 - - [03/Sep/2026 16:24:51] "GET /docs/assets/js/geoportal-experience.js?v=0.10.49 HTTP/1.1" 200 -
[WebServer] ::ffff:127.0.0.1 - - [03/Sep/2026 16:24:51] "GET /docs/assets/js/geoportal-state.js?v=0.10.49 HTTP/1.1" 200 -
[WebServer] ::ffff:127.0.0.1 - - [03/Sep/2026 16:24:51] "GET /docs/assets/js/geoportal-territories.js?v=0.10.49 HTTP/1.1" 200 -
[WebServer] ::ffff:127.0.0.1 - - [03/Sep/2026 16:24:51] "GET /docs/assets/js/geoportal-panels.js?v=0.10.49 HTTP/1.1" 200 -
[WebServer] ::ffff:127.0.0.1 - - [03/Sep/2026 16:24:51] "GET /docs/assets/js/geoportal-institutional.js?v=0.10.49 HTTP/1.1" 200 -
[WebServer] ::ffff:127.0.0.1 - - [03/Sep/2026 16:24:51] "GET /docs/assets/js/geoportal-tour.js?v=0.10.49 HTTP/1.1" 200 -
[WebServer] ::ffff:127.0.0.1 - - [03/Sep/2026 16:24:51] "GET /docs/assets/js/geoportal-catalogo.js?v=0.10.49 HTTP/1.1" 200 -
[WebServer] ::ffff:127.0.0.1 - - [03/Sep/2026 16:24:51] "GET /docs/assets/js/geoportal-app.js?v=0.10.49 HTTP/1.1" 200 -
[WebServer] ::ffff:127.0.0.1 - - [03/Sep/2026 16:24:52] "GET /docs/assets/img/redsa-isotipo-oficial.png HTTP/1.1" 200 -
[WebServer] ::ffff:127.0.0.1 - - [03/Sep/2026 16:24:52] "GET /docs/assets/img/loader-ecuador-contorno.svg HTTP/1.1" 200 -
[WebServer] ::ffff:127.0.0.1 - - [03/Sep/2026 16:24:52] "GET /docs/assets/img/loader-vias-principales.svg HTTP/1.1" 200 -
[WebServer] ::ffff:127.0.0.1 - - [03/Sep/2026 16:24:52] "GET /docs/data/provincias_wgs84.geojson HTTP/1.1" 200 -
[WebServer] ::ffff:127.0.0.1 - - [03/Sep/2026 16:24:52] "GET /docs/data/cantones_indice.json HTTP/1.1" 200 -
[WebServer] ::ffff:127.0.0.1 - - [03/Sep/2026 16:24:53] "GET /docs/data/cantones_wgs84.geojson HTTP/1.1" 200 -
[WebServer] ::ffff:127.0.0.1 - - [03/Sep/2026 16:24:53] "GET /docs/data/hotspots_cantonales.json HTTP/1.1" 200 -
[WebServer] ::ffff:127.0.0.1 - - [03/Sep/2026 16:24:56] "GET /docs/ HTTP/1.1" 200 -
[WebServer] ::ffff:127.0.0.1 - - [03/Sep/2026 16:24:56] "GET /docs/assets/css/driver.css HTTP/1.1" 200 -
[WebServer] ::ffff:127.0.0.1 - - [03/Sep/2026 16:24:56] "GET /docs/assets/css/geoportal-core.css?v=0.10.49 HTTP/1.1" 200 -
[WebServer] ::ffff:127.0.0.1 - - [03/Sep/2026 16:24:56] "GET /docs/assets/css/geoportal-experience.css?v=0.10.49 HTTP/1.1" 200 -
[WebServer] ::ffff:127.0.0.1 - - [03/Sep/2026 16:24:56] "GET /docs/assets/css/geoportal-mobile.css?v=0.10.49 HTTP/1.1" 200 -
[WebServer] ::ffff:127.0.0.1 - - [03/Sep/2026 16:24:56] "GET /docs/assets/js/vendor/leaflet-heat.js HTTP/1.1" 200 -
[WebServer] ::ffff:127.0.0.1 - - [03/Sep/2026 16:24:56] "GET /docs/assets/js/vendor/simple-statistics.min.js HTTP/1.1" 200 -
[WebServer] ::ffff:127.0.0.1 - - [03/Sep/2026 16:24:56] "GET /docs/assets/js/vendor/driver.min.js HTTP/1.1" 200 -
[WebServer] ::ffff:127.0.0.1 - - [03/Sep/2026 16:24:56] "GET /docs/assets/js/vendor/html2canvas.min.js HTTP/1.1" 200 -
[WebServer] ::ffff:127.0.0.1 - - [03/Sep/2026 16:24:56] "GET /docs/assets/js/vendor/jspdf.umd.min.js HTTP/1.1" 200 -
[WebServer] ::ffff:127.0.0.1 - - [03/Sep/2026 16:24:56] "GET /docs/assets/js/geoportal-classification.js?v=0.10.49 HTTP/1.1" 200 -
[WebServer] ::ffff:127.0.0.1 - - [03/Sep/2026 16:24:56] "GET /docs/assets/js/geoportal-registry.js?v=0.10.49 HTTP/1.1" 200 -
[WebServer] ::ffff:127.0.0.1 - - [03/Sep/2026 16:24:56] "GET /docs/assets/js/geoportal-overlay-state.js?v=0.10.49 HTTP/1.1" 200 -
[WebServer] ::ffff:127.0.0.1 - - [03/Sep/2026 16:24:56] "GET /docs/assets/js/geoportal-ant-layer.js?v=0.10.49 HTTP/1.1" 200 -
[WebServer] ::ffff:127.0.0.1 - - [03/Sep/2026 16:24:56] "GET /docs/assets/js/geoportal-experience.js?v=0.10.49 HTTP/1.1" 200 -
[WebServer] ::ffff:127.0.0.1 - - [03/Sep/2026 16:24:56] "GET /docs/assets/js/geoportal-state.js?v=0.10.49 HTTP/1.1" 200 -
[WebServer] ::ffff:127.0.0.1 - - [03/Sep/2026 16:24:56] "GET /docs/assets/js/geoportal-territories.js?v=0.10.49 HTTP/1.1" 200 -
[WebServer] ::ffff:127.0.0.1 - - [03/Sep/2026 16:24:56] "GET /docs/assets/js/geoportal-panels.js?v=0.10.49 HTTP/1.1" 200 -
[WebServer] ::ffff:127.0.0.1 - - [03/Sep/2026 16:24:56] "GET /docs/assets/js/geoportal-institutional.js?v=0.10.49 HTTP/1.1" 200 -
[WebServer] ::ffff:127.0.0.1 - - [03/Sep/2026 16:24:56] "GET /docs/assets/js/geoportal-tour.js?v=0.10.49 HTTP/1.1" 200 -
[WebServer] ::ffff:127.0.0.1 - - [03/Sep/2026 16:24:56] "GET /docs/assets/js/geoportal-catalogo.js?v=0.10.49 HTTP/1.1" 200 -
[WebServer] ::ffff:127.0.0.1 - - [03/Sep/2026 16:24:56] "GET /docs/assets/js/geoportal-app.js?v=0.10.49 HTTP/1.1" 200 -
[WebServer] ::ffff:127.0.0.1 - - [03/Sep/2026 16:24:56] "GET /docs/assets/img/redsa-isotipo-oficial.png HTTP/1.1" 200 -
[WebServer] ::ffff:127.0.0.1 - - [03/Sep/2026 16:24:56] "GET /docs/assets/img/loader-ecuador-contorno.svg HTTP/1.1" 200 -
[WebServer] ::ffff:127.0.0.1 - - [03/Sep/2026 16:24:56] "GET /docs/assets/img/loader-vias-principales.svg HTTP/1.1" 200 -
[WebServer] ::ffff:127.0.0.1 - - [03/Sep/2026 16:24:57] "GET /docs/data/provincias_wgs84.geojson HTTP/1.1" 200 -
[WebServer] ::ffff:127.0.0.1 - - [03/Sep/2026 16:24:57] "GET /docs/data/cantones_indice.json HTTP/1.1" 200 -
[WebServer] ::ffff:127.0.0.1 - - [03/Sep/2026 16:25:03] "GET /docs/ HTTP/1.1" 200 -
[WebServer] ::ffff:127.0.0.1 - - [03/Sep/2026 16:25:03] "GET /docs/assets/css/driver.css HTTP/1.1" 200 -
[WebServer] ::ffff:127.0.0.1 - - [03/Sep/2026 16:25:03] "GET /docs/assets/css/geoportal-core.css?v=0.10.49 HTTP/1.1" 200 -
[WebServer] ::ffff:127.0.0.1 - - [03/Sep/2026 16:25:03] "GET /docs/assets/css/geoportal-experience.css?v=0.10.49 HTTP/1.1" 200 -
[WebServer] ::ffff:127.0.0.1 - - [03/Sep/2026 16:25:03] "GET /docs/assets/css/geoportal-mobile.css?v=0.10.49 HTTP/1.1" 200 -
[WebServer] ::ffff:127.0.0.1 - - [03/Sep/2026 16:25:03] "GET /docs/assets/js/vendor/leaflet-heat.js HTTP/1.1" 200 -
[WebServer] ::ffff:127.0.0.1 - - [03/Sep/2026 16:25:03] "GET /docs/assets/js/vendor/simple-statistics.min.js HTTP/1.1" 200 -
[WebServer] ::ffff:127.0.0.1 - - [03/Sep/2026 16:25:03] "GET /docs/assets/js/vendor/driver.min.js HTTP/1.1" 200 -
[WebServer] ::ffff:127.0.0.1 - - [03/Sep/2026 16:25:03] "GET /docs/assets/js/vendor/html2canvas.min.js HTTP/1.1" 200 -
[WebServer] ::ffff:127.0.0.1 - - [03/Sep/2026 16:25:03] "GET /docs/assets/js/vendor/jspdf.umd.min.js HTTP/1.1" 200 -
[WebServer] ::ffff:127.0.0.1 - - [03/Sep/2026 16:25:03] "GET /docs/assets/js/geoportal-classification.js?v=0.10.49 HTTP/1.1" 200 -
[WebServer] ::ffff:127.0.0.1 - - [03/Sep/2026 16:25:03] "GET /docs/assets/js/geoportal-registry.js?v=0.10.49 HTTP/1.1" 200 -
[WebServer] ::ffff:127.0.0.1 - - [03/Sep/2026 16:25:03] "GET /docs/assets/js/geoportal-overlay-state.js?v=0.10.49 HTTP/1.1" 200 -
[WebServer] ::ffff:127.0.0.1 - - [03/Sep/2026 16:25:03] "GET /docs/assets/js/geoportal-ant-layer.js?v=0.10.49 HTTP/1.1" 200 -
[WebServer] ::ffff:127.0.0.1 - - [03/Sep/2026 16:25:03] "GET /docs/assets/js/geoportal-experience.js?v=0.10.49 HTTP/1.1" 200 -
[WebServer] ::ffff:127.0.0.1 - - [03/Sep/2026 16:25:03] "GET /docs/assets/js/geoportal-state.js?v=0.10.49 HTTP/1.1" 200 -
[WebServer] ::ffff:127.0.0.1 - - [03/Sep/2026 16:25:03] "GET /docs/assets/js/geoportal-territories.js?v=0.10.49 HTTP/1.1" 200 -
[WebServer] ::ffff:127.0.0.1 - - [03/Sep/2026 16:25:03] "GET /docs/assets/js/geoportal-panels.js?v=0.10.49 HTTP/1.1" 200 -
[WebServer] ::ffff:127.0.0.1 - - [03/Sep/2026 16:25:03] "GET /docs/assets/js/geoportal-institutional.js?v=0.10.49 HTTP/1.1" 200 -
[WebServer] ::ffff:127.0.0.1 - - [03/Sep/2026 16:25:03] "GET /docs/assets/js/geoportal-tour.js?v=0.10.49 HTTP/1.1" 200 -
[WebServer] ::ffff:127.0.0.1 - - [03/Sep/2026 16:25:03] "GET /docs/assets/js/geoportal-catalogo.js?v=0.10.49 HTTP/1.1" 200 -
[WebServer] ::ffff:127.0.0.1 - - [03/Sep/2026 16:25:03] "GET /docs/assets/js/geoportal-app.js?v=0.10.49 HTTP/1.1" 200 -
[WebServer] ::ffff:127.0.0.1 - - [03/Sep/2026 16:25:03] "GET /docs/assets/img/redsa-isotipo-oficial.png HTTP/1.1" 200 -
[WebServer] ::ffff:127.0.0.1 - - [03/Sep/2026 16:25:03] "GET /docs/assets/img/loader-ecuador-contorno.svg HTTP/1.1" 200 -
[WebServer] ::ffff:127.0.0.1 - - [03/Sep/2026 16:25:03] "GET /docs/assets/img/loader-vias-principales.svg HTTP/1.1" 200 -
[WebServer] ::ffff:127.0.0.1 - - [03/Sep/2026 16:25:04] "GET /docs/data/provincias_wgs84.geojson HTTP/1.1" 200 -
[WebServer] ::ffff:127.0.0.1 - - [03/Sep/2026 16:25:04] "GET /docs/data/cantones_indice.json HTTP/1.1" 200 -
[WebServer] ::ffff:127.0.0.1 - - [03/Sep/2026 16:25:07] "GET /docs/data/cantones_wgs84.geojson HTTP/1.1" 200 -
[WebServer] ::ffff:127.0.0.1 - - [03/Sep/2026 16:25:07] "GET /docs/data/hotspots_cantonales.json HTTP/1.1" 200 -
[WebServer] ::ffff:127.0.0.1 - - [03/Sep/2026 16:25:09] "GET /docs/ HTTP/1.1" 200 -
[WebServer] ::ffff:127.0.0.1 - - [03/Sep/2026 16:25:09] "GET /docs/assets/css/driver.css HTTP/1.1" 200 -
[WebServer] ::ffff:127.0.0.1 - - [03/Sep/2026 16:25:09] "GET /docs/assets/css/geoportal-core.css?v=0.10.49 HTTP/1.1" 200 -
[WebServer] ::ffff:127.0.0.1 - - [03/Sep/2026 16:25:09] "GET /docs/assets/js/vendor/leaflet-heat.js HTTP/1.1" 200 -
[WebServer] ::ffff:127.0.0.1 - - [03/Sep/2026 16:25:09] "GET /docs/assets/css/geoportal-experience.css?v=0.10.49 HTTP/1.1" 200 -
[WebServer] ::ffff:127.0.0.1 - - [03/Sep/2026 16:25:09] "GET /docs/assets/css/geoportal-mobile.css?v=0.10.49 HTTP/1.1" 200 -
[WebServer] ::ffff:127.0.0.1 - - [03/Sep/2026 16:25:09] "GET /docs/assets/js/vendor/simple-statistics.min.js HTTP/1.1" 200 -
[WebServer] ::ffff:127.0.0.1 - - [03/Sep/2026 16:25:09] "GET /docs/assets/js/vendor/driver.min.js HTTP/1.1" 200 -
[WebServer] ::ffff:127.0.0.1 - - [03/Sep/2026 16:25:09] "GET /docs/assets/js/vendor/html2canvas.min.js HTTP/1.1" 200 -
[WebServer] ::ffff:127.0.0.1 - - [03/Sep/2026 16:25:09] "GET /docs/assets/js/vendor/jspdf.umd.min.js HTTP/1.1" 200 -
[WebServer] ::ffff:127.0.0.1 - - [03/Sep/2026 16:25:10] "GET /docs/assets/js/geoportal-classification.js?v=0.10.49 HTTP/1.1" 200 -
[WebServer] ::ffff:127.0.0.1 - - [03/Sep/2026 16:25:10] "GET /docs/assets/js/geoportal-registry.js?v=0.10.49 HTTP/1.1" 200 -
[WebServer] ::ffff:127.0.0.1 - - [03/Sep/2026 16:25:10] "GET /docs/assets/js/geoportal-overlay-state.js?v=0.10.49 HTTP/1.1" 200 -
[WebServer] ::ffff:127.0.0.1 - - [03/Sep/2026 16:25:10] "GET /docs/assets/js/geoportal-ant-layer.js?v=0.10.49 HTTP/1.1" 200 -
[WebServer] ::ffff:127.0.0.1 - - [03/Sep/2026 16:25:10] "GET /docs/assets/js/geoportal-experience.js?v=0.10.49 HTTP/1.1" 200 -
[WebServer] ::ffff:127.0.0.1 - - [03/Sep/2026 16:25:10] "GET /docs/assets/js/geoportal-state.js?v=0.10.49 HTTP/1.1" 200 -
[WebServer] ::ffff:127.0.0.1 - - [03/Sep/2026 16:25:10] "GET /docs/assets/js/geoportal-territories.js?v=0.10.49 HTTP/1.1" 200 -
[WebServer] ::ffff:127.0.0.1 - - [03/Sep/2026 16:25:10] "GET /docs/assets/js/geoportal-panels.js?v=0.10.49 HTTP/1.1" 200 -
[WebServer] ::ffff:127.0.0.1 - - [03/Sep/2026 16:25:10] "GET /docs/assets/js/geoportal-institutional.js?v=0.10.49 HTTP/1.1" 200 -
[WebServer] ::ffff:127.0.0.1 - - [03/Sep/2026 16:25:10] "GET /docs/assets/js/geoportal-tour.js?v=0.10.49 HTTP/1.1" 200 -
[WebServer] ::ffff:127.0.0.1 - - [03/Sep/2026 16:25:10] "GET /docs/assets/js/geoportal-catalogo.js?v=0.10.49 HTTP/1.1" 200 -
[WebServer] ::ffff:127.0.0.1 - - [03/Sep/2026 16:25:10] "GET /docs/assets/js/geoportal-app.js?v=0.10.49 HTTP/1.1" 200 -
[WebServer] ::ffff:127.0.0.1 - - [03/Sep/2026 16:25:10] "GET /docs/assets/img/redsa-isotipo-oficial.png HTTP/1.1" 200 -
[WebServer] ::ffff:127.0.0.1 - - [03/Sep/2026 16:25:10] "GET /docs/assets/img/loader-ecuador-contorno.svg HTTP/1.1" 200 -
[WebServer] ::ffff:127.0.0.1 - - [03/Sep/2026 16:25:10] "GET /docs/assets/img/loader-vias-principales.svg HTTP/1.1" 200 -
[WebServer] ::ffff:127.0.0.1 - - [03/Sep/2026 16:25:10] "GET /docs/data/provincias_wgs84.geojson HTTP/1.1" 200 -
[WebServer] ::ffff:127.0.0.1 - - [03/Sep/2026 16:25:10] "GET /docs/data/cantones_indice.json HTTP/1.1" 200 -
[WebServer] ::ffff:127.0.0.1 - - [03/Sep/2026 16:25:11] "GET /docs/data/parroquias_wgs84.geojson HTTP/1.1" 200 -
[WebServer] ::ffff:127.0.0.1 - - [03/Sep/2026 16:25:14] "GET /docs/ HTTP/1.1" 200 -
[WebServer] ::ffff:127.0.0.1 - - [03/Sep/2026 16:25:14] "GET /docs/assets/css/driver.css HTTP/1.1" 200 -
[WebServer] ::ffff:127.0.0.1 - - [03/Sep/2026 16:25:14] "GET /docs/assets/css/geoportal-experience.css?v=0.10.49 HTTP/1.1" 200 -
[WebServer] ::ffff:127.0.0.1 - - [03/Sep/2026 16:25:14] "GET /docs/assets/css/geoportal-core.css?v=0.10.49 HTTP/1.1" 200 -
[WebServer] ::ffff:127.0.0.1 - - [03/Sep/2026 16:25:14] "GET /docs/assets/css/geoportal-mobile.css?v=0.10.49 HTTP/1.1" 200 -
[WebServer] ::ffff:127.0.0.1 - - [03/Sep/2026 16:25:14] "GET /docs/assets/js/vendor/leaflet-heat.js HTTP/1.1" 200 -
[WebServer] ::ffff:127.0.0.1 - - [03/Sep/2026 16:25:14] "GET /docs/assets/js/vendor/simple-statistics.min.js HTTP/1.1" 200 -
[WebServer] ::ffff:127.0.0.1 - - [03/Sep/2026 16:25:14] "GET /docs/assets/js/vendor/driver.min.js HTTP/1.1" 200 -
[WebServer] ::ffff:127.0.0.1 - - [03/Sep/2026 16:25:14] "GET /docs/assets/js/vendor/html2canvas.min.js HTTP/1.1" 200 -
[WebServer] ::ffff:127.0.0.1 - - [03/Sep/2026 16:25:14] "GET /docs/assets/js/vendor/jspdf.umd.min.js HTTP/1.1" 200 -
[WebServer] ::ffff:127.0.0.1 - - [03/Sep/2026 16:25:14] "GET /docs/assets/js/geoportal-classification.js?v=0.10.49 HTTP/1.1" 200 -
[WebServer] ::ffff:127.0.0.1 - - [03/Sep/2026 16:25:14] "GET /docs/assets/js/geoportal-registry.js?v=0.10.49 HTTP/1.1" 200 -
[WebServer] ::ffff:127.0.0.1 - - [03/Sep/2026 16:25:14] "GET /docs/assets/js/geoportal-overlay-state.js?v=0.10.49 HTTP/1.1" 200 -
[WebServer] ::ffff:127.0.0.1 - - [03/Sep/2026 16:25:14] "GET /docs/assets/js/geoportal-ant-layer.js?v=0.10.49 HTTP/1.1" 200 -
[WebServer] ::ffff:127.0.0.1 - - [03/Sep/2026 16:25:14] "GET /docs/assets/js/geoportal-experience.js?v=0.10.49 HTTP/1.1" 200 -
[WebServer] ::ffff:127.0.0.1 - - [03/Sep/2026 16:25:14] "GET /docs/assets/js/geoportal-state.js?v=0.10.49 HTTP/1.1" 200 -
[WebServer] ::ffff:127.0.0.1 - - [03/Sep/2026 16:25:14] "GET /docs/assets/js/geoportal-territories.js?v=0.10.49 HTTP/1.1" 200 -
[WebServer] ::ffff:127.0.0.1 - - [03/Sep/2026 16:25:14] "GET /docs/assets/js/geoportal-panels.js?v=0.10.49 HTTP/1.1" 200 -
[WebServer] ::ffff:127.0.0.1 - - [03/Sep/2026 16:25:14] "GET /docs/assets/js/geoportal-institutional.js?v=0.10.49 HTTP/1.1" 200 -
[WebServer] ::ffff:127.0.0.1 - - [03/Sep/2026 16:25:14] "GET /docs/assets/js/geoportal-tour.js?v=0.10.49 HTTP/1.1" 200 -
[WebServer] ::ffff:127.0.0.1 - - [03/Sep/2026 16:25:14] "GET /docs/assets/js/geoportal-catalogo.js?v=0.10.49 HTTP/1.1" 200 -
[WebServer] ::ffff:127.0.0.1 - - [03/Sep/2026 16:25:14] "GET /docs/assets/js/geoportal-app.js?v=0.10.49 HTTP/1.1" 200 -
[WebServer] ::ffff:127.0.0.1 - - [03/Sep/2026 16:25:14] "GET /docs/assets/img/redsa-isotipo-oficial.png HTTP/1.1" 200 -
[WebServer] ::ffff:127.0.0.1 - - [03/Sep/2026 16:25:14] "GET /docs/assets/img/loader-vias-principales.svg HTTP/1.1" 200 -
[WebServer] ::ffff:127.0.0.1 - - [03/Sep/2026 16:25:14] "GET /docs/assets/img/loader-ecuador-contorno.svg HTTP/1.1" 200 -
[WebServer] ::ffff:127.0.0.1 - - [03/Sep/2026 16:25:14] "GET /docs/data/provincias_wgs84.geojson HTTP/1.1" 200 -
[WebServer] ::ffff:127.0.0.1 - - [03/Sep/2026 16:25:14] "GET /docs/data/cantones_indice.json HTTP/1.1" 200 -
[WebServer] ::ffff:127.0.0.1 - - [03/Sep/2026 16:25:15] "GET /docs/data/cantones_wgs84.geojson HTTP/1.1" 200 -
[WebServer] ::ffff:127.0.0.1 - - [03/Sep/2026 16:25:15] "GET /docs/data/hotspots_cantonales.json HTTP/1.1" 200 -
[WebServer] ::ffff:127.0.0.1 - - [03/Sep/2026 16:25:16] "GET /docs/data/parroquias_wgs84.geojson HTTP/1.1" 200 -
[WebServer] ::ffff:127.0.0.1 - - [03/Sep/2026 16:25:17] "GET /docs/ HTTP/1.1" 200 -
[WebServer] ::ffff:127.0.0.1 - - [03/Sep/2026 16:25:17] "GET /docs/assets/css/driver.css HTTP/1.1" 200 -
[WebServer] ::ffff:127.0.0.1 - - [03/Sep/2026 16:25:17] "GET /docs/assets/css/geoportal-core.css?v=0.10.49 HTTP/1.1" 200 -
[WebServer] ::ffff:127.0.0.1 - - [03/Sep/2026 16:25:17] "GET /docs/assets/css/geoportal-experience.css?v=0.10.49 HTTP/1.1" 200 -
[WebServer] ::ffff:127.0.0.1 - - [03/Sep/2026 16:25:17] "GET /docs/assets/css/geoportal-mobile.css?v=0.10.49 HTTP/1.1" 200 -
[WebServer] ::ffff:127.0.0.1 - - [03/Sep/2026 16:25:17] "GET /docs/assets/js/vendor/leaflet-heat.js HTTP/1.1" 200 -
[WebServer] ::ffff:127.0.0.1 - - [03/Sep/2026 16:25:17] "GET /docs/assets/js/vendor/simple-statistics.min.js HTTP/1.1" 200 -
[WebServer] ::ffff:127.0.0.1 - - [03/Sep/2026 16:25:17] "GET /docs/assets/js/vendor/driver.min.js HTTP/1.1" 200 -
[WebServer] ::ffff:127.0.0.1 - - [03/Sep/2026 16:25:17] "GET /docs/assets/js/vendor/html2canvas.min.js HTTP/1.1" 200 -
[WebServer] ::ffff:127.0.0.1 - - [03/Sep/2026 16:25:17] "GET /docs/assets/js/vendor/jspdf.umd.min.js HTTP/1.1" 200 -
[WebServer] ::ffff:127.0.0.1 - - [03/Sep/2026 16:25:17] "GET /docs/assets/js/geoportal-classification.js?v=0.10.49 HTTP/1.1" 200 -
[WebServer] ::ffff:127.0.0.1 - - [03/Sep/2026 16:25:17] "GET /docs/assets/js/geoportal-registry.js?v=0.10.49 HTTP/1.1" 200 -
[WebServer] ::ffff:127.0.0.1 - - [03/Sep/2026 16:25:17] "GET /docs/assets/js/geoportal-overlay-state.js?v=0.10.49 HTTP/1.1" 200 -
[WebServer] ::ffff:127.0.0.1 - - [03/Sep/2026 16:25:17] "GET /docs/assets/js/geoportal-ant-layer.js?v=0.10.49 HTTP/1.1" 200 -
[WebServer] ::ffff:127.0.0.1 - - [03/Sep/2026 16:25:17] "GET /docs/assets/js/geoportal-experience.js?v=0.10.49 HTTP/1.1" 200 -
[WebServer] ::ffff:127.0.0.1 - - [03/Sep/2026 16:25:17] "GET /docs/assets/js/geoportal-state.js?v=0.10.49 HTTP/1.1" 200 -
[WebServer] ::ffff:127.0.0.1 - - [03/Sep/2026 16:25:17] "GET /docs/assets/js/geoportal-territories.js?v=0.10.49 HTTP/1.1" 200 -
[WebServer] ::ffff:127.0.0.1 - - [03/Sep/2026 16:25:17] "GET /docs/assets/js/geoportal-panels.js?v=0.10.49 HTTP/1.1" 200 -
[WebServer] ::ffff:127.0.0.1 - - [03/Sep/2026 16:25:18] "GET /docs/assets/js/geoportal-institutional.js?v=0.10.49 HTTP/1.1" 200 -
[WebServer] ::ffff:127.0.0.1 - - [03/Sep/2026 16:25:18] "GET /docs/assets/js/geoportal-tour.js?v=0.10.49 HTTP/1.1" 200 -
[WebServer] ::ffff:127.0.0.1 - - [03/Sep/2026 16:25:18] "GET /docs/assets/js/geoportal-catalogo.js?v=0.10.49 HTTP/1.1" 200 -
[WebServer] ::ffff:127.0.0.1 - - [03/Sep/2026 16:25:18] "GET /docs/assets/js/geoportal-app.js?v=0.10.49 HTTP/1.1" 200 -
[WebServer] ::ffff:127.0.0.1 - - [03/Sep/2026 16:25:18] "GET /docs/assets/img/redsa-isotipo-oficial.png HTTP/1.1" 200 -
[WebServer] ::ffff:127.0.0.1 - - [03/Sep/2026 16:25:18] "GET /docs/assets/img/loader-ecuador-contorno.svg HTTP/1.1" 200 -
[WebServer] ::ffff:127.0.0.1 - - [03/Sep/2026 16:25:18] "GET /docs/assets/img/loader-vias-principales.svg HTTP/1.1" 200 -
[WebServer] ::ffff:127.0.0.1 - - [03/Sep/2026 16:25:18] "GET /docs/data/cantones_indice.json HTTP/1.1" 200 -
[WebServer] ::ffff:127.0.0.1 - - [03/Sep/2026 16:25:18] "GET /docs/data/provincias_wgs84.geojson HTTP/1.1" 200 -
[WebServer] ::ffff:127.0.0.1 - - [03/Sep/2026 16:25:18] "GET /docs/data/cantones_wgs84.geojson HTTP/1.1" 200 -
[WebServer] ::ffff:127.0.0.1 - - [03/Sep/2026 16:25:18] "GET /docs/data/hotspots_cantonales.json HTTP/1.1" 200 -
[WebServer] ::ffff:127.0.0.1 - - [03/Sep/2026 16:25:19] "GET /docs/data/parroquias_wgs84.geojson HTTP/1.1" 200 -
[WebServer] ::ffff:127.0.0.1 - - [03/Sep/2026 16:25:21] "GET /docs/ HTTP/1.1" 200 -
[WebServer] ::ffff:127.0.0.1 - - [03/Sep/2026 16:25:21] "GET /docs/assets/css/driver.css HTTP/1.1" 200 -
[WebServer] ::ffff:127.0.0.1 - - [03/Sep/2026 16:25:21] "GET /docs/assets/css/geoportal-core.css?v=0.10.49 HTTP/1.1" 200 -
[WebServer] ::ffff:127.0.0.1 - - [03/Sep/2026 16:25:21] "GET /docs/assets/css/geoportal-experience.css?v=0.10.49 HTTP/1.1" 200 -
[WebServer] ::ffff:127.0.0.1 - - [03/Sep/2026 16:25:21] "GET /docs/assets/css/geoportal-mobile.css?v=0.10.49 HTTP/1.1" 200 -
[WebServer] ::ffff:127.0.0.1 - - [03/Sep/2026 16:25:21] "GET /docs/assets/js/vendor/leaflet-heat.js HTTP/1.1" 200 -
[WebServer] ::ffff:127.0.0.1 - - [03/Sep/2026 16:25:21] "GET /docs/assets/js/vendor/simple-statistics.min.js HTTP/1.1" 200 -
[WebServer] ::ffff:127.0.0.1 - - [03/Sep/2026 16:25:21] "GET /docs/assets/js/vendor/driver.min.js HTTP/1.1" 200 -
[WebServer] ::ffff:127.0.0.1 - - [03/Sep/2026 16:25:21] "GET /docs/assets/js/vendor/html2canvas.min.js HTTP/1.1" 200 -
[WebServer] ::ffff:127.0.0.1 - - [03/Sep/2026 16:25:21] "GET /docs/assets/js/vendor/jspdf.umd.min.js HTTP/1.1" 200 -
[WebServer] ::ffff:127.0.0.1 - - [03/Sep/2026 16:25:21] "GET /docs/assets/js/geoportal-classification.js?v=0.10.49 HTTP/1.1" 200 -
[WebServer] ::ffff:127.0.0.1 - - [03/Sep/2026 16:25:21] "GET /docs/assets/js/geoportal-registry.js?v=0.10.49 HTTP/1.1" 200 -
[WebServer] ::ffff:127.0.0.1 - - [03/Sep/2026 16:25:21] "GET /docs/assets/js/geoportal-overlay-state.js?v=0.10.49 HTTP/1.1" 200 -
[WebServer] ::ffff:127.0.0.1 - - [03/Sep/2026 16:25:21] "GET /docs/assets/js/geoportal-ant-layer.js?v=0.10.49 HTTP/1.1" 200 -
[WebServer] ::ffff:127.0.0.1 - - [03/Sep/2026 16:25:21] "GET /docs/assets/js/geoportal-experience.js?v=0.10.49 HTTP/1.1" 200 -
[WebServer] ::ffff:127.0.0.1 - - [03/Sep/2026 16:25:21] "GET /docs/assets/js/geoportal-state.js?v=0.10.49 HTTP/1.1" 200 -
[WebServer] ::ffff:127.0.0.1 - - [03/Sep/2026 16:25:21] "GET /docs/assets/js/geoportal-territories.js?v=0.10.49 HTTP/1.1" 200 -
[WebServer] ::ffff:127.0.0.1 - - [03/Sep/2026 16:25:21] "GET /docs/assets/js/geoportal-panels.js?v=0.10.49 HTTP/1.1" 200 -
[WebServer] ::ffff:127.0.0.1 - - [03/Sep/2026 16:25:21] "GET /docs/assets/js/geoportal-institutional.js?v=0.10.49 HTTP/1.1" 200 -
[WebServer] ::ffff:127.0.0.1 - - [03/Sep/2026 16:25:21] "GET /docs/assets/js/geoportal-tour.js?v=0.10.49 HTTP/1.1" 200 -
[WebServer] ::ffff:127.0.0.1 - - [03/Sep/2026 16:25:21] "GET /docs/assets/js/geoportal-catalogo.js?v=0.10.49 HTTP/1.1" 200 -
[WebServer] ::ffff:127.0.0.1 - - [03/Sep/2026 16:25:21] "GET /docs/assets/js/geoportal-app.js?v=0.10.49 HTTP/1.1" 200 -
[WebServer] ::ffff:127.0.0.1 - - [03/Sep/2026 16:25:21] "GET /docs/assets/img/redsa-isotipo-oficial.png HTTP/1.1" 200 -
[WebServer] ::ffff:127.0.0.1 - - [03/Sep/2026 16:25:21] "GET /docs/assets/img/loader-vias-principales.svg HTTP/1.1" 200 -
[WebServer] ::ffff:127.0.0.1 - - [03/Sep/2026 16:25:21] "GET /docs/assets/img/loader-ecuador-contorno.svg HTTP/1.1" 200 -
[WebServer] ::ffff:127.0.0.1 - - [03/Sep/2026 16:25:21] "GET /docs/data/provincias_wgs84.geojson HTTP/1.1" 200 -
[WebServer] ::ffff:127.0.0.1 - - [03/Sep/2026 16:25:21] "GET /docs/data/cantones_indice.json HTTP/1.1" 200 -
[WebServer] ::ffff:127.0.0.1 - - [03/Sep/2026 16:25:23] "GET /docs/data/parroquias_wgs84.geojson HTTP/1.1" 200 -
[WebServer] ::ffff:127.0.0.1 - - [03/Sep/2026 16:25:25] "GET /docs/data/cantones_wgs84.geojson HTTP/1.1" 200 -
[WebServer] ::ffff:127.0.0.1 - - [03/Sep/2026 16:25:25] "GET /docs/data/hotspots_cantonales.json HTTP/1.1" 200 -
[WebServer] ::ffff:127.0.0.1 - - [03/Sep/2026 16:25:27] "GET /docs/ HTTP/1.1" 200 -
[WebServer] ::ffff:127.0.0.1 - - [03/Sep/2026 16:25:27] "GET /docs/assets/css/driver.css HTTP/1.1" 200 -
[WebServer] ::ffff:127.0.0.1 - - [03/Sep/2026 16:25:27] "GET /docs/assets/css/geoportal-core.css?v=0.10.49 HTTP/1.1" 200 -
[WebServer] ::ffff:127.0.0.1 - - [03/Sep/2026 16:25:27] "GET /docs/assets/css/geoportal-experience.css?v=0.10.49 HTTP/1.1" 200 -
[WebServer] ::ffff:127.0.0.1 - - [03/Sep/2026 16:25:27] "GET /docs/assets/css/geoportal-mobile.css?v=0.10.49 HTTP/1.1" 200 -
[WebServer] ::ffff:127.0.0.1 - - [03/Sep/2026 16:25:27] "GET /docs/assets/js/vendor/leaflet-heat.js HTTP/1.1" 200 -
[WebServer] ::ffff:127.0.0.1 - - [03/Sep/2026 16:25:27] "GET /docs/assets/js/vendor/simple-statistics.min.js HTTP/1.1" 200 -
[WebServer] ::ffff:127.0.0.1 - - [03/Sep/2026 16:25:27] "GET /docs/assets/js/vendor/driver.min.js HTTP/1.1" 200 -
[WebServer] ::ffff:127.0.0.1 - - [03/Sep/2026 16:25:27] "GET /docs/assets/js/vendor/html2canvas.min.js HTTP/1.1" 200 -
[WebServer] ::ffff:127.0.0.1 - - [03/Sep/2026 16:25:27] "GET /docs/assets/js/vendor/jspdf.umd.min.js HTTP/1.1" 200 -
[WebServer] ::ffff:127.0.0.1 - - [03/Sep/2026 16:25:27] "GET /docs/assets/js/geoportal-classification.js?v=0.10.49 HTTP/1.1" 200 -
[WebServer] ::ffff:127.0.0.1 - - [03/Sep/2026 16:25:27] "GET /docs/assets/js/geoportal-registry.js?v=0.10.49 HTTP/1.1" 200 -
[WebServer] ::ffff:127.0.0.1 - - [03/Sep/2026 16:25:27] "GET /docs/assets/js/geoportal-overlay-state.js?v=0.10.49 HTTP/1.1" 200 -
[WebServer] ::ffff:127.0.0.1 - - [03/Sep/2026 16:25:27] "GET /docs/assets/js/geoportal-ant-layer.js?v=0.10.49 HTTP/1.1" 200 -
[WebServer] ::ffff:127.0.0.1 - - [03/Sep/2026 16:25:27] "GET /docs/assets/js/geoportal-experience.js?v=0.10.49 HTTP/1.1" 200 -
[WebServer] ::ffff:127.0.0.1 - - [03/Sep/2026 16:25:27] "GET /docs/assets/js/geoportal-state.js?v=0.10.49 HTTP/1.1" 200 -
[WebServer] ::ffff:127.0.0.1 - - [03/Sep/2026 16:25:27] "GET /docs/assets/js/geoportal-territories.js?v=0.10.49 HTTP/1.1" 200 -
[WebServer] ::ffff:127.0.0.1 - - [03/Sep/2026 16:25:27] "GET /docs/assets/js/geoportal-panels.js?v=0.10.49 HTTP/1.1" 200 -
[WebServer] ::ffff:127.0.0.1 - - [03/Sep/2026 16:25:27] "GET /docs/assets/js/geoportal-institutional.js?v=0.10.49 HTTP/1.1" 200 -
[WebServer] ::ffff:127.0.0.1 - - [03/Sep/2026 16:25:27] "GET /docs/assets/js/geoportal-tour.js?v=0.10.49 HTTP/1.1" 200 -
[WebServer] ::ffff:127.0.0.1 - - [03/Sep/2026 16:25:27] "GET /docs/assets/js/geoportal-catalogo.js?v=0.10.49 HTTP/1.1" 200 -
[WebServer] ::ffff:127.0.0.1 - - [03/Sep/2026 16:25:27] "GET /docs/assets/js/geoportal-app.js?v=0.10.49 HTTP/1.1" 200 -
[WebServer] ::ffff:127.0.0.1 - - [03/Sep/2026 16:25:27] "GET /docs/assets/img/redsa-isotipo-oficial.png HTTP/1.1" 200 -
[WebServer] ::ffff:127.0.0.1 - - [03/Sep/2026 16:25:27] "GET /docs/assets/img/loader-ecuador-contorno.svg HTTP/1.1" 200 -
[WebServer] ::ffff:127.0.0.1 - - [03/Sep/2026 16:25:27] "GET /docs/assets/img/loader-vias-principales.svg HTTP/1.1" 200 -
[WebServer] ::ffff:127.0.0.1 - - [03/Sep/2026 16:25:28] "GET /docs/data/provincias_wgs84.geojson HTTP/1.1" 200 -
[WebServer] ::ffff:127.0.0.1 - - [03/Sep/2026 16:25:28] "GET /docs/data/cantones_indice.json HTTP/1.1" 200 -
